"ID","Description","GeneRatio","BgRatio","RichFactor","FoldEnrichment","zScore","pvalue","p.adjust","qvalue","geneID","Count"
"GO:0009617","response to bacterium","36/168","496/12916",0.0725806451612903,5.58006912442396,11.9407853558467,1.74663978243931e-17,5.34646437404671e-14,3.82054470306198e-14,"ABCA1/AKAP12/CCL20/CD274/CSF2/CXCL5/CXCL6/CYP1A1/FGF19/GBP1/GBP3/GBP5/HERC6/IKZF3/IL1A/IL1B/IL36G/IL6/IL7R/IRAK2/KMO/NFKBIZ/NLRP1/NLRP3/OAS1/OAS3/PGLYRP4/PTAFR/SERPINE1/SOD2/TLR2/TNF/TNFAIP3/TNFRSF1B/TNIP3/TREM1",36
"GO:0051607","defense response to virus","27/168","271/12916",0.0996309963099631,7.65972588297312,12.7192762865047,1.1877912986961e-16,1.81791458265438e-13,1.29906858878447e-13,"APOBEC3G/DDX60/DDX60L/DTX3L/GBP1/GBP3/GBP5/HERC5/IFI16/IFIH1/IFIT1/IFIT3/IL1B/IL6/IRF7/IRF9/MX1/MX2/NLRP1/OAS1/OAS3/PARP9/RTP4/STAT1/TLR2/TNF/TNFAIP3",27
"GO:0009615","response to virus","30/168","357/12916",0.0840336134453782,6.46058423369348,12.0109264454234,2.29209458617835e-16,2.33870050943065e-13,1.67121843862408e-13,"APOBEC3G/CCL5/DDX60/DDX60L/DTX3L/DUOX2/GBP1/GBP3/GBP5/HERC5/IFI16/IFIH1/IFIT1/IFIT3/IL1B/IL6/IRF7/IRF9/MX1/MX2/NLRP1/NLRP3/OAS1/OAS3/PARP9/RTP4/STAT1/TLR2/TNF/TNFAIP3",30
"GO:0071222","cellular response to lipopolysaccharide","22/168","172/12916",0.127906976744186,9.83361018826135,13.3884527879547,5.0675374529216e-16,3.87793303584826e-13,2.77114284925555e-13,"ABCA1/CD274/CSF2/CXCL5/CXCL6/GBP3/GBP5/IL1A/IL1B/IL36G/IL6/IRAK2/KMO/NFKBIZ/NLRP3/PTAFR/SERPINE1/TLR2/TNF/TNFAIP3/TNFRSF1B/TNIP3",22
"GO:0071219","cellular response to molecule of bacterial origin","22/168","183/12916",0.120218579234973,9.24251886546968,12.8914255213556,1.91790536822122e-15,1.17414166642503e-12,8.39033127402885e-13,"ABCA1/CD274/CSF2/CXCL5/CXCL6/GBP3/GBP5/IL1A/IL1B/IL36G/IL6/IRAK2/KMO/NFKBIZ/NLRP3/PTAFR/SERPINE1/TLR2/TNF/TNFAIP3/TNFRSF1B/TNIP3",22
"GO:0071216","cellular response to biotic stimulus","23/168","207/12916",0.111111111111111,8.54232804232804,12.5578623712377,2.41386592605989e-15,1.23147393327822e-12,8.80002349886394e-13,"ABCA1/CD274/CSF2/CXCL5/CXCL6/GBP3/GBP5/IL1A/IL1B/IL36G/IL6/IRAK2/KMO/NFKBIZ/NLRP3/PTAFR/SERPINE1/TLR2/TNF/TNFAIP3/TNFRSF1B/TNIP3/TXNIP",23
"GO:0032496","response to lipopolysaccharide","25/168","270/12916",0.0925925925925926,7.11860670194003,11.6637620235265,9.8822631538831e-15,4.32137250200517e-12,3.08802147876227e-12,"ABCA1/AKAP12/CD274/CSF2/CXCL5/CXCL6/CYP1A1/GBP3/GBP5/IL1A/IL1B/IL36G/IL6/IRAK2/KMO/NFKBIZ/NLRP3/PTAFR/SERPINE1/SOD2/TLR2/TNF/TNFAIP3/TNFRSF1B/TNIP3",25
"GO:0002237","response to molecule of bacterial origin","25/168","285/12916",0.087719298245614,6.74394319131161,11.2562703975616,3.45150044133516e-14,1.32063035636587e-11,9.43712883828219e-12,"ABCA1/AKAP12/CD274/CSF2/CXCL5/CXCL6/CYP1A1/GBP3/GBP5/IL1A/IL1B/IL36G/IL6/IRAK2/KMO/NFKBIZ/NLRP3/PTAFR/SERPINE1/SOD2/TLR2/TNF/TNFAIP3/TNFRSF1B/TNIP3",25
"GO:0019221","cytokine-mediated signaling pathway","28/168","417/12916",0.0671462829736211,5.16227018385292,9.9183968289169,7.05971414539523e-13,2.4010872221172e-10,1.71579953147734e-10,"BIRC3/CCL5/CSF2/CXCL6/DUOX2/EREG/IFIH1/IL1A/IL1B/IL36G/IL6/IL7R/INHBA/IRAK2/IRF7/MX1/NFKBIZ/NLRP3/OAS1/OAS3/PARP14/PARP9/PDGFB/STAT1/TNF/TNFAIP3/TNFRSF1B/TRAF1",28
"GO:0031349","positive regulation of defense response","27/168","441/12916",0.0612244897959184,4.7069970845481,9.09289300388054,1.64007147746547e-11,4.74487883996109e-09,3.39065603928511e-09,"BIRC3/CCL5/CD274/DDX60/EREG/ETS1/GBP1/GBP3/GBP5/IFI16/IFIH1/IL1B/IL6/IRAK2/IRF7/NFKBIZ/NLRP1/NLRP3/OAS1/OAS3/PARP9/RASGRP1/SERPINE1/TLR2/TNF/TNFAIP3/TNIP3",27
"GO:0002831","regulation of response to biotic stimulus","28/168","476/12916",0.0588235294117647,4.52240896358543,8.98905178820615,1.70511817182528e-11,4.74487883996109e-09,3.39065603928511e-09,"APOBEC3G/BIRC3/CCL5/CD274/CXCL6/DDX60/DTX3L/EREG/GBP5/HERC5/IFI16/IFIH1/IL1B/IRAK2/IRF7/NFKBIZ/NLRP1/NLRP3/OAS1/OAS3/PARP14/PARP9/RASGRP1/STAT1/TLR2/TNF/TNFAIP3/TNIP3",28
"GO:2000147","positive regulation of cell motility","26/168","476/12916",0.0546218487394958,4.19937975190076,8.1646937017501,4.91675120256126e-10,1.25418128592e-07,8.96228859554587e-08,"AKAP12/CCBE1/CCL20/CCL5/CSF2/DUOX2/DUOXA2/ETS1/FUT1/GREM1/HBEGF/ICAM1/IL1B/IL6/ITGA2/ITGB3/LAMC2/PDGFB/PLAU/PODXL/SEMA7A/SERPINE1/SOD2/TNF/TNFAIP6/VEGFA",26
"GO:0040017","positive regulation of locomotion","26/168","489/12916",0.0531697341513292,4.08773979939624,7.9908466214097,8.75564646931256e-10,2.06161798788967e-07,1.47321727637502e-07,"AKAP12/CCBE1/CCL20/CCL5/CSF2/DUOX2/DUOXA2/ETS1/FUT1/GREM1/HBEGF/ICAM1/IL1B/IL6/ITGA2/ITGB3/LAMC2/PDGFB/PLAU/PODXL/SEMA7A/SERPINE1/SOD2/TNF/TNFAIP6/VEGFA",26
"GO:0042742","defense response to bacterium","17/168","202/12916",0.0841584158415842,6.47017916077322,8.99532689760697,1.05916451545713e-09,2.31578755843876e-07,1.65484500986459e-07,"CCL20/CXCL6/GBP1/GBP3/GBP5/IL1B/IL6/IL7R/NFKBIZ/NLRP1/OAS1/OAS3/PGLYRP4/SERPINE1/TLR2/TNF/TREM1",17
"GO:0048525","negative regulation of viral process","11/168","69/12916",0.159420289855072,12.2563837129054,10.7622578044013,1.23361547604194e-09,2.51739798144292e-07,1.79891435734397e-07,"APOBEC3G/CCL5/IFI16/IFIH1/IFIT1/MX1/OAS1/OAS3/PTX3/STAT1/TNF",11
"GO:0001906","cell killing","15/168","157/12916",0.0955414012738854,7.34531392174704,9.18280662802913,1.85373976244413e-09,3.54643588302592e-07,2.53425738576243e-07,"C1R/C1S/CCL20/CXCL3/CXCL6/GBP1/GBP3/GBP5/ICAM1/IL7R/PGLYRP4/RAET1L/RASGRP1/TREM1/ULBP1",15
"GO:0050727","regulation of inflammatory response","20/168","310/12916",0.0645161290322581,4.96006144393241,8.10167726253807,3.58393527105114e-09,6.14311515964716e-07,4.38982558219598e-07,"BIRC3/CCL5/DUOXA2/ETS1/GBP1/GBP3/GBP5/IFI16/IL1B/IL6/NFKBIZ/NLRP1/NLRP3/SEMA7A/SERPINE1/TLR2/TNF/TNFAIP3/TNFAIP6/TNFRSF1B",20
"GO:0045089","positive regulation of innate immune response","21/168","343/12916",0.0612244897959184,4.7069970845481,7.98786406238741,3.61241662442499e-09,6.14311515964716e-07,4.38982558219598e-07,"BIRC3/CCL5/CD274/DDX60/EREG/GBP5/IFI16/IFIH1/IRAK2/IRF7/NFKBIZ/NLRP1/NLRP3/OAS1/OAS3/PARP9/RASGRP1/TLR2/TNF/TNFAIP3/TNIP3",21
"GO:0045071","negative regulation of viral genome replication","9/168","46/12916",0.195652173913043,15.0419254658385,10.9520930408926,6.26953092437924e-09,1.01005442944868e-06,7.21777576778951e-07,"APOBEC3G/CCL5/IFI16/IFIH1/IFIT1/MX1/OAS1/OAS3/TNF",9
"GO:0030335","positive regulation of cell migration","24/168","463/12916",0.0518358531317495,3.98518975624807,7.50941771490531,6.88267945148662e-09,1.05339409005003e-06,7.52747784220484e-07,"AKAP12/CCBE1/CCL20/CCL5/CSF2/ETS1/FUT1/GREM1/HBEGF/ICAM1/IL1B/IL6/ITGA2/ITGB3/LAMC2/PDGFB/PLAU/PODXL/SEMA7A/SERPINE1/SOD2/TNF/TNFAIP6/VEGFA",24
"GO:0001819","positive regulation of cytokine production","22/168","397/12916",0.0554156171284635,4.26040542161449,7.5746550356966,9.3325357563166e-09,1.30543988292528e-06,9.32857881572493e-07,"AKAP12/ARRDC4/CCBE1/CD274/CSF2/EREG/GBP5/IFI16/IFIH1/IL1A/IL1B/IL6/IRF7/NLRP1/NLRP3/OAS1/OAS3/SEMA7A/SERPINE1/STAT1/TLR2/TNF",22
"GO:0002833","positive regulation of response to biotic stimulus","21/168","362/12916",0.0580110497237569,4.45994475138122,7.66501847253126,9.38244933824114e-09,1.30543988292528e-06,9.32857881572493e-07,"BIRC3/CCL5/CD274/DDX60/EREG/GBP5/IFI16/IFIH1/IRAK2/IRF7/NFKBIZ/NLRP1/NLRP3/OAS1/OAS3/PARP9/RASGRP1/TLR2/TNF/TNFAIP3/TNIP3",21
"GO:0031640","killing of cells of another organism","10/168","67/12916",0.149253731343284,11.4747690120824,9.86797431162795,1.38782675674555e-08,1.71610682036105e-06,1.22631749951349e-06,"C1R/C1S/CCL20/CXCL3/CXCL6/GBP1/GBP3/GBP5/PGLYRP4/TREM1",10
"GO:0141061","disruption of cell in another organism","10/168","67/12916",0.149253731343284,11.4747690120824,9.86797431162795,1.38782675674555e-08,1.71610682036105e-06,1.22631749951349e-06,"C1R/C1S/CCL20/CXCL3/CXCL6/GBP1/GBP3/GBP5/PGLYRP4/TREM1",10
"GO:0045088","regulation of innate immune response","22/168","406/12916",0.0541871921182266,4.1659629368989,7.44082356959587,1.40159001989632e-08,1.71610682036105e-06,1.22631749951349e-06,"BIRC3/CCL5/CD274/DDX60/EREG/GBP5/IFI16/IFIH1/IRAK2/IRF7/NFKBIZ/NLRP1/NLRP3/OAS1/OAS3/PARP14/PARP9/RASGRP1/TLR2/TNF/TNFAIP3/TNIP3",22
"GO:0050729","positive regulation of inflammatory response","13/168","131/12916",0.099236641221374,7.62940748818611,8.75469085419123,1.47214023615594e-08,1.73316202418206e-06,1.23850502458788e-06,"CCL5/ETS1/GBP1/GBP3/GBP5/IL1B/IL6/NFKBIZ/NLRP1/NLRP3/SERPINE1/TLR2/TNF",13
"GO:0006935","chemotaxis","20/168","346/12916",0.0578034682080925,4.44398568676025,7.45439783761452,2.30837506208403e-08,2.52354859465686e-06,1.80330954098143e-06,"CCL20/CCL5/CXCL3/CXCL5/CXCL6/GREM1/HBEGF/IL1B/IL6/ITGA2/ITGB3/LOX/PDGFB/PLAU/PTAFR/SEMA7A/SERPINE1/TNFAIP6/TREM1/VEGFA",20
"GO:0042330","taxis","20/168","346/12916",0.0578034682080925,4.44398568676025,7.45439783761452,2.30837506208403e-08,2.52354859465686e-06,1.80330954098143e-06,"CCL20/CCL5/CXCL3/CXCL5/CXCL6/GREM1/HBEGF/IL1B/IL6/ITGA2/ITGB3/LOX/PDGFB/PLAU/PTAFR/SEMA7A/SERPINE1/TNFAIP6/TREM1/VEGFA",20
"GO:0141060","disruption of anatomical structure in another organism","10/168","71/12916",0.140845070422535,10.8283031522468,9.53282197184236,2.47103237095667e-08,2.60821727155116e-06,1.86381316401015e-06,"C1R/C1S/CCL20/CXCL3/CXCL6/GBP1/GBP3/GBP5/PGLYRP4/TREM1",10
"GO:0002221","pattern recognition receptor signaling pathway","17/168","267/12916",0.0636704119850187,4.89504191189585,7.38278954096851,6.97138264262183e-08,6.89185330118532e-06,4.92486843304152e-06,"BIRC3/CD274/DDX60/GBP5/IFI16/IFIH1/IRAK2/IRF7/NFKBIZ/NLRP1/NLRP3/OAS1/OAS3/TLR2/TNF/TNFAIP3/TNIP3",17
"GO:0002449","lymphocyte mediated immunity","15/168","205/12916",0.0731707317073171,5.62543554006969,7.6633828529521,6.97966195154344e-08,6.89185330118532e-06,4.92486843304152e-06,"C1R/C1S/CD274/ICAM1/IL1B/IL6/IL7R/IRF7/NFKBIZ/NLRP3/RAET1L/RASGRP1/TNF/TNFRSF1B/ULBP1",15
"GO:0050792","regulation of viral process","12/168","125/12916",0.096,7.38057142857143,8.22892588073189,7.81466507409433e-08,7.47521555993836e-06,5.34173487630527e-06,"APOBEC3G/CCL5/IFI16/IFIH1/IFIT1/LAMP3/MX1/OAS1/OAS3/PTX3/STAT1/TNF",12
"GO:0002443","leukocyte mediated immunity","17/168","275/12916",0.0618181818181818,4.75264069264069,7.22093496565064,1.06916315890247e-07,9.6256130276484e-06,6.87839332569452e-06,"C1R/C1S/CD274/CXCL6/ICAM1/IL1B/IL6/IL7R/IRF7/NFKBIZ/NLRP3/RAET1L/RASGRP1/TNF/TNFRSF1B/TREM1/ULBP1",17
"GO:0002758","innate immune response-activating signaling pathway","17/168","275/12916",0.0618181818181818,4.75264069264069,7.22093496565064,1.06916315890247e-07,9.6256130276484e-06,6.87839332569452e-06,"BIRC3/CD274/DDX60/GBP5/IFI16/IFIH1/IRAK2/IRF7/NFKBIZ/NLRP1/NLRP3/OAS1/OAS3/TLR2/TNF/TNFAIP3/TNIP3",17
"GO:0071347","cellular response to interleukin-1","10/168","83/12916",0.120481927710843,9.2627653471027,8.66924321546925,1.13839108534067e-07,9.95604317779369e-06,7.11451631680576e-06,"AKAP12/CCL5/GBP1/GBP3/IL1B/IL6/IRAK2/KMO/NKX3-1/NLRP3",10
"GO:0045785","positive regulation of cell adhesion","21/168","422/12916",0.0497630331753555,3.82582938388626,6.77535772707229,1.31236670642069e-07,1.11587624676492e-05,7.9739708068485e-06,"ABI3BP/CCL5/CD274/ECM2/ETS1/FUT1/IL1A/IL1B/IL6/IL7R/ITGA2/ITGB3/LIF/NFKBIZ/NLRP3/PDGFB/PODXL/RASGRP1/TNF/VEGFA/VNN1",21
"GO:0140374","antiviral innate immune response","9/168","67/12916",0.134328358208955,10.3272921108742,8.78696979770996,1.92633307467415e-07,1.55999037716992e-05,1.11475782037486e-05,"APOBEC3G/IFIH1/IFIT1/IFIT3/MX1/NLRP1/OAS1/OAS3/TNF",9
"GO:0001525","angiogenesis","22/168","471/12916",0.0467091295116773,3.591042361743,6.5760988878074,1.93661007293227e-07,1.55999037716992e-05,1.11475782037486e-05,"ADM2/BMPER/CCBE1/COL4A1/EREG/ETS1/FAP/FUT1/GREM1/IL1A/IL1B/IL6/ITGB3/NRCAM/PDGFB/SAT1/SERPINE1/STAT1/TNF/TNFAIP2/TNFAIP3/VEGFA",22
"GO:0070371","ERK1 and ERK2 cascade","16/168","254/12916",0.062992125984252,4.84289463817023,7.10076271059202,2.00068960436006e-07,1.57028484075542e-05,1.12211416946294e-05,"AKAP12/BMPER/CCL5/FGF19/GBP1/ICAM1/IL1A/IL1B/INHBA/ITGB3/LIF/PDGFB/RASGRP1/SEMA7A/TNF/VEGFA",16
"GO:0002253","activation of immune response","22/168","473/12916",0.0465116279069767,3.57585825027685,6.551953380504,2.08348022965168e-07,1.59438324574095e-05,1.13933471505689e-05,"BIRC3/C1R/C1S/CD274/DDX60/GBP1/GBP5/IFI16/IFIH1/IL1B/IRAK2/IRF7/NFKBIZ/NLRP1/NLRP3/OAS1/OAS3/THEMIS2/TLR2/TNF/TNFAIP3/TNIP3",22
"GO:0002218","activation of innate immune response","17/168","292/12916",0.0582191780821918,4.47594585779517,6.89678606605914,2.52416436765325e-07,1.85009863057323e-05,1.3220670762328e-05,"BIRC3/CD274/DDX60/GBP5/IFI16/IFIH1/IRAK2/IRF7/NFKBIZ/NLRP1/NLRP3/OAS1/OAS3/TLR2/TNF/TNFAIP3/TNIP3",17
"GO:1903131","mononuclear cell differentiation","21/168","439/12916",0.0478359908883827,3.67767653758542,6.55263692063313,2.53852147938829e-07,1.85009863057323e-05,1.3220670762328e-05,"CSF2/DHRS2/IFI16/IKZF3/IL1A/IL1B/IL6/IL7R/INHBA/IRF7/LIF/NFKBIZ/NLRP3/PRDM1/RASGRP1/RUNX2/TLR2/TNFRSF9/TSPAN2/VEGFA/VNN1",21
"GO:0030198","extracellular matrix organization","16/168","259/12916",0.0617760617760618,4.74940246368818,6.99724968300391,2.60848976865128e-07,1.85688073996315e-05,1.32691352246202e-05,"ABI3BP/COL4A1/ECM2/FAP/GREM1/IL6/ITGA2/ITGB3/LOX/MMP1/MMP10/MMP13/PHLDB2/PTX3/TNF/TNFRSF1B",16
"GO:0043062","extracellular structure organization","16/168","260/12916",0.0615384615384615,4.73113553113553,6.97686443479166,2.74850975264074e-07,1.8742027476544e-05,1.33929170364891e-05,"ABI3BP/COL4A1/ECM2/FAP/GREM1/IL6/ITGA2/ITGB3/LOX/MMP1/MMP10/MMP13/PHLDB2/PTX3/TNF/TNFRSF1B",16
"GO:0070372","regulation of ERK1 and ERK2 cascade","15/168","228/12916",0.0657894736842105,5.05795739348371,7.0967440133826,2.80459527402428e-07,1.8742027476544e-05,1.33929170364891e-05,"AKAP12/BMPER/FGF19/GBP1/ICAM1/IL1A/IL1B/INHBA/ITGB3/LIF/PDGFB/RASGRP1/SEMA7A/TNF/VEGFA",15
"GO:0045229","external encapsulating structure organization","16/168","261/12916",0.0613026819923372,4.71300857507754,6.95658265926832,2.89531777424511e-07,1.8742027476544e-05,1.33929170364891e-05,"ABI3BP/COL4A1/ECM2/FAP/GREM1/IL6/ITGA2/ITGB3/LOX/MMP1/MMP10/MMP13/PHLDB2/PTX3/TNF/TNFRSF1B",16
"GO:0060326","cell chemotaxis","15/168","229/12916",0.0655021834061135,5.03587024329382,7.07385714037118,2.96765802814738e-07,1.8742027476544e-05,1.33929170364891e-05,"CCL20/CCL5/CXCL3/CXCL5/CXCL6/GREM1/HBEGF/IL1B/IL6/LOX/PDGFB/SERPINE1/TNFAIP6/TREM1/VEGFA",15
"GO:0002250","adaptive immune response","18/168","331/12916",0.054380664652568,4.18083728959862,6.72991625035639,3.03024996499956e-07,1.8742027476544e-05,1.33929170364891e-05,"C1R/C1S/CD274/ICAM1/IL1B/IL6/IL7R/IRF7/LAMP3/NFKBIZ/NLRP3/PRDM1/RAET1L/TNF/TNFAIP3/TNFRSF1B/TREM1/ULBP1",18
"GO:0016032","viral process","18/168","331/12916",0.054380664652568,4.18083728959862,6.72991625035639,3.03024996499956e-07,1.8742027476544e-05,1.33929170364891e-05,"APOBEC3G/CCL5/GBP5/ICAM1/IFI16/IFIH1/IFIT1/IRF7/ITGA2/ITGB3/LAMP3/MX1/OAS1/OAS3/PARP9/PTX3/STAT1/TNF",18
"GO:0050900","leukocyte migration","17/168","296/12916",0.0574324324324324,4.4154601029601,6.82411305805795,3.06142232547272e-07,1.8742027476544e-05,1.33929170364891e-05,"CCL20/CCL5/CXCL3/CXCL5/CXCL6/GREM1/ICAM1/IL1B/IL6/ITGA2/ITGB3/PDGFB/SERPINE1/TNF/TNFAIP6/TREM1/VEGFA",17
"GO:0061041","regulation of wound healing","11/168","117/12916",0.094017094017094,7.22812372812373,7.76860360003251,3.42777538738746e-07,2.05733734525353e-05,1.47015836016329e-05,"C1QTNF1/DUOX2/FAP/HBEGF/PDGFB/PHLDB2/PLAT/PLAU/SERPINE1/TNF/TNFAIP3",11
"GO:0045069","regulation of viral genome replication","9/168","72/12916",0.125,9.61011904761905,8.41019517842794,3.62723769589245e-07,2.13518742060131e-05,1.52578945993209e-05,"APOBEC3G/CCL5/IFI16/IFIH1/IFIT1/MX1/OAS1/OAS3/TNF",9
"GO:0002460","adaptive immune response based on somatic recombination of immune receptors built from immunoglobulin superfamily domains","15/168","237/12916",0.0632911392405063,4.86588306208559,6.89542761568775,4.61417965215941e-07,2.66490639910565e-05,1.90432280381078e-05,"C1R/C1S/CD274/ICAM1/IL1B/IL6/IL7R/IRF7/NFKBIZ/NLRP3/RAET1L/TNF/TNFAIP3/TNFRSF1B/ULBP1",15
"GO:0002456","T cell mediated immunity","10/168","97/12916",0.103092783505155,7.92587137947963,7.85984594929529,5.03434789868686e-07,2.85372942923712e-05,2.03925437299635e-05,"CD274/ICAM1/IL1B/IL6/IL7R/NFKBIZ/NLRP3/RAET1L/TNFRSF1B/ULBP1",10
"GO:0006959","humoral immune response","12/168","150/12916",0.08,6.15047619047619,7.28360544765261,5.77827007954925e-07,3.21586994790914e-05,2.29803736369442e-05,"C1R/C1S/CCL20/CCL5/CXCL3/CXCL5/CXCL6/IL1B/IL6/PGLYRP4/TNF/TREM1",12
"GO:0048660","regulation of smooth muscle cell proliferation","11/168","124/12916",0.0887096774193548,6.82008448540707,7.47569759205743,6.17750011881196e-07,3.37666568994347e-05,2.41294083588182e-05,"CCL5/EREG/HBEGF/IL6/ITGA2/ITGB3/PDGFB/SOD2/STAT1/TNF/TNFAIP3",11
"GO:0002544","chronic inflammatory response","5/168","14/12916",0.357142857142857,27.4574829931973,11.3701146373019,6.38736636149386e-07,3.43012779518117e-05,2.45114446891676e-05,"CCL5/NFKBIZ/TNF/TNFAIP3/VNN1",5
"GO:0048008","platelet-derived growth factor receptor signaling pathway","8/168","57/12916",0.140350877192982,10.7903091060986,8.50376112719424,6.66309937729549e-07,3.51650813687957e-05,2.51287123521235e-05,"IL1B/ITGB3/LOX/PDGFB/PLAT/TIPARP/TXNIP/VEGFA",8
"GO:0045765","regulation of angiogenesis","15/168","246/12916",0.0609756097560976,4.68786295005807,6.70401285012884,7.41858203206313e-07,3.84886094917716e-05,2.75036814676667e-05,"ADM2/BMPER/CCBE1/ETS1/FUT1/GREM1/IL1A/IL1B/IL6/ITGB3/SERPINE1/STAT1/TNF/TNFAIP3/VEGFA",15
"GO:0048659","smooth muscle cell proliferation","11/168","127/12916",0.0866141732283465,6.65898012748406,7.35703046355392,7.8569042149143e-07,3.94269046009646e-05,2.81741803541341e-05,"CCL5/EREG/HBEGF/IL6/ITGA2/ITGB3/PDGFB/SOD2/STAT1/TNF/TNFAIP3",11
"GO:0032102","negative regulation of response to external stimulus","17/168","317/12916",0.0536277602523659,4.12295328225928,6.46260927136097,8.00494494992284e-07,3.94269046009646e-05,2.81741803541341e-05,"C1QTNF1/FAP/GREM1/IFI16/NLRP3/OAS1/OAS3/PARP14/PDGFB/PHLDB2/PLAT/PLAU/SERPINE1/TNF/TNFAIP3/TNFAIP6/TNFRSF1B",17
"GO:1903900","regulation of viral life cycle","10/168","102/12916",0.0980392156862745,7.53734827264239,7.60922046175125,8.06392121491754e-07,3.94269046009646e-05,2.81741803541341e-05,"APOBEC3G/CCL5/IFI16/IFIH1/IFIT1/LAMP3/MX1/OAS1/OAS3/TNF",10
"GO:0048661","positive regulation of smooth muscle cell proliferation","9/168","79/12916",0.113924050632911,8.75858951175407,7.94045463244264,8.11465204136154e-07,3.94269046009646e-05,2.81741803541341e-05,"CCL5/EREG/HBEGF/IL6/ITGA2/ITGB3/PDGFB/STAT1/TNF",9
"GO:0031649","heat generation","5/168","15/12916",0.333333333333333,25.6269841269841,10.9553432949396,9.48046796417572e-07,4.48159555642048e-05,3.20251571252661e-05,"ADRB2/ARRDC3/IL1A/IL1B/TNF",5
"GO:1901342","regulation of vasculature development","15/168","251/12916",0.0597609561752988,4.59447922595333,6.60162818346649,9.56856521817282e-07,4.48159555642048e-05,3.20251571252661e-05,"ADM2/BMPER/CCBE1/ETS1/FUT1/GREM1/IL1A/IL1B/IL6/ITGB3/SERPINE1/STAT1/TNF/TNFAIP3/VEGFA",15
"GO:0070555","response to interleukin-1","10/168","104/12916",0.0961538461538462,7.39239926739927,7.51368383162988,9.66302864174295e-07,4.48159555642048e-05,3.20251571252661e-05,"AKAP12/CCL5/GBP1/GBP3/IL1B/IL6/IRAK2/KMO/NKX3-1/NLRP3",10
"GO:0033627","cell adhesion mediated by integrin","8/168","63/12916",0.126984126984127,9.76266061980348,8.0035899709667,1.46163592052603e-06,6.67771276526893e-05,4.77184515766393e-05,"CCL5/ICAM1/ITGA2/ITGB3/LIF/PLAU/PODXL/SERPINE1",8
"GO:0061045","negative regulation of wound healing","8/168","64/12916",0.125,9.61011904761905,7.92673981966129,1.65211463442581e-06,7.43694543526087e-05,5.31438732250283e-05,"C1QTNF1/FAP/PDGFB/PHLDB2/PLAT/PLAU/SERPINE1/TNF",8
"GO:0071346","cellular response to type II interferon","9/168","86/12916",0.104651162790698,8.04568106312292,7.52557513759039,1.67747803616799e-06,7.44168154885537e-05,5.31777171496121e-05,"CCL5/GBP1/GBP3/GBP5/PARP14/PARP9/STAT1/TLR2/TNF",9
"GO:0070661","leukocyte proliferation","15/168","265/12916",0.0566037735849057,4.35175202156334,6.32868103483395,1.88836848612881e-06,8.25756562291469e-05,5.90079656267017e-05,"CCL5/CD274/CSF2/GREM1/IKZF3/IL1A/IL1B/IL6/IL7R/LST1/NFKBIZ/RASGRP1/TNFAIP3/TNFRSF1B/TNFRSF9",15
"GO:0030595","leukocyte chemotaxis","12/168","168/12916",0.0714285714285714,5.49149659863946,6.72675340605993,1.93313886116686e-06,8.33427894934049e-05,5.95561534989582e-05,"CCL5/CXCL3/CXCL5/CXCL6/GREM1/IL1B/IL6/PDGFB/SERPINE1/TNFAIP6/TREM1/VEGFA",12
"GO:0002819","regulation of adaptive immune response","12/168","169/12916",0.0710059171597633,5.45900253592561,6.69819670815783,2.05769066571508e-06,8.74804323299149e-05,6.25128830899992e-05,"CD274/IL1B/IL6/IL7R/IRF7/NFKBIZ/NLRP3/RAET1L/TNF/TNFAIP3/TNFRSF1B/ULBP1",12
"GO:0050865","regulation of cell activation","21/168","500/12916",0.042,3.229,5.83559357434099,2.09660815844481e-06,8.79139393561585e-05,6.28226640699109e-05,"C1QTNF1/CCL5/CD274/IKZF3/IL1A/IL1B/IL6/IL7R/INHBA/LST1/NFKBIZ/NLRP3/PDGFB/PRDM1/RASGRP1/THEMIS2/TNF/TNFAIP3/TNFRSF1B/TNFRSF9/VNN1",21
"GO:0045766","positive regulation of angiogenesis","11/168","141/12916",0.0780141843971631,5.99780479567714,6.84997852692665,2.22068674332133e-06,9.18584070446837e-05,6.56413520998823e-05,"ADM2/BMPER/CCBE1/ETS1/FUT1/GREM1/IL1A/IL1B/ITGB3/SERPINE1/VEGFA",11
"GO:0050673","epithelial cell proliferation","18/168","382/12916",0.0471204188481675,3.6226626776365,5.97324173658468,2.4048540077743e-06,9.81501082372953e-05,7.01373561846316e-05,"BMPER/CCL5/EREG/FAP/FUT1/IL6/ITGB3/KLF9/NFKBIZ/NKX3-1/PDGFB/PRDM1/RUNX2/STAT1/TNF/TNFAIP3/VEGFA/ZEB2",18
"GO:0097529","myeloid leukocyte migration","12/168","172/12916",0.0697674418604651,5.36378737541528,6.61387133994865,2.47496912373267e-06,9.96826379966541e-05,7.12324908464889e-05,"CCL5/CXCL3/CXCL5/CXCL6/GREM1/IL1B/IL6/PDGFB/SERPINE1/TNFAIP6/TREM1/VEGFA",12
"GO:0070374","positive regulation of ERK1 and ERK2 cascade","11/168","143/12916",0.0769230769230769,5.91391941391941,6.78313423027337,2.55004280271781e-06,0.000101372480767782,7.24400402467206e-05,"AKAP12/BMPER/FGF19/ICAM1/IL1B/INHBA/ITGB3/PDGFB/SEMA7A/TNF/VEGFA",11
"GO:0050688","regulation of defense response to virus","7/168","48/12916",0.145833333333333,11.2118055555556,8.13670270122591,2.61262600541323e-06,0.000102528823109871,7.32663541059204e-05,"APOBEC3G/DTX3L/HERC5/IL1B/PARP9/STAT1/TNFAIP3",7
"GO:1904018","positive regulation of vasculature development","11/168","144/12916",0.0763888888888889,5.87285052910053,6.75018537640435,2.73022874887783e-06,0.000105787724054621,7.55951411081696e-05,"ADM2/BMPER/CCBE1/ETS1/FUT1/GREM1/IL1A/IL1B/ITGB3/SERPINE1/VEGFA",11
"GO:0050691","regulation of defense response to virus by host","6/168","32/12916",0.1875,14.4151785714286,8.7222174122183,3.03212828466926e-06,0.000115992055578806,8.28870824782952e-05,"APOBEC3G/DTX3L/IL1B/PARP9/STAT1/TNFAIP3",6
"GO:0002252","immune effector process","20/168","470/12916",0.0425531914893617,3.27152988855117,5.75881735713008,3.06937487810626e-06,0.000115992055578806,8.28870824782952e-05,"C1R/C1S/CD274/CXCL6/DDX60/ICAM1/IL1B/IL6/IL7R/IRF7/NFKBIZ/NLRP3/PTX3/RAET1L/RASGRP1/SEMA7A/TNF/TNFRSF1B/TREM1/ULBP1",20
"GO:0002757","immune response-activating signaling pathway","19/168","431/12916",0.0440835266821346,3.38918351563363,5.79128169538096,3.30816583309972e-06,0.000123103483096285,8.79688570553417e-05,"BIRC3/CD274/DDX60/GBP1/GBP5/IFI16/IFIH1/IRAK2/IRF7/NFKBIZ/NLRP1/NLRP3/OAS1/OAS3/THEMIS2/TLR2/TNF/TNFAIP3/TNIP3",19
"GO:0002703","regulation of leukocyte mediated immunity","12/168","177/12916",0.0677966101694915,5.21226795803067,6.4776245699365,3.33799055765818e-06,0.000123103483096285,8.79688570553417e-05,"CD274/CXCL6/ICAM1/IL1B/IL6/IL7R/NLRP3/RAET1L/RASGRP1/TNF/TNFRSF1B/ULBP1",12
"GO:0002753","cytoplasmic pattern recognition receptor signaling pathway","12/168","181/12916",0.0662983425414365,5.09707971586425,6.37228285988315,4.20932024747558e-06,0.000153389634256223,0.000109611121231256,"BIRC3/DDX60/GBP5/IFI16/IFIH1/IRF7/NLRP1/NLRP3/OAS1/OAS3/TNF/TNFAIP3",12
"GO:1903034","regulation of response to wounding","11/168","151/12916",0.0728476821192053,5.60059918006938,6.52789680720396,4.33533229382402e-06,0.000156122966487004,0.000111564340638592,"C1QTNF1/DUOX2/FAP/HBEGF/PDGFB/PHLDB2/PLAT/PLAU/SERPINE1/TNF/TNFAIP3",11
"GO:0006953","acute-phase response","6/168","34/12916",0.176470588235294,13.5672268907563,8.42302492434999,4.40420115883712e-06,0.000156758834269772,0.000112018727148881,"IL1A/IL1B/IL6/SAA2/SAA4/TNF",6
"GO:0002709","regulation of T cell mediated immunity","8/168","74/12916",0.108108108108108,8.31145431145431,7.24075939212702,5.03827467737714e-06,0.000177266192959212,0.000126673137079125,"CD274/IL1B/IL6/IL7R/NLRP3/RAET1L/TNFRSF1B/ULBP1",8
"GO:0019058","viral life cycle","14/168","252/12916",0.0555555555555556,4.27116402116402,6.02002034579484,5.23763995252463e-06,0.000182186544257703,0.000130189184465863,"APOBEC3G/CCL5/GBP5/ICAM1/IFI16/IFIH1/IFIT1/ITGA2/ITGB3/LAMP3/MX1/OAS1/OAS3/TNF",14
"GO:0032621","interleukin-18 production","4/168","10/12916",0.4,30.752380952381,10.8045507675884,5.45680233460059e-06,0.000183552438969367,0.000131165242930018,"GBP5/NLRP3/TLR2/TNF",4
"GO:0032661","regulation of interleukin-18 production","4/168","10/12916",0.4,30.752380952381,10.8045507675884,5.45680233460059e-06,0.000183552438969367,0.000131165242930018,"GBP5/NLRP3/TLR2/TNF",4
"GO:0032741","positive regulation of interleukin-18 production","4/168","10/12916",0.4,30.752380952381,10.8045507675884,5.45680233460059e-06,0.000183552438969367,0.000131165242930018,"GBP5/NLRP3/TLR2/TNF",4
"GO:0002822","regulation of adaptive immune response based on somatic recombination of immune receptors built from immunoglobulin superfamily domains","11/168","155/12916",0.0709677419354839,5.45606758832565,6.407020048049,5.58177238977314e-06,0.000185715274837995,0.000132710789770579,"CD274/IL1B/IL6/IL7R/NFKBIZ/NLRP3/RAET1L/TNF/TNFAIP3/TNFRSF1B/ULBP1",11
"GO:0019079","viral genome replication","9/168","100/12916",0.09,6.91928571428571,6.821405586065,5.94033581315905e-06,0.00019552008520516,0.000139717236216689,"APOBEC3G/CCL5/IFI16/IFIH1/IFIT1/MX1/OAS1/OAS3/TNF",9
"GO:0002526","acute inflammatory response","8/168","76/12916",0.105263157894737,8.09273182957394,7.11899426098387,6.16596224871698e-06,0.000199050066669094,0.000142239735393792,"IL1A/IL1B/IL6/NLRP3/SAA2/SAA4/TNF/VNN1",8
"GO:0051249","regulation of lymphocyte activation","18/168","409/12916",0.0440097799511002,3.38351379671673,5.62320048718718,6.24017812527862e-06,0.000199050066669094,0.000142239735393792,"CCL5/CD274/IKZF3/IL1A/IL1B/IL6/IL7R/INHBA/LST1/NFKBIZ/NLRP3/PRDM1/RASGRP1/THEMIS2/TNFAIP3/TNFRSF1B/TNFRSF9/VNN1",18
"GO:0032728","positive regulation of interferon-beta production","6/168","36/12916",0.166666666666667,12.8134920634921,8.14802647482334,6.2426678863878e-06,0.000199050066669094,0.000142239735393792,"ARRDC4/IFIH1/IRF7/OAS1/OAS3/TLR2",6
"GO:0002764","immune response-regulating signaling pathway","19/168","452/12916",0.0420353982300885,3.2317214496418,5.54448615723713,6.57822174540274e-06,0.000207586976934822,0.000148340149614182,"BIRC3/CD274/DDX60/GBP1/GBP5/IFI16/IFIH1/IRAK2/IRF7/NFKBIZ/NLRP1/NLRP3/OAS1/OAS3/THEMIS2/TLR2/TNF/TNFAIP3/TNIP3",19
"GO:0002694","regulation of leukocyte activation","19/168","454/12916",0.0418502202643172,3.21748479127334,5.52173451047434,7.00712492694801e-06,0.000218865402054978,0.000156399630485478,"CCL5/CD274/IKZF3/IL1A/IL1B/IL6/IL7R/INHBA/LST1/NFKBIZ/NLRP3/PRDM1/RASGRP1/THEMIS2/TNF/TNFAIP3/TNFRSF1B/TNFRSF9/VNN1",19
"GO:0002697","regulation of immune effector process","15/168","296/12916",0.0506756756756757,3.89599420849421,5.78621658531971,7.31378717631849e-06,0.000226136389360716,0.000161595425331099,"CD274/CXCL6/DDX60/ICAM1/IL1B/IL6/IL7R/NFKBIZ/NLRP3/RAET1L/RASGRP1/SEMA7A/TNF/TNFRSF1B/ULBP1",15
"GO:0042060","wound healing","17/168","376/12916",0.0452127659574468,3.47600050658561,5.59341061331398,8.05411059373835e-06,0.000246536325274331,0.000176173071724087,"C1QTNF1/DUOX2/EREG/FAP/HBEGF/IL1A/IL6/ITGA2/ITGB3/PDGFB/PHLDB2/PLAT/PLAU/SERPINE1/TNF/TNFAIP3/VEGFA",17
"GO:0002706","regulation of lymphocyte mediated immunity","10/168","133/12916",0.075187969924812,5.78052273540995,6.36158937029237,9.04040193414932e-06,0.000273986834855753,0.000195789006974073,"CD274/IL1B/IL6/IL7R/NLRP3/RAET1L/RASGRP1/TNF/TNFRSF1B/ULBP1",10
"GO:0034341","response to type II interferon","9/168","108/12916",0.0833333333333333,6.40674603174603,6.47721043950997,1.11774560351858e-05,0.000335433263957878,0.000239698179990877,"CCL5/GBP1/GBP3/GBP5/PARP14/PARP9/STAT1/TLR2/TNF",9
"GO:0060759","regulation of response to cytokine stimulus","11/168","167/12916",0.0658682634730539,5.06401482748788,6.06814957875094,1.13842484110525e-05,0.000338322178507103,0.000241762577395677,"CCL5/IFIH1/IL6/IRAK2/IRF7/OAS1/OAS3/PARP14/PARP9/TLR2/TNFAIP3",11
"GO:0033628","regulation of cell adhesion mediated by integrin","6/168","40/12916",0.15,11.5321428571429,7.65838281871766,1.1783901993506e-05,0.000346831961558865,0.000247843606705522,"CCL5/ITGB3/LIF/PLAU/PODXL/SERPINE1",6
"GO:0044703","multi-organism reproductive process","11/168","168/12916",0.0654761904761905,5.03387188208617,6.04138527693689,1.20464280610445e-05,0.00035118205995102,0.000250952155497247,"CBS/CYP1A1/DDO/IL1B/ITGA2/ITGB3/LIF/MAFF/PRDM1/STC2/VEGFA",11
"GO:0071360","cellular response to exogenous dsRNA","4/168","12/12916",0.333333333333333,25.6269841269841,9.79761782637148,1.26030134561281e-05,0.000363941737634038,0.00026007012871732,"IFIH1/IFIT1/OAS1/OAS3",4
"GO:1903035","negative regulation of response to wounding","8/168","85/12916",0.0941176470588235,7.23585434173669,6.62149402337217,1.42517324493979e-05,0.000404305369705536,0.000288913687734694,"C1QTNF1/FAP/PDGFB/PHLDB2/PLAT/PLAU/SERPINE1/TNF",8
"GO:0070663","regulation of leukocyte proliferation","12/168","204/12916",0.0588235294117647,4.52240896358543,5.82141737726598,1.42649395387775e-05,0.000404305369705536,0.000288913687734694,"CCL5/CD274/CSF2/GREM1/IKZF3/IL1A/IL1B/IL6/LST1/TNFAIP3/TNFRSF1B/TNFRSF9",12
"GO:0010743","regulation of macrophage derived foam cell differentiation","5/168","25/12916",0.2,15.3761904761905,8.25945396900017,1.5095370059041e-05,0.000423916768355271,0.000302927851112383,"ABCA1/CSF2/IL1B/ITGB3/TNF",5
"GO:0070269","pyroptotic inflammatory response","6/168","42/12916",0.142857142857143,10.9829931972789,7.43891312226896,1.57620781376394e-05,0.000438039998857088,0.000313020209296937,"GBP1/GBP3/GBP5/NLRP1/NLRP3/ZEB2",6
"GO:0044706","multi-multicellular organism process","11/168","173/12916",0.0635838150289017,4.88838425543628,5.91067669395264,1.58844952215409e-05,0.000438039998857088,0.000313020209296937,"CBS/CYP1A1/DDO/IL1B/ITGA2/ITGB3/LIF/MAFF/PRDM1/STC2/VEGFA",11
"GO:0097191","extrinsic apoptotic signaling pathway","12/168","207/12916",0.0579710144927536,4.45686680469289,5.75563106316894,1.65145858167779e-05,0.000451349528438903,0.000322531102699854,"BCL2A1/CSF2/ICAM1/IL1A/IL1B/INHBA/NFKBIZ/SERPINE1/TNF/TNFAIP3/TNFRSF1B/TRAF1",12
"GO:1900748","positive regulation of vascular endothelial growth factor signaling pathway","4/168","13/12916",0.307692307692308,23.6556776556777,9.38175750130915,1.80199199452963e-05,0.000488132521704001,0.000348815963170245,"CCBE1/GREM1/ITGB3/VEGFA",4
"GO:0071621","granulocyte chemotaxis","8/168","88/12916",0.0909090909090909,6.98917748917749,6.47157312406215,1.84167746261829e-05,0.000494506553778474,0.000353370800306631,"CCL5/CXCL3/CXCL5/CXCL6/IL1B/TNFAIP6/TREM1/VEGFA",8
"GO:0002687","positive regulation of leukocyte migration","9/168","115/12916",0.0782608695652174,6.0167701863354,6.2034315851678,1.85949437557519e-05,0.000494948894229188,0.000353686893587666,"CCL20/CCL5/ICAM1/IL6/ITGA2/ITGB3/SERPINE1/TNF/VEGFA",9
"GO:0002685","regulation of leukocyte migration","11/168","177/12916",0.0621468926553672,4.77791229486145,5.80967254412296,1.96791022146876e-05,0.000519290792061714,0.000371081437405816,"CCL20/CCL5/GREM1/ICAM1/IL6/ITGA2/ITGB3/SERPINE1/TNF/TNFAIP6/VEGFA",11
"GO:0043410","positive regulation of MAPK cascade","16/168","362/12916",0.0441988950276243,3.3980531439095,5.3125477332666,1.99364383500259e-05,0.00052158493837119,0.000372720817735976,"ADRB2/AKAP12/BMPER/C1QTNF1/FGF19/ICAM1/IL1B/IL6/INHBA/ITGB3/LIF/PDGFB/RASGRP1/SEMA7A/TNF/VEGFA",16
"GO:0009611","response to wounding","19/168","492/12916",0.0386178861788618,2.96897986837011,5.11180083406142,2.1705227368121e-05,0.000563048313337444,0.000402350245057587,"C1QTNF1/DUOX2/EREG/FAP/HBEGF/IL1A/IL6/ITGA2/ITGB3/NFKBIZ/PDGFB/PHLDB2/PLAT/PLAU/SERPINE1/SOD2/TNF/TNFAIP3/VEGFA",19
"GO:0060055","angiogenesis involved in wound healing","5/168","27/12916",0.185185185185185,14.2372134038801,7.90404964458452,2.24594256545751e-05,0.000577716822929869,0.000412832255729386,"ITGB3/SERPINE1/TNF/TNFAIP3/VEGFA",5
"GO:0032731","positive regulation of interleukin-1 beta production","6/168","45/12916",0.133333333333333,10.2507936507936,7.13608351602437,2.36971509659097e-05,0.000604474825888746,0.000431953330764564,"GBP5/IFI16/IL6/NLRP1/NLRP3/TNF",6
"GO:0097696","cell surface receptor signaling pathway via STAT","9/168","119/12916",0.0756302521008403,5.81452581032413,6.05694644531049,2.44675219415489e-05,0.000618967641843645,0.000442309792036003,"CCL5/CSF2/IL6/IL7R/LIF/PARP14/PARP9/STAT1/TNF",9
"GO:0071356","cellular response to tumor necrosis factor","11/168","182/12916",0.0604395604395604,4.64665096807954,5.68759007406643,2.55079032418984e-05,0.000639997473962714,0.000457337557693399,"AKAP12/BIRC3/CCL5/GBP1/GBP3/NKX3-1/STAT1/TNF/TNFAIP3/TNFRSF1B/TRAF1",11
"GO:0033002","muscle cell proliferation","11/168","183/12916",0.0601092896174863,4.62125943273484,5.66370511642713,2.68376334173586e-05,0.000667885649432412,0.000477266245815971,"CCL5/EREG/HBEGF/IL6/ITGA2/ITGB3/PDGFB/SOD2/STAT1/TNF/TNFAIP3",11
"GO:0150077","regulation of neuroinflammatory response","5/168","28/12916",0.178571428571429,13.7287414965986,7.74020632183238,2.70558054654097e-05,0.000667885649432412,0.000477266245815971,"CCL5/IL1B/IL6/TNF/TNFRSF1B",5
"GO:0014909","smooth muscle cell migration","7/168","68/12916",0.102941176470588,7.91421568627451,6.56236578428815,2.76569763116419e-05,0.000677264035919488,0.00048396797284709,"CCL5/ITGA2/ITGB3/PDGFB/PLAT/PLAU/SERPINE1",7
"GO:0030195","negative regulation of blood coagulation","6/168","47/12916",0.127659574468085,9.81458966565349,6.94959421829522,3.05758245384299e-05,0.000736949597733339,0.000526618842858329,"C1QTNF1/FAP/PDGFB/PLAT/PLAU/SERPINE1",6
"GO:1900047","negative regulation of hemostasis","6/168","47/12916",0.127659574468085,9.81458966565349,6.94959421829522,3.05758245384299e-05,0.000736949597733339,0.000526618842858329,"C1QTNF1/FAP/PDGFB/PLAT/PLAU/SERPINE1",6
"GO:0010742","macrophage derived foam cell differentiation","5/168","29/12916",0.172413793103448,13.2553366174056,7.58453828559713,3.23504274865417e-05,0.000773630144814877,0.000552830496028238,"ABCA1/CSF2/IL1B/ITGB3/TNF",5
"GO:0051917","regulation of fibrinolysis","4/168","15/12916",0.266666666666667,20.5015873015873,8.67530439714006,3.37085192589688e-05,0.000788847965269229,0.000563705040261854,"FAP/PLAT/PLAU/SERPINE1",4
"GO:0150078","positive regulation of neuroinflammatory response","4/168","15/12916",0.266666666666667,20.5015873015873,8.67530439714006,3.37085192589688e-05,0.000788847965269229,0.000563705040261854,"CCL5/IL1B/IL6/TNF",4
"GO:1903706","regulation of hemopoiesis","15/168","337/12916",0.0445103857566766,3.42200084781687,5.17186287256952,3.37599096537958e-05,0.000788847965269229,0.000563705040261854,"ETS1/IKZF3/IL7R/INHBA/IRF7/LIF/LOX/NFKBIZ/NLRP3/PRDM1/RASGRP1/STAT1/TNF/TNFAIP6/VNN1",15
"GO:0070613","regulation of protein processing","6/168","48/12916",0.125,9.61011904761905,6.86048892446104,3.45705671860037e-05,0.000801670501184526,0.000572867931519264,"CCBE1/CHAC1/PLAT/PLAU/RPS6KA2/SERPINE1",6
"GO:0032611","interleukin-1 beta production","7/168","71/12916",0.0985915492957746,7.57981220657277,6.38199467413399,3.67203963876386e-05,0.000838814427929565,0.000599410712439223,"GBP5/IFI16/IL6/NLRP1/NLRP3/TNF/TNFAIP3",7
"GO:0032651","regulation of interleukin-1 beta production","7/168","71/12916",0.0985915492957746,7.57981220657277,6.38199467413399,3.67203963876386e-05,0.000838814427929565,0.000599410712439223,"GBP5/IFI16/IL6/NLRP1/NLRP3/TNF/TNFAIP3",7
"GO:0090077","foam cell differentiation","5/168","30/12916",0.166666666666667,12.8134920634921,7.43636462817972,3.84145055413554e-05,0.000864608834280065,0.000617843208319942,"ABCA1/CSF2/IL1B/ITGB3/TNF",5
"GO:2000352","negative regulation of endothelial cell apoptotic process","5/168","30/12916",0.166666666666667,12.8134920634921,7.43636462817972,3.84145055413554e-05,0.000864608834280065,0.000617843208319942,"FUT1/ICAM1/ITGB3/SERPINE1/TNFAIP3",5
"GO:0050819","negative regulation of coagulation","6/168","49/12916",0.122448979591837,9.41399416909621,6.77395667995534,3.89736756791171e-05,0.000870791396012974,0.000622261222137575,"C1QTNF1/FAP/PDGFB/PLAT/PLAU/SERPINE1",6
"GO:2000351","regulation of endothelial cell apoptotic process","6/168","50/12916",0.12,9.22571428571428,6.68986983671373,4.38154011234272e-05,0.000965840100064248,0.000690182337362578,"FUT1/ICAM1/ITGB3/SERPINE1/TNF/TNFAIP3",6
"GO:0033630","positive regulation of cell adhesion mediated by integrin","4/168","16/12916",0.25,19.2202380952381,8.37143679767964,4.44898575985165e-05,0.000965840100064248,0.000690182337362578,"CCL5/ITGB3/LIF/PODXL",4
"GO:0050665","hydrogen peroxide biosynthetic process","4/168","16/12916",0.25,19.2202380952381,8.37143679767964,4.44898575985165e-05,0.000965840100064248,0.000690182337362578,"CYP1A1/DUOX2/DUOXA2/SOD2",4
"GO:0071359","cellular response to dsRNA","4/168","16/12916",0.25,19.2202380952381,8.37143679767964,4.44898575985165e-05,0.000965840100064248,0.000690182337362578,"IFIH1/IFIT1/OAS1/OAS3",4
"GO:0046651","lymphocyte proliferation","12/168","230/12916",0.0521739130434783,4.0111801242236,5.28955476982212,4.67102117023134e-05,0.0010069011128224,0.000719524239565658,"CCL5/CD274/IKZF3/IL1A/IL1B/IL6/IL7R/LST1/NFKBIZ/RASGRP1/TNFRSF1B/TNFRSF9",12
"GO:0002224","toll-like receptor signaling pathway","7/168","74/12916",0.0945945945945946,7.27252252252252,6.21187310110527,4.80925112052664e-05,0.00102944878880644,0.000735636645451186,"BIRC3/CD274/IRAK2/IRF7/NFKBIZ/TLR2/TNIP3",7
"GO:1903039","positive regulation of leukocyte cell-cell adhesion","12/168","232/12916",0.0517241379310345,3.97660098522167,5.25191048989359,5.08062973226561e-05,0.00107998663961563,0.000771750627459645,"CCL5/CD274/ETS1/IL1A/IL1B/IL6/IL7R/NFKBIZ/NLRP3/RASGRP1/TNF/VNN1",12
"GO:0071706","tumor necrosis factor superfamily cytokine production","9/168","131/12916",0.0687022900763359,5.28189749182116,5.65460621888667,5.23601295004793e-05,0.00109776956439019,0.000784458176654622,"AKAP12/CD274/IFIH1/IL1A/IL6/OAS1/OAS3/TLR2/TNFAIP3",9
"GO:1903555","regulation of tumor necrosis factor superfamily cytokine production","9/168","131/12916",0.0687022900763359,5.28189749182116,5.65460621888667,5.23601295004793e-05,0.00109776956439019,0.000784458176654622,"AKAP12/CD274/IFIH1/IL1A/IL6/OAS1/OAS3/TLR2/TNFAIP3",9
"GO:0034612","response to tumor necrosis factor","11/168","198/12916",0.0555555555555556,4.27116402116402,5.3248370781426,5.52829311450683e-05,0.00115116362064663,0.000822613182380609,"AKAP12/BIRC3/CCL5/GBP1/GBP3/NKX3-1/STAT1/TNF/TNFAIP3/TNFRSF1B/TRAF1",11
"GO:0032481","positive regulation of type I interferon production","7/168","76/12916",0.0921052631578947,7.08114035087719,6.10365713780732,5.71664100241762e-05,0.00118234041272975,0.000844891892106957,"ARRDC4/IFIH1/IRF7/OAS1/OAS3/STAT1/TLR2",7
"GO:0010810","regulation of cell-substrate adhesion","11/168","199/12916",0.0552763819095477,4.24970088537928,5.30344916049331,5.78676738807931e-05,0.0011888117432826,0.000849516258031,"ABI3BP/ECM2/FUT1/GBP1/GREM1/ITGB3/PDGFB/PHLDB2/PLAU/SERPINE1/VEGFA",11
"GO:0032732","positive regulation of interleukin-1 production","6/168","53/12916",0.113207547169811,8.70350404312669,6.45113207762273,6.12953396277759e-05,0.00122506522068918,0.00087542273030558,"GBP5/IFI16/IL6/NLRP1/NLRP3/TNF",6
"GO:1903317","regulation of protein maturation","6/168","53/12916",0.113207547169811,8.70350404312669,6.45113207762273,6.12953396277759e-05,0.00122506522068918,0.00087542273030558,"CCBE1/CHAC1/PLAT/PLAU/RPS6KA2/SERPINE1",6
"GO:0014002","astrocyte development","5/168","33/12916",0.151515151515152,11.6486291486291,7.03109535331341,6.19918716764678e-05,0.00122506522068918,0.00087542273030558,"IL1B/IL6/TNF/TSPAN2/ZEB2",5
"GO:0032602","chemokine production","7/168","77/12916",0.0909090909090909,6.98917748917749,6.05100853430186,6.22025056421283e-05,0.00122506522068918,0.00087542273030558,"CXCL6/IL1B/IL6/OAS1/OAS3/TLR2/TNF",7
"GO:0032642","regulation of chemokine production","7/168","77/12916",0.0909090909090909,6.98917748917749,6.05100853430186,6.22025056421283e-05,0.00122506522068918,0.00087542273030558,"CXCL6/IL1B/IL6/OAS1/OAS3/TLR2/TNF",7
"GO:0022409","positive regulation of cell-cell adhesion","13/168","275/12916",0.0472727272727273,3.63437229437229,5.06913199824313,6.23449364176153e-05,0.00122506522068918,0.00087542273030558,"CCL5/CD274/ETS1/IL1A/IL1B/IL6/IL7R/NFKBIZ/NLRP3/PODXL/RASGRP1/TNF/VNN1",13
"GO:0032943","mononuclear cell proliferation","12/168","237/12916",0.0506329113924051,3.89270644966848,5.15960974938575,6.24339021324769e-05,0.00122506522068918,0.00087542273030558,"CCL5/CD274/IKZF3/IL1A/IL1B/IL6/IL7R/LST1/NFKBIZ/RASGRP1/TNFRSF1B/TNFRSF9",12
"GO:0036293","response to decreased oxygen levels","13/168","276/12916",0.0471014492753623,3.62120427881297,5.05315582664135,6.46967356919283e-05,0.00126138030543307,0.000901373226737024,"CBS/CYP1A1/INHBA/ITGA2/LIF/NKX3-1/PLAT/PLAU/SOD2/STC2/TNF/VEGFA/ZEB2",13
"GO:0030856","regulation of epithelial cell differentiation","9/168","135/12916",0.0666666666666667,5.12539682539682,5.53134842024961,6.62260674268844e-05,0.00128302526831451,0.000916840560380185,"IL1B/LIF/MAFF/SERPINE1/STAT1/TNF/VEGFA/XDH/ZEB2",9
"GO:0031667","response to nutrient levels","17/168","446/12916",0.0381165919282511,2.93043988896007,4.76289825502291,7.08113016226654e-05,0.00136103285233603,0.000972584214705989,"ABCA1/ADRB2/ASNS/CBS/CHAC1/CYP1A1/FUT1/IFI16/INHBA/ITGA2/MAF/NFKBIZ/SOD2/STAT1/STC2/TNF/ZEB2",17
"GO:0045429","positive regulation of nitric oxide biosynthetic process","5/168","34/12916",0.147058823529412,11.3060224089636,6.90748121094722,7.19207803864042e-05,0.00136103285233603,0.000972584214705989,"IL1B/PTX3/SOD2/STAT1/TNF",5
"GO:0002573","myeloid leukocyte differentiation","11/168","204/12916",0.053921568627451,4.14554154995331,5.1985758692742,7.24075602493664e-05,0.00136103285233603,0.000972584214705989,"CSF2/DHRS2/IFI16/INHBA/IRF7/LIF/TLR2/TNF/TNFAIP6/TSPAN2/VEGFA",11
"GO:0010955","negative regulation of protein processing","4/168","18/12916",0.222222222222222,17.0846560846561,7.83912634998064,7.32961705270324e-05,0.00136103285233603,0.000972584214705989,"CHAC1/PLAT/PLAU/SERPINE1",4
"GO:0048143","astrocyte activation","4/168","18/12916",0.222222222222222,17.0846560846561,7.83912634998064,7.32961705270324e-05,0.00136103285233603,0.000972584214705989,"IL1B/IL6/TNF/ZEB2",4
"GO:0032755","positive regulation of interleukin-6 production","7/168","79/12916",0.0886075949367089,6.81223628691983,5.94847793911573,7.33650508446409e-05,0.00136103285233603,0.000972584214705989,"EREG/IFIH1/IL1A/IL1B/IL6/TLR2/TNF",7
"GO:0033273","response to vitamin","7/168","79/12916",0.0886075949367089,6.81223628691983,5.94847793911573,7.33650508446409e-05,0.00136103285233603,0.000972584214705989,"ABCA1/CBS/CYP1A1/ITGA2/NFKBIZ/SOD2/STC2",7
"GO:0032608","interferon-beta production","6/168","55/12916",0.109090909090909,8.38701298701299,6.30222141193846,7.57583642220186e-05,0.00138033543383095,0.000986377699582423,"ARRDC4/IFIH1/IRF7/OAS1/OAS3/TLR2",6
"GO:0032648","regulation of interferon-beta production","6/168","55/12916",0.109090909090909,8.38701298701299,6.30222141193846,7.57583642220186e-05,0.00138033543383095,0.000986377699582423,"ARRDC4/IFIH1/IRF7/OAS1/OAS3/TLR2",6
"GO:0072577","endothelial cell apoptotic process","6/168","55/12916",0.109090909090909,8.38701298701299,6.30222141193846,7.57583642220186e-05,0.00138033543383095,0.000986377699582423,"FUT1/ICAM1/ITGB3/SERPINE1/TNF/TNFAIP3",6
"GO:0014812","muscle cell migration","7/168","80/12916",0.0875,6.72708333333333,5.89853907110683,7.95302915625103e-05,0.00143201307336967,0.00102330616635849,"CCL5/ITGA2/ITGB3/PDGFB/PLAT/PLAU/SERPINE1",7
"GO:0034340","response to type I interferon","7/168","80/12916",0.0875,6.72708333333333,5.89853907110683,7.95302915625103e-05,0.00143201307336967,0.00102330616635849,"IFIH1/IFIT1/IRF7/MX1/OAS1/OAS3/STAT1",7
"GO:0097530","granulocyte migration","8/168","108/12916",0.0740740740740741,5.69488536155203,5.62441074494615,8.09509426312258e-05,0.00144906921283147,0.00103549436003501,"CCL5/CXCL3/CXCL5/CXCL6/IL1B/TNFAIP6/TREM1/VEGFA",8
"GO:0002548","monocyte chemotaxis","5/168","35/12916",0.142857142857143,10.9829931972789,6.78892210922234,8.30311588368961e-05,0.00146970480326044,0.0010502404034372,"CCL5/GREM1/IL6/PDGFB/SERPINE1",5
"GO:0007584","response to nutrient","9/168","139/12916",0.0647482014388489,4.97790339157246,5.41287506188643,8.30640088089044e-05,0.00146970480326044,0.0010502404034372,"ABCA1/CBS/CYP1A1/ITGA2/MAF/NFKBIZ/SOD2/STAT1/STC2",9
"GO:0032722","positive regulation of chemokine production","6/168","56/12916",0.107142857142857,8.23724489795918,6.23056766227254,8.39444378424987e-05,0.00147674669101085,0.00105527248540056,"IL1B/IL6/OAS1/OAS3/TLR2/TNF",6
"GO:0022407","regulation of cell-cell adhesion","16/168","410/12916",0.0390243902439024,3.00023228803717,4.72491465485428,8.86671807322084e-05,0.00155091565840737,0.00110827309209942,"B4GALNT2/C1QTNF1/CCL5/CD274/ETS1/IL1A/IL1B/IL6/IL7R/NFKBIZ/NLRP3/PODXL/RASGRP1/TNF/VEGFA/VNN1",16
"GO:0061042","vascular wound healing","4/168","19/12916",0.210526315789474,16.1854636591479,7.60398630618129,9.19033333056561e-05,0.00158935651552889,0.0011357426500693,"SERPINE1/TNF/TNFAIP3/VEGFA",4
"GO:0072202","cell differentiation involved in metanephros development","4/168","19/12916",0.210526315789474,16.1854636591479,7.60398630618129,9.19033333056561e-05,0.00158935651552889,0.0011357426500693,"GREM1/LIF/PDGFB/STAT1",4
"GO:0032760","positive regulation of tumor necrosis factor production","7/168","82/12916",0.0853658536585366,6.5630081300813,5.80118108242958,9.31307023867516e-05,0.00160153415733622,0.00114444470466984,"AKAP12/IFIH1/IL1A/IL6/OAS1/OAS3/TLR2",7
"GO:0030099","myeloid cell differentiation","15/168","369/12916",0.040650406504065,3.12524196670538,4.75480199270388,9.44466387302481e-05,0.00161509028577257,0.00115413181582744,"CSF2/DHRS2/ETS1/IFI16/INHBA/IRF7/LIF/LOX/MAF/STAT1/TLR2/TNF/TNFAIP6/TSPAN2/VEGFA",15
"GO:1904407","positive regulation of nitric oxide metabolic process","5/168","36/12916",0.138888888888889,10.6779100529101,6.67506838014164,9.54163993127846e-05,0.00162260887942463,0.00115950454837407,"IL1B/PTX3/SOD2/STAT1/TNF",5
"GO:0061844","antimicrobial humoral immune response mediated by antimicrobial peptide","6/168","58/12916",0.103448275862069,7.95320197044335,6.09246368731502,0.000102426072891057,0.00173218900066037,0.00123780970902947,"CCL20/CCL5/CXCL3/CXCL5/CXCL6/PGLYRP4",6
"GO:2001236","regulation of extrinsic apoptotic signaling pathway","9/168","143/12916",0.0629370629370629,4.83866133866134,5.29885676410235,0.000103363211600347,0.00173843291598166,0.00124227156567682,"CSF2/ICAM1/IL1A/IL1B/INHBA/SERPINE1/TNF/TNFAIP3/TRAF1",9
"GO:0010573","vascular endothelial growth factor production","5/168","37/12916",0.135135135135135,10.3893178893179,6.56560350325296,0.000109173463833232,0.00182612006990996,0.00130493217052318,"CCBE1/IL1A/IL1B/IL6/TNF",5
"GO:0030225","macrophage differentiation","6/168","59/12916",0.101694915254237,7.81840193704601,6.02586782546331,0.000112806109919231,0.0018766277307759,0.00134102457901694,"CSF2/INHBA/LIF/TLR2/TSPAN2/VEGFA",6
"GO:1903318","negative regulation of protein maturation","4/168","20/12916",0.2,15.3761904761905,7.38604794756212,0.000113718363300733,0.00188157789223537,0.00134456192852872,"CHAC1/PLAT/PLAU/SERPINE1",4
"GO:0032612","interleukin-1 production","7/168","85/12916",0.0823529411764706,6.33137254901961,5.66107698081226,0.000117032594609712,0.00190551474521452,0.00136166703022946,"GBP5/IFI16/IL6/NLRP1/NLRP3/TNF/TNFAIP3",7
"GO:0032652","regulation of interleukin-1 production","7/168","85/12916",0.0823529411764706,6.33137254901961,5.66107698081226,0.000117032594609712,0.00190551474521452,0.00136166703022946,"GBP5/IFI16/IL6/NLRP1/NLRP3/TNF/TNFAIP3",7
"GO:1903557","positive regulation of tumor necrosis factor superfamily cytokine production","7/168","85/12916",0.0823529411764706,6.33137254901961,5.66107698081226,0.000117032594609712,0.00190551474521452,0.00136166703022946,"AKAP12/IFIH1/IL1A/IL6/OAS1/OAS3/TLR2",7
"GO:0043542","endothelial cell migration","11/168","216/12916",0.0509259259259259,3.91523368606702,4.95997180206351,0.000120614023605022,0.00195343664685171,0.00139591167391387,"BMPER/CCBE1/ETS1/FAP/FUT1/GREM1/ITGB3/PDGFB/TNF/VEGFA/ZEB2",11
"GO:0007159","leukocyte cell-cell adhesion","14/168","336/12916",0.0416666666666667,3.20337301587302,4.69783937144911,0.000125583450495753,0.00201262273281414,0.00143820562210072,"CCL5/CD274/ETS1/ICAM1/IL1A/IL1B/IL6/IL7R/NFKBIZ/NLRP3/OLR1/RASGRP1/TNF/VNN1",14
"GO:0009410","response to xenobiotic stimulus","14/168","336/12916",0.0416666666666667,3.20337301587302,4.69783937144911,0.000125583450495753,0.00201262273281414,0.00143820562210072,"ABCA1/CYP1A1/FUT1/IL1B/ITGA2/ITGB3/LOX/NFKBIZ/NKX3-1/SLC28A3/SOD2/STAT1/TNF/TXNIP",14
"GO:0070482","response to oxygen levels","13/168","296/12916",0.0439189189189189,3.37652831402831,4.74832011258148,0.000130910570043703,0.00208706903595716,0.00149140441091456,"CBS/CYP1A1/INHBA/ITGA2/LIF/NKX3-1/PLAT/PLAU/SOD2/STC2/TNF/VEGFA/ZEB2",13
"GO:0032963","collagen metabolic process","7/168","87/12916",0.0804597701149425,6.18582375478927,5.57136735601624,0.000135571529907907,0.00213589825363068,0.00152629741606443,"FAP/IL6/INHBA/ITGA2/MMP1/MMP10/MMP13",7
"GO:2001237","negative regulation of extrinsic apoptotic signaling pathway","7/168","87/12916",0.0804597701149425,6.18582375478927,5.57136735601624,0.000135571529907907,0.00213589825363068,0.00152629741606443,"CSF2/ICAM1/IL1A/IL1B/SERPINE1/TNF/TNFAIP3",7
"GO:0001910","regulation of leukocyte mediated cytotoxicity","6/168","61/12916",0.0983606557377049,7.56206088992974,5.89725560265776,0.00013606669698072,0.00213589825363068,0.00152629741606443,"CXCL6/ICAM1/IL7R/RAET1L/RASGRP1/ULBP1",6
"GO:0001934","positive regulation of protein phosphorylation","10/168","183/12916",0.0546448087431694,4.20114493884986,5.00663962506999,0.000138795329460575,0.00216339888777612,0.00154594916996467,"EREG/FGF19/IL6/LIF/PARP14/PARP9/PDGFB/RASGRP1/TNF/VEGFA",10
"GO:0050731","positive regulation of peptidyl-tyrosine phosphorylation","5/168","39/12916",0.128205128205128,9.85653235653236,6.35871687161539,0.000141208454415528,0.00216339888777612,0.00154594916996467,"IL6/LIF/PARP14/PARP9/VEGFA",5
"GO:1904894","positive regulation of receptor signaling pathway via STAT","5/168","39/12916",0.128205128205128,9.85653235653236,6.35871687161539,0.000141208454415528,0.00216339888777612,0.00154594916996467,"CCL5/IL6/IL7R/LIF/STAT1",5
"GO:0048771","tissue remodeling","9/168","149/12916",0.0604026845637584,4.643815915628,5.1355380600615,0.000141509530515201,0.00216339888777612,0.00154594916996467,"ADRB2/CBS/CYP1A1/GREM1/IL1A/IL6/ITGB3/LIF/TNFAIP3",9
"GO:0032635","interleukin-6 production","8/168","117/12916",0.0683760683760684,5.25681725681726,5.30970920128999,0.000142059188645214,0.00216339888777612,0.00154594916996467,"EREG/IFIH1/IL1A/IL1B/IL6/TLR2/TNF/TNFAIP3",8
"GO:0032675","regulation of interleukin-6 production","8/168","117/12916",0.0683760683760684,5.25681725681726,5.30970920128999,0.000142059188645214,0.00216339888777612,0.00154594916996467,"EREG/IFIH1/IL1A/IL1B/IL6/TLR2/TNF/TNFAIP3",8
"GO:0014910","regulation of smooth muscle cell migration","6/168","62/12916",0.0967741935483871,7.44009216589862,5.83511740141135,0.000149040443667957,0.00225847919835453,0.00161389287098496,"CCL5/ITGA2/ITGB3/PDGFB/PLAU/SERPINE1",6
"GO:0030217","T cell differentiation","12/168","261/12916",0.0459770114942529,3.53475643130816,4.74904441478132,0.000155930871135786,0.00235125318495882,0.00168018848960416,"IKZF3/IL1A/IL1B/IL6/IL7R/NFKBIZ/NLRP3/PRDM1/RASGRP1/RUNX2/TNFRSF9/VNN1",12
"GO:0031638","zymogen activation","5/168","40/12916",0.125,9.61011904761905,6.26079504197756,0.000159697676190103,0.00239624797459758,0.00171234144026334,"C1R/C1S/PLAT/PLAU/SERPINE1",5
"GO:0150076","neuroinflammatory response","6/168","63/12916",0.0952380952380952,7.32199546485261,5.77434887580139,0.000162974386222767,0.002433485835258,0.00173895134567861,"CCL5/IL1B/IL6/TNF/TNFRSF1B/ZEB2",6
"GO:0001666","response to hypoxia","12/168","263/12916",0.0456273764258555,3.50787615426399,4.71702333818893,0.000167439003126708,0.00247591011407993,0.00176926742793311,"CBS/CYP1A1/INHBA/ITGA2/LIF/NKX3-1/PLAT/PLAU/SOD2/STC2/TNF/VEGFA",12
"GO:0002708","positive regulation of lymphocyte mediated immunity","7/168","90/12916",0.0777777777777778,5.97962962962963,5.44193685334772,0.000167785068223477,0.00247591011407993,0.00176926742793311,"IL1B/IL6/NLRP3/RAET1L/RASGRP1/TNF/ULBP1",7
"GO:0002230","positive regulation of defense response to virus by host","4/168","22/12916",0.181818181818182,13.978354978355,6.99387675240828,0.000168242176977662,0.00247591011407993,0.00176926742793311,"APOBEC3G/DTX3L/PARP9/STAT1",4
"GO:0010817","regulation of hormone levels","16/168","435/12916",0.0367816091954023,2.82780514504652,4.45174880791351,0.000175559688717548,0.00256891200023926,0.00183572590192307,"C1QTNF1/CCL5/CYP1A1/DDO/DHRS2/DUOX2/DUOXA2/IL1B/IL6/INHBA/LIF/NKX3-1/SCG5/STC2/TIPARP/TNF",16
"GO:0030193","regulation of blood coagulation","6/168","64/12916",0.09375,7.20758928571429,5.71489719283047,0.000177918766432775,0.00256891200023926,0.00183572590192307,"C1QTNF1/FAP/PDGFB/PLAT/PLAU/SERPINE1",6
"GO:0038034","signal transduction in absence of ligand","6/168","64/12916",0.09375,7.20758928571429,5.71489719283047,0.000177918766432775,0.00256891200023926,0.00183572590192307,"BCL2A1/CSF2/IL1A/IL1B/INHBA/TNF",6
"GO:0097192","extrinsic apoptotic signaling pathway in absence of ligand","6/168","64/12916",0.09375,7.20758928571429,5.71489719283047,0.000177918766432775,0.00256891200023926,0.00183572590192307,"BCL2A1/CSF2/IL1A/IL1B/INHBA/TNF",6
"GO:1902105","regulation of leukocyte differentiation","12/168","265/12916",0.0452830188679245,3.48140161725067,4.68531062377815,0.000179666539240147,0.00257312189250647,0.00183873426043379,"IKZF3/IL7R/INHBA/IRF7/LIF/NFKBIZ/NLRP3/PRDM1/RASGRP1/TNF/TNFAIP6/VNN1",12
"GO:0045840","positive regulation of mitotic nuclear division","5/168","41/12916",0.121951219512195,9.37572590011614,6.1662564765033,0.00017998119043022,0.00257312189250647,0.00183873426043379,"EREG/IL1A/IL1B/PDGFB/TNF",5
"GO:0002699","positive regulation of immune effector process","10/168","189/12916",0.0529100529100529,4.06777525825145,4.87721880089219,0.000180732181276998,0.00257312189250647,0.00183873426043379,"DDX60/IL1B/IL6/NFKBIZ/NLRP3/RAET1L/RASGRP1/SEMA7A/TNF/ULBP1",10
"GO:0031401","positive regulation of protein modification process","13/168","308/12916",0.0422077922077922,3.24497526283241,4.57767163621417,0.000193861187250427,0.00272296002438807,0.0019458075038011,"ARRDC3/ARRDC4/BIRC3/EREG/FGF19/IL6/LIF/PARP14/PARP9/PDGFB/RASGRP1/TNF/VEGFA",13
"GO:0030593","neutrophil chemotaxis","6/168","65/12916",0.0923076923076923,7.0967032967033,5.65671235483166,0.000193925281057366,0.00272296002438807,0.0019458075038011,"CXCL3/CXCL5/CXCL6/IL1B/TNFAIP6/TREM1",6
"GO:1900046","regulation of hemostasis","6/168","65/12916",0.0923076923076923,7.0967032967033,5.65671235483166,0.000193925281057366,0.00272296002438807,0.0019458075038011,"C1QTNF1/FAP/PDGFB/PLAT/PLAU/SERPINE1",6
"GO:0010888","negative regulation of lipid storage","4/168","23/12916",0.173913043478261,13.3706004140787,6.81645425094271,0.000201606035673739,0.00281788162190555,0.00201363778961802,"ABCA1/IL6/ITGB3/TNF",4
"GO:0001959","regulation of cytokine-mediated signaling pathway","9/168","157/12916",0.0573248407643312,4.40718835304823,4.93081227771637,0.000210069460309689,0.00289692873274325,0.00207012428227462,"CCL5/IL6/IRAK2/IRF7/OAS1/OAS3/PARP14/PARP9/TNFAIP3",9
"GO:0014823","response to activity","6/168","66/12916",0.0909090909090909,6.98917748917749,5.59974700619114,0.000211047078536996,0.00289692873274325,0.00207012428227462,"FUT1/IL6/ITGA2/ITGB3/SOD2/TNF",6
"GO:0031341","regulation of cell killing","6/168","66/12916",0.0909090909090909,6.98917748917749,5.59974700619114,0.000211047078536996,0.00289692873274325,0.00207012428227462,"CXCL6/ICAM1/IL7R/RAET1L/RASGRP1/ULBP1",6
"GO:0050830","defense response to Gram-positive bacterium","6/168","66/12916",0.0909090909090909,6.98917748917749,5.59974700619114,0.000211047078536996,0.00289692873274325,0.00207012428227462,"IL1B/IL6/IL7R/PGLYRP4/TLR2/TNF",6
"GO:0050863","regulation of T cell activation","13/168","311/12916",0.0418006430868167,3.21367325065074,4.53631396865787,0.000213157275683542,0.00291283223601483,0.0020814888104812,"CCL5/CD274/IL1A/IL1B/IL6/IL7R/NFKBIZ/NLRP3/PRDM1/RASGRP1/TNFRSF1B/TNFRSF9/VNN1",13
"GO:2001239","regulation of extrinsic apoptotic signaling pathway in absence of ligand","5/168","43/12916",0.116279069767442,8.93964562569214,5.9865454034542,0.000226390160114069,0.00307991235604074,0.00220088305364695,"CSF2/IL1A/IL1B/INHBA/TNF",5
"GO:0042730","fibrinolysis","4/168","24/12916",0.166666666666667,12.8134920634921,6.64973877478274,0.000239486423554272,0.00321410748181071,0.00229677791819071,"FAP/PLAT/PLAU/SERPINE1",4
"GO:0010594","regulation of endothelial cell migration","9/168","160/12916",0.05625,4.32455357142857,4.85754564537461,0.000242041794902345,0.00321410748181071,0.00229677791819071,"BMPER/CCBE1/ETS1/FUT1/GREM1/ITGB3/PDGFB/TNF/VEGFA",9
"GO:0001547","antral ovarian follicle growth","3/168","10/12916",0.3,23.0642857142857,8.01262579731447,0.000242554337895549,0.00321410748181071,0.00229677791819071,"EREG/PTX3/TNFAIP6",3
"GO:0003337","mesenchymal to epithelial transition involved in metanephros morphogenesis","3/168","10/12916",0.3,23.0642857142857,8.01262579731447,0.000242554337895549,0.00321410748181071,0.00229677791819071,"GREM1/LIF/STAT1",3
"GO:0033089","positive regulation of T cell differentiation in thymus","3/168","10/12916",0.3,23.0642857142857,8.01262579731447,0.000242554337895549,0.00321410748181071,0.00229677791819071,"IL7R/RASGRP1/VNN1",3
"GO:0061043","regulation of vascular wound healing","3/168","10/12916",0.3,23.0642857142857,8.01262579731447,0.000242554337895549,0.00321410748181071,0.00229677791819071,"SERPINE1/TNF/TNFAIP3",3
"GO:0050818","regulation of coagulation","6/168","68/12916",0.0882352941176471,6.78361344537815,5.48929751480588,0.00024885634590991,0.00327309863993176,0.00233893257235448,"C1QTNF1/FAP/PDGFB/PLAT/PLAU/SERPINE1",6
"GO:0032640","tumor necrosis factor production","8/168","127/12916",0.062992125984252,4.84289463817023,4.9960049839963,0.000250214009063715,0.00327309863993176,0.00233893257235448,"AKAP12/IFIH1/IL1A/IL6/OAS1/OAS3/TLR2/TNFAIP3",8
"GO:0032680","regulation of tumor necrosis factor production","8/168","127/12916",0.062992125984252,4.84289463817023,4.9960049839963,0.000250214009063715,0.00327309863993176,0.00233893257235448,"AKAP12/IFIH1/IL1A/IL6/OAS1/OAS3/TLR2/TNFAIP3",8
"GO:0051606","detection of stimulus","9/168","162/12916",0.0555555555555556,4.27116402116402,4.80969393068306,0.000265523762936522,0.00345858824829231,0.00247148210249537,"FAP/ITGA2/NLRP3/PGLYRP4/RP1/RTP4/SOD2/TLR2/TNF",9
"GO:0002824","positive regulation of adaptive immune response based on somatic recombination of immune receptors built from immunoglobulin superfamily domains","7/168","97/12916",0.0721649484536082,5.54810996563574,5.16143626291794,0.00026737940676883,0.00346800154287876,0.00247820877460137,"IL1B/IL6/NFKBIZ/NLRP3/RAET1L/TNF/ULBP1",7
"GO:0048708","astrocyte differentiation","6/168","69/12916",0.0869565217391304,6.68530020703934,5.4357303450328,0.00026965732440368,0.00348278932489309,0.00248877601648166,"IL1B/IL6/LIF/TNF/TSPAN2/ZEB2",6
"GO:0035850","epithelial cell differentiation involved in kidney development","5/168","45/12916",0.111111111111111,8.54232804232804,5.81816921304778,0.00028138507168422,0.00361899035472857,0.00258610428553653,"GREM1/LIF/PDGFB/PODXL/STAT1",5
"GO:0001909","leukocyte mediated cytotoxicity","7/168","98/12916",0.0714285714285714,5.49149659863946,5.12359505790513,0.000284840004365752,0.00363289688901486,0.00259604179417558,"CXCL6/ICAM1/IL7R/RAET1L/RASGRP1/TREM1/ULBP1",7
"GO:0140888","interferon-mediated signaling pathway","7/168","98/12916",0.0714285714285714,5.49149659863946,5.12359505790513,0.000284840004365752,0.00363289688901486,0.00259604179417558,"IFIH1/IRF7/OAS1/OAS3/PARP14/PARP9/STAT1",7
"GO:0046209","nitric oxide metabolic process","6/168","70/12916",0.0857142857142857,6.58979591836735,5.38321632231905,0.00029180058795907,0.00370623070432661,0.00264844560724589,"CYP1A1/IL1B/PTX3/SOD2/STAT1/TNF",6
"GO:0042110","T cell activation","16/168","456/12916",0.0350877192982456,2.69757727652464,4.23675911128266,0.000298608871689809,0.00377703205058887,0.00269903973628284,"CCL5/CD274/ICAM1/IKZF3/IL1A/IL1B/IL6/IL7R/NFKBIZ/NLRP3/PRDM1/RASGRP1/RUNX2/TNFRSF1B/TNFRSF9/VNN1",16
"GO:0010720","positive regulation of cell development","14/168","366/12916",0.0382513661202186,2.9408014571949,4.32394945001518,0.000303751256489082,0.0038170605880484,0.00272764383911848,"CUX2/IL1B/IL6/IL7R/LIF/NFKBIZ/NLRP3/RASGRP1/SEMA7A/TNF/TNFRSF1B/VEGFA/VNN1/ZEB2",14
"GO:0071674","mononuclear cell migration","9/168","165/12916",0.0545454545454545,4.19350649350649,4.7393466069724,0.000304267488887229,0.0038170605880484,0.00272764383911848,"CCL20/CCL5/GREM1/ICAM1/IL6/ITGB3/PDGFB/SERPINE1/TNF",9
"GO:1904892","regulation of receptor signaling pathway via STAT","6/168","71/12916",0.0845070422535211,6.49698189134809,5.3317189082312,0.000315346451796432,0.00393989995489339,0.00281542396061434,"CCL5/IL6/IL7R/LIF/PARP14/STAT1",6
"GO:0042327","positive regulation of phosphorylation","10/168","203/12916",0.0492610837438424,3.78723903354445,4.59493137458559,0.000321532238619803,0.00398085702884428,0.00284469158889885,"EREG/FGF19/IL6/LIF/PARP14/PARP9/PDGFB/RASGRP1/TNF/VEGFA",10
"GO:0090594","inflammatory response to wounding","4/168","26/12916",0.153846153846154,11.8278388278388,6.3442869347776,0.00033017916499118,0.00398085702884428,0.00284469158889885,"IL1A/IL6/NFKBIZ/TNF",4
"GO:1900746","regulation of vascular endothelial growth factor signaling pathway","4/168","26/12916",0.153846153846154,11.8278388278388,6.3442869347776,0.00033017916499118,0.00398085702884428,0.00284469158889885,"CCBE1/GREM1/ITGB3/VEGFA",4
"GO:0019835","cytolysis","3/168","11/12916",0.272727272727273,20.9675324675325,7.60540868190404,0.000330329201348072,0.00398085702884428,0.00284469158889885,"GBP1/GBP3/GBP5",3
"GO:0031650","regulation of heat generation","3/168","11/12916",0.272727272727273,20.9675324675325,7.60540868190404,0.000330329201348072,0.00398085702884428,0.00284469158889885,"ARRDC3/IL1B/TNF",3
"GO:0033084","regulation of immature T cell proliferation in thymus","3/168","11/12916",0.272727272727273,20.9675324675325,7.60540868190404,0.000330329201348072,0.00398085702884428,0.00284469158889885,"IL1A/IL1B/TNFRSF9",3
"GO:0046851","negative regulation of bone remodeling","3/168","11/12916",0.272727272727273,20.9675324675325,7.60540868190404,0.000330329201348072,0.00398085702884428,0.00284469158889885,"GREM1/IL6/TNFAIP3",3
"GO:0051918","negative regulation of fibrinolysis","3/168","11/12916",0.272727272727273,20.9675324675325,7.60540868190404,0.000330329201348072,0.00398085702884428,0.00284469158889885,"PLAT/PLAU/SERPINE1",3
"GO:0071639","positive regulation of monocyte chemotactic protein-1 production","3/168","11/12916",0.272727272727273,20.9675324675325,7.60540868190404,0.000330329201348072,0.00398085702884428,0.00284469158889885,"IL1B/OAS1/OAS3",3
"GO:2001057","reactive nitrogen species metabolic process","6/168","72/12916",0.0833333333333333,6.40674603174603,5.28120333246138,0.000340356638007904,0.0040856143880086,0.00291955043872208,"CYP1A1/IL1B/PTX3/SOD2/STAT1/TNF",6
"GO:0033077","T cell differentiation in thymus","6/168","73/12916",0.0821917808219178,6.31898238747554,5.23163648394633,0.000366894264114104,0.00436989627413725,0.00312269621474138,"IL1A/IL1B/IL7R/RASGRP1/TNFRSF9/VNN1",6
"GO:0051781","positive regulation of cell division","6/168","73/12916",0.0821917808219178,6.31898238747554,5.23163648394633,0.000366894264114104,0.00436989627413725,0.00312269621474138,"EREG/IL1A/IL1B/NKX3-1/PDGFB/VEGFA",6
"GO:0002821","positive regulation of adaptive immune response","7/168","103/12916",0.0679611650485437,5.22491909385113,4.94188249414365,0.000386414727192556,0.00458455612378455,0.00327609058794832,"IL1B/IL6/NFKBIZ/NLRP3/RAET1L/TNF/ULBP1",7
"GO:0010595","positive regulation of endothelial cell migration","7/168","104/12916",0.0673076923076923,5.17467948717949,4.90695597270148,0.000409833846145924,0.00484363476082113,0.00346122630478045,"CCBE1/ETS1/FUT1/GREM1/ITGB3/PDGFB/VEGFA",7
"GO:0001935","endothelial cell proliferation","8/168","137/12916",0.0583941605839416,4.4893986791797,4.71349726661201,0.000418146516663786,0.00492287110579942,0.00351784802278278,"BMPER/FUT1/ITGB3/PDGFB/STAT1/TNF/VEGFA/ZEB2",8
"GO:0071357","cellular response to type I interferon","6/168","75/12916",0.08,6.15047619047619,5.13522422334143,0.000424811207085201,0.00498217281566207,0.00356022459497096,"IFIH1/IFIT1/IRF7/OAS1/OAS3/STAT1",6
"GO:0002705","positive regulation of leukocyte mediated immunity","7/168","105/12916",0.0666666666666667,5.12539682539682,4.87247570921,0.000434374478081723,0.00503895964417179,0.00360080405116628,"IL1B/IL6/NLRP3/RAET1L/RASGRP1/TNF/ULBP1",7
"GO:0033080","immature T cell proliferation in thymus","3/168","12/12916",0.25,19.2202380952381,7.24875318236943,0.000436237930645385,0.00503895964417179,0.00360080405116628,"IL1A/IL1B/TNFRSF9",3
"GO:0033083","regulation of immature T cell proliferation","3/168","12/12916",0.25,19.2202380952381,7.24875318236943,0.000436237930645385,0.00503895964417179,0.00360080405116628,"IL1A/IL1B/TNFRSF9",3
"GO:0072283","metanephric renal vesicle morphogenesis","3/168","12/12916",0.25,19.2202380952381,7.24875318236943,0.000436237930645385,0.00503895964417179,0.00360080405116628,"GREM1/LIF/STAT1",3
"GO:1902547","regulation of cellular response to vascular endothelial growth factor stimulus","4/168","28/12916",0.142857142857143,10.9829931972789,6.0705472789306,0.000443135614052903,0.00509939140833059,0.00364398815196649,"CCBE1/GREM1/ITGB3/VEGFA",4
"GO:0032757","positive regulation of interleukin-8 production","5/168","50/12916",0.1,7.68809523809524,5.43934362953829,0.000463101563662732,0.00526971704970864,0.00376570162117455,"IL1B/IL6/SERPINE1/TLR2/TNF",5
"GO:0045428","regulation of nitric oxide biosynthetic process","5/168","50/12916",0.1,7.68809523809524,5.43934362953829,0.000463101563662732,0.00526971704970864,0.00376570162117455,"IL1B/PTX3/SOD2/STAT1/TNF",5
"GO:0050829","defense response to Gram-negative bacterium","5/168","50/12916",0.1,7.68809523809524,5.43934362953829,0.000463101563662732,0.00526971704970864,0.00376570162117455,"CXCL6/IL6/NFKBIZ/SERPINE1/TREM1",5
"GO:0050870","positive regulation of T cell activation","10/168","213/12916",0.0469483568075117,3.60943438408227,4.4082260037778,0.000470466447432801,0.0053336955392289,0.00381142018621973,"CCL5/CD274/IL1A/IL1B/IL6/IL7R/NFKBIZ/NLRP3/RASGRP1/VNN1",10
"GO:0007259","cell surface receptor signaling pathway via JAK-STAT","7/168","107/12916",0.0654205607476635,5.02959501557632,4.80481306072546,0.000486975814251523,0.00550049065470078,0.00393061076719621,"CSF2/IL6/IL7R/PARP14/PARP9/STAT1/TNF",7
"GO:0002369","T cell cytokine production","4/168","29/12916",0.137931034482759,10.6042692939245,5.94385535371577,0.000508861243903521,0.00568476010068861,0.00406228837814643,"IL1B/IL6/NLRP3/TNFRSF1B",4
"GO:0002724","regulation of T cell cytokine production","4/168","29/12916",0.137931034482759,10.6042692939245,5.94385535371577,0.000508861243903521,0.00568476010068861,0.00406228837814643,"IL1B/IL6/NLRP3/TNFRSF1B",4
"GO:0043330","response to exogenous dsRNA","4/168","29/12916",0.137931034482759,10.6042692939245,5.94385535371577,0.000508861243903521,0.00568476010068861,0.00406228837814643,"IFIH1/IFIT1/OAS1/OAS3",4
"GO:0072001","renal system development","12/168","298/12916",0.0402684563758389,3.09587727708533,4.2020337707618,0.00052260530744809,0.00581707216763128,0.00415683762249619,"BMPER/COL4A1/GREM1/ITGB3/LIF/NKX3-1/PDGFB/PODXL/PRDM1/STAT1/TIPARP/VEGFA",12
"GO:0080164","regulation of nitric oxide metabolic process","5/168","52/12916",0.0961538461538462,7.39239926739927,5.30222762258964,0.00055630686812294,0.00616976566421855,0.00440886983966235,"IL1B/PTX3/SOD2/STAT1/TNF",5
"GO:0033079","immature T cell proliferation","3/168","13/12916",0.230769230769231,17.7417582417582,6.93279266931827,0.000561703333855413,0.00618479821917777,0.00441961199451552,"IL1A/IL1B/TNFRSF9",3
"GO:0035743","CD4-positive, alpha-beta T cell cytokine production","3/168","13/12916",0.230769230769231,17.7417582417582,6.93279266931827,0.000561703333855413,0.00618479821917777,0.00441961199451552,"IL1B/IL6/NLRP3",3
"GO:0010575","positive regulation of vascular endothelial growth factor production","4/168","30/12916",0.133333333333333,10.2507936507936,5.82319557313153,0.000581237665190007,0.00637694800410972,0.004556920838577,"CCBE1/IL1A/IL1B/IL6",4
"GO:0022617","extracellular matrix disassembly","5/168","53/12916",0.0943396226415094,7.2529200359389,5.23637201938598,0.000607870569007853,0.0066216790453133,0.0047318038673846,"FAP/IL6/MMP1/MMP10/MMP13",5
"GO:0051785","positive regulation of nuclear division","5/168","53/12916",0.0943396226415094,7.2529200359389,5.23637201938598,0.000607870569007853,0.0066216790453133,0.0047318038673846,"EREG/IL1A/IL1B/PDGFB/TNF",5
"GO:0050670","regulation of lymphocyte proliferation","9/168","182/12916",0.0494505494505494,3.80180533751962,4.36990552883518,0.000622648657206887,0.00675860829684497,0.00482965251838713,"CCL5/CD274/IKZF3/IL1A/IL1B/IL6/LST1/TNFRSF1B/TNFRSF9",9
"GO:0002673","regulation of acute inflammatory response","4/168","31/12916",0.129032258064516,9.92012288786482,5.70808316015079,0.000660632428810017,0.00712017379935268,0.00508802460670055,"IL1B/IL6/NLRP3/TNF",4
"GO:0001541","ovarian follicle development","5/168","54/12916",0.0925925925925926,7.11860670194003,5.17220802847033,0.00066293679608478,0.00712017379935268,0.00508802460670055,"EREG/INHBA/PTX3/TNFAIP6/VEGFA",5
"GO:0061005","cell differentiation involved in kidney development","5/168","54/12916",0.0925925925925926,7.11860670194003,5.17220802847033,0.00066293679608478,0.00712017379935268,0.00508802460670055,"GREM1/LIF/PDGFB/PODXL/STAT1",5
"GO:0032479","regulation of type I interferon production","7/168","113/12916",0.0619469026548673,4.76253687315634,4.61152887656025,0.000675873895455563,0.00720853656442327,0.00515116799837396,"ARRDC4/IFIH1/IRF7/OAS1/OAS3/STAT1/TLR2",7
"GO:0032606","type I interferon production","7/168","113/12916",0.0619469026548673,4.76253687315634,4.61152887656025,0.000675873895455563,0.00720853656442327,0.00515116799837396,"ARRDC4/IFIH1/IRF7/OAS1/OAS3/STAT1/TLR2",7
"GO:1903037","regulation of leukocyte cell-cell adhesion","12/168","307/12916",0.0390879478827362,3.00511865984179,4.08178159125154,0.00067992508491818,0.00722656487824496,0.00516405090080402,"CCL5/CD274/ETS1/IL1A/IL1B/IL6/IL7R/NFKBIZ/NLRP3/RASGRP1/TNF/VNN1",12
"GO:0002756","MyD88-independent toll-like receptor signaling pathway","3/168","14/12916",0.214285714285714,16.4744897959184,6.65016861122386,0.000708084499469902,0.00747395397543921,0.00534083335716318,"CD274/IRF7/TNIP3",3
"GO:0010744","positive regulation of macrophage derived foam cell differentiation","3/168","14/12916",0.214285714285714,16.4744897959184,6.65016861122386,0.000708084499469902,0.00747395397543921,0.00534083335716318,"CSF2/IL1B/TNF",3
"GO:0002711","positive regulation of T cell mediated immunity","5/168","55/12916",0.0909090909090909,6.98917748917749,5.10965970664373,0.000721654639271056,0.0075910132330196,0.00542448305445923,"IL1B/IL6/NLRP3/RAET1L/ULBP1",5
"GO:0032944","regulation of mononuclear cell proliferation","9/168","186/12916",0.0483870967741935,3.72004608294931,4.28942768896119,0.000727740378643684,0.00761226121653863,0.00543966670952639,"CCL5/CD274/IKZF3/IL1A/IL1B/IL6/LST1/TNFRSF1B/TNFRSF9",9
"GO:0019730","antimicrobial humoral response","6/168","83/12916",0.072289156626506,5.55765920826162,4.78186835881737,0.000731135183816516,0.00761226121653863,0.00543966670952639,"CCL20/CCL5/CXCL3/CXCL5/CXCL6/PGLYRP4",6
"GO:1990266","neutrophil migration","6/168","83/12916",0.072289156626506,5.55765920826162,4.78186835881737,0.000731135183816516,0.00761226121653863,0.00543966670952639,"CXCL3/CXCL5/CXCL6/IL1B/TNFAIP6/TREM1",6
"GO:0030574","collagen catabolic process","4/168","32/12916",0.125,9.61011904761905,5.59808651659402,0.000747414967831897,0.00766065582398489,0.0054742491453569,"FAP/MMP1/MMP10/MMP13",4
"GO:0045776","negative regulation of blood pressure","4/168","32/12916",0.125,9.61011904761905,5.59808651659402,0.000747414967831897,0.00766065582398489,0.0054742491453569,"ADM2/ADRB2/SOD2/TNF",4
"GO:1901099","negative regulation of signal transduction in absence of ligand","4/168","32/12916",0.125,9.61011904761905,5.59808651659402,0.000747414967831897,0.00766065582398489,0.0054742491453569,"CSF2/IL1A/IL1B/TNF",4
"GO:2001240","negative regulation of extrinsic apoptotic signaling pathway in absence of ligand","4/168","32/12916",0.125,9.61011904761905,5.59808651659402,0.000747414967831897,0.00766065582398489,0.0054742491453569,"CSF2/IL1A/IL1B/TNF",4
"GO:0001952","regulation of cell-matrix adhesion","7/168","115/12916",0.0608695652173913,4.67971014492754,4.55010480637148,0.000750345063954733,0.00766065582398489,0.0054742491453569,"FUT1/GREM1/ITGB3/PHLDB2/PLAU/SERPINE1/VEGFA",7
"GO:0030098","lymphocyte differentiation","13/168","355/12916",0.0366197183098592,2.81535881958417,3.98148759483861,0.000750799329368006,0.00766065582398489,0.0054742491453569,"IKZF3/IL1A/IL1B/IL6/IL7R/INHBA/NFKBIZ/NLRP3/PRDM1/RASGRP1/RUNX2/TNFRSF9/VNN1",13
"GO:0003073","regulation of systemic arterial blood pressure","6/168","84/12916",0.0714285714285714,5.49149659863946,4.74093893415622,0.000779024945009006,0.00790900445055264,0.00565171727445396,"ADM2/ADRB2/PDGFB/RPS6KA2/SOD2/TNF",6
"GO:0007566","embryo implantation","5/168","56/12916",0.0892857142857143,6.86437074829932,5.04865584336301,0.000784175247254249,0.00790900445055264,0.00565171727445396,"IL1B/ITGB3/LIF/STC2/VEGFA",5
"GO:0090303","positive regulation of wound healing","5/168","56/12916",0.0892857142857143,6.86437074829932,5.04865584336301,0.000784175247254249,0.00790900445055264,0.00565171727445396,"DUOX2/HBEGF/PLAT/PLAU/SERPINE1",5
"GO:0042445","hormone metabolic process","9/168","188/12916",0.0478723404255319,3.68047112462006,4.25001823257961,0.000785474470097354,0.00790900445055264,0.00565171727445396,"CYP1A1/DDO/DHRS2/DUOX2/DUOXA2/INHBA/SCG5/STC2/TIPARP",9
"GO:0009595","detection of biotic stimulus","4/168","33/12916",0.121212121212121,9.31890331890332,5.49281993520588,0.00084195608454299,0.00842231233590227,0.00601852337007339,"FAP/NLRP3/PGLYRP4/TLR2",4
"GO:1901889","negative regulation of cell junction assembly","4/168","33/12916",0.121212121212121,9.31890331890332,5.49281993520588,0.00084195608454299,0.00842231233590227,0.00601852337007339,"IL1B/PHLDB2/TLR2/TNF",4
"GO:0051044","positive regulation of membrane protein ectodomain proteolysis","3/168","15/12916",0.2,15.3761904761905,6.39526549934051,0.000876678494522635,0.0087127041290058,0.00622603524134667,"IL1B/TNF/TNFRSF1B",3
"GO:0072077","renal vesicle morphogenesis","3/168","15/12916",0.2,15.3761904761905,6.39526549934051,0.000876678494522635,0.0087127041290058,0.00622603524134667,"GREM1/LIF/STAT1",3
"GO:0031589","cell-substrate adhesion","12/168","317/12916",0.0378548895899054,2.91031996394772,3.95319762879807,0.000899552246173718,0.00888235298560565,0.00634726508505598,"ABI3BP/ECM2/FUT1/GBP1/GREM1/ITGA2/ITGB3/PDGFB/PHLDB2/PLAU/SERPINE1/VEGFA",12
"GO:0050678","regulation of epithelial cell proliferation","12/168","317/12916",0.0378548895899054,2.91031996394772,3.95319762879807,0.000899552246173718,0.00888235298560565,0.00634726508505598,"CCL5/EREG/FUT1/ITGB3/KLF9/NKX3-1/PDGFB/RUNX2/STAT1/TNF/TNFAIP3/VEGFA",12
"GO:0098586","cellular response to virus","5/168","58/12916",0.0862068965517241,6.62766830870279,4.93101810658883,0.000921239055150269,0.00906724356210602,0.00647938655136998,"CCL5/IFIH1/IL6/NLRP3/OAS1",5
"GO:0010574","regulation of vascular endothelial growth factor production","4/168","34/12916",0.117647058823529,9.04481792717087,5.39193749754445,0.000944627458430535,0.0092111794185275,0.00658224207145933,"CCBE1/IL1A/IL1B/IL6",4
"GO:0030224","monocyte differentiation","4/168","34/12916",0.117647058823529,9.04481792717087,5.39193749754445,0.000944627458430535,0.0092111794185275,0.00658224207145933,"CSF2/IFI16/IRF7/VEGFA",4
"GO:0007565","female pregnancy","8/168","155/12916",0.0516129032258065,3.96804915514593,4.26751840354383,0.000944890668872145,0.0092111794185275,0.00658224207145933,"CBS/IL1B/ITGA2/ITGB3/LIF/PRDM1/STC2/VEGFA",8
"GO:0014015","positive regulation of gliogenesis","5/168","59/12916",0.0847457627118644,6.51533494753834,4.87426228519218,0.000996093957486479,0.00964887216413326,0.00689501413609894,"IL1B/IL6/LIF/TNF/TNFRSF1B",5
"GO:0060760","positive regulation of response to cytokine stimulus","5/168","59/12916",0.0847457627118644,6.51533494753834,4.87426228519218,0.000996093957486479,0.00964887216413326,0.00689501413609894,"IFIH1/IRF7/PARP14/PARP9/TLR2",5
"GO:0014911","positive regulation of smooth muscle cell migration","4/168","35/12916",0.114285714285714,8.78639455782313,5.2951279360926,0.00105580117450713,0.00994333775670176,0.00710543711495255,"CCL5/ITGA2/ITGB3/PDGFB",4
"GO:0043331","response to dsRNA","4/168","35/12916",0.114285714285714,8.78639455782313,5.2951279360926,0.00105580117450713,0.00994333775670176,0.00710543711495255,"IFIH1/IFIT1/OAS1/OAS3",4
"GO:0072210","metanephric nephron development","4/168","35/12916",0.114285714285714,8.78639455782313,5.2951279360926,0.00105580117450713,0.00994333775670176,0.00710543711495255,"GREM1/LIF/PDGFB/STAT1",4
"GO:0003085","negative regulation of systemic arterial blood pressure","3/168","16/12916",0.1875,14.4151785714286,6.16371306199624,0.00106872202612051,0.00994333775670176,0.00710543711495255,"ADRB2/SOD2/TNF",3
"GO:0006925","inflammatory cell apoptotic process","3/168","16/12916",0.1875,14.4151785714286,6.16371306199624,0.00106872202612051,0.00994333775670176,0.00710543711495255,"CCL5/IL6/IRF7",3
"GO:0008228","opsonization","3/168","16/12916",0.1875,14.4151785714286,6.16371306199624,0.00106872202612051,0.00994333775670176,0.00710543711495255,"C1R/C1S/PTX3",3
"GO:0010755","regulation of plasminogen activation","3/168","16/12916",0.1875,14.4151785714286,6.16371306199624,0.00106872202612051,0.00994333775670176,0.00710543711495255,"PLAT/PLAU/SERPINE1",3
"GO:0034104","negative regulation of tissue remodeling","3/168","16/12916",0.1875,14.4151785714286,6.16371306199624,0.00106872202612051,0.00994333775670176,0.00710543711495255,"GREM1/IL6/TNFAIP3",3
"GO:0071605","monocyte chemotactic protein-1 production","3/168","16/12916",0.1875,14.4151785714286,6.16371306199624,0.00106872202612051,0.00994333775670176,0.00710543711495255,"IL1B/OAS1/OAS3",3
"GO:0071637","regulation of monocyte chemotactic protein-1 production","3/168","16/12916",0.1875,14.4151785714286,6.16371306199624,0.00106872202612051,0.00994333775670176,0.00710543711495255,"IL1B/OAS1/OAS3",3
"GO:0072087","renal vesicle development","3/168","16/12916",0.1875,14.4151785714286,6.16371306199624,0.00106872202612051,0.00994333775670176,0.00710543711495255,"GREM1/LIF/STAT1",3
"GO:1901550","regulation of endothelial cell development","3/168","16/12916",0.1875,14.4151785714286,6.16371306199624,0.00106872202612051,0.00994333775670176,0.00710543711495255,"IL1B/TNF/VEGFA",3
"GO:1903140","regulation of establishment of endothelial barrier","3/168","16/12916",0.1875,14.4151785714286,6.16371306199624,0.00106872202612051,0.00994333775670176,0.00710543711495255,"IL1B/TNF/VEGFA",3
"GO:0002688","regulation of leukocyte chemotaxis","6/168","90/12916",0.0666666666666667,5.12539682539682,4.50839734851534,0.00111934530907861,0.0103827757305746,0.00741945630706653,"CCL5/GREM1/IL6/SERPINE1/TNFAIP6/VEGFA",6
"GO:0016485","protein processing","9/168","198/12916",0.0454545454545455,3.49458874458874,4.06071922898461,0.0011329188136549,0.010476931989721,0.00748673968762882,"C1R/C1S/CCBE1/CHAC1/PLAT/PLAU/RPS6KA2/SCG5/SERPINE1",9
"GO:0050769","positive regulation of neurogenesis","9/168","199/12916",0.0452261306532663,3.4770279971285,4.0424619111849,0.00117359450248545,0.0107727979170893,0.00769816333558406,"CUX2/IL1B/IL6/LIF/SEMA7A/TNF/TNFRSF1B/VEGFA/ZEB2",9
"GO:0046850","regulation of bone remodeling","4/168","36/12916",0.111111111111111,8.54232804232804,5.20211028545994,0.00117584927140643,0.0107727979170893,0.00769816333558406,"GREM1/IL6/ITGB3/TNFAIP3",4
"GO:0070498","interleukin-1-mediated signaling pathway","4/168","36/12916",0.111111111111111,8.54232804232804,5.20211028545994,0.00117584927140643,0.0107727979170893,0.00769816333558406,"IL1B/IL6/IRAK2/NLRP3",4
"GO:0051896","regulation of phosphatidylinositol 3-kinase/protein kinase B signal transduction","10/168","240/12916",0.0416666666666667,3.20337301587302,3.9553357146755,0.00117898964463408,0.0107727979170893,0.00769816333558406,"C1QTNF1/CCL5/HBEGF/IL1B/LOX/NKX3-1/PDGFB/RASGRP1/TNF/VEGFA",10
"GO:0050920","regulation of chemotaxis","8/168","161/12916",0.0496894409937888,3.82017154687962,4.13360574255842,0.00120751283697239,0.0109826740801953,0.00784813932104951,"CCL5/GREM1/IL6/ITGA2/PDGFB/SERPINE1/TNFAIP6/VEGFA",8
"GO:0030522","intracellular receptor signaling pathway","13/168","374/12916",0.0347593582887701,2.67233256939139,3.76752262901854,0.00120913465044947,0.0109826740801953,0.00784813932104951,"BIRC3/DDX60/GBP5/IFI16/IFIH1/IRF7/NKX3-1/NLRP1/NLRP3/OAS1/OAS3/TNF/TNFAIP3",13
"GO:0007596","blood coagulation","9/168","201/12916",0.0447761194029851,3.44243070362473,4.00629491656341,0.00125849217602096,0.0113971732272194,0.00814433740819541,"C1QTNF1/FAP/IL6/ITGA2/ITGB3/PDGFB/PLAT/PLAU/SERPINE1",9
"GO:0050817","coagulation","9/168","202/12916",0.0445544554455446,3.42538896746818,3.98838245969658,0.0013027640867232,0.011697586129488,0.00835901029146859,"C1QTNF1/FAP/IL6/ITGA2/ITGB3/PDGFB/PLAT/PLAU/SERPINE1",9
"GO:0010712","regulation of collagen metabolic process","4/168","37/12916",0.108108108108108,8.31145431145431,5.11263018326092,0.00130514330868803,0.011697586129488,0.00835901029146859,"FAP/IL6/INHBA/ITGA2",4
"GO:0042743","hydrogen peroxide metabolic process","4/168","37/12916",0.108108108108108,8.31145431145431,5.11263018326092,0.00130514330868803,0.011697586129488,0.00835901029146859,"CYP1A1/DUOX2/DUOXA2/SOD2",4
"GO:0045637","regulation of myeloid cell differentiation","8/168","163/12916",0.049079754601227,3.77329827636576,4.09039287107662,0.00130695016539853,0.011697586129488,0.00835901029146859,"ETS1/INHBA/IRF7/LIF/LOX/STAT1/TNF/TNFAIP6",8
"GO:0008585","female gonad development","6/168","93/12916",0.0645161290322581,4.96006144393241,4.39976414613166,0.00132730241633415,0.0118451099020374,0.00846442971042617,"EREG/INHBA/PTX3/TIPARP/TNFAIP6/VEGFA",6
"GO:0006809","nitric oxide biosynthetic process","5/168","63/12916",0.0793650793650794,6.10166288737717,4.65972832821873,0.00134138002327325,0.0119013456557664,0.00850461537257607,"IL1B/PTX3/SOD2/STAT1/TNF",5
"GO:0050730","regulation of peptidyl-tyrosine phosphorylation","5/168","63/12916",0.0793650793650794,6.10166288737717,4.65972832821873,0.00134138002327325,0.0119013456557664,0.00850461537257607,"IL6/LIF/PARP14/PARP9/VEGFA",5
"GO:0042098","T cell proliferation","8/168","164/12916",0.0487804878048781,3.75029036004646,4.06904166942513,0.00135905710591165,0.0120233346855363,0.00859178784935934,"CCL5/CD274/IL1A/IL1B/IL6/RASGRP1/TNFRSF1B/TNFRSF9",8
"GO:0043122","regulation of canonical NF-kappaB signal transduction","11/168","288/12916",0.0381944444444444,2.93642526455026,3.81514032348503,0.00136716618083394,0.012060218096636,0.00861814446768671,"BIRC3/IL1A/IL1B/IRAK2/STAT1/TLR2/TNF/TNFAIP3/TNIP3/TRAF1/VEGFA",11
"GO:0061448","connective tissue development","10/168","245/12916",0.0408163265306122,3.1379980563654,3.87851719782865,0.00137634502885351,0.0121062992336798,0.00865107371433028,"ARRDC3/CBS/GREM1/INHBE/ITGB3/LOX/MAF/MMP13/PDGFB/RUNX2",10
"GO:0046545","development of primary female sexual characteristics","6/168","94/12916",0.0638297872340425,4.90729483282675,4.36458586935626,0.00140279364088637,0.0123035854863988,0.00879205304105529,"EREG/INHBA/PTX3/TIPARP/TNFAIP6/VEGFA",6
"GO:1903036","positive regulation of response to wounding","5/168","64/12916",0.078125,6.00632440476191,4.60897587941506,0.00143997843486989,0.012564107265595,0.0089782200168182,"DUOX2/HBEGF/PLAT/PLAU/SERPINE1",5
"GO:0061900","glial cell activation","4/168","38/12916",0.105263157894737,8.09273182957394,5.02645670893341,0.00144405395280388,0.012564107265595,0.0089782200168182,"IL1B/IL6/TNF/ZEB2",4
"GO:0001822","kidney development","11/168","290/12916",0.0379310344827586,2.91617405582923,3.78862726956862,0.00144481076690279,0.012564107265595,0.0089782200168182,"BMPER/GREM1/ITGB3/LIF/NKX3-1/PDGFB/PODXL/PRDM1/STAT1/TIPARP/VEGFA",11
"GO:0051897","positive regulation of phosphatidylinositol 3-kinase/protein kinase B signal transduction","8/168","166/12916",0.0481927710843374,3.70510613884108,4.02683727729655,0.0014682284943211,0.0127315790966484,0.00909789417384596,"C1QTNF1/CCL5/HBEGF/IL1B/NKX3-1/PDGFB/TNF/VEGFA",8
"GO:0002696","positive regulation of leukocyte activation","11/168","291/12916",0.0378006872852234,2.90615283914253,3.77545536401887,0.00148497032868368,0.0128403790285332,0.00917564181684414,"CCL5/CD274/IL1A/IL1B/IL6/IL7R/NFKBIZ/NLRP3/RASGRP1/TNF/VNN1",11
"GO:0035455","response to interferon-alpha","3/168","18/12916",0.166666666666667,12.8134920634921,5.75750307826292,0.0015278124463979,0.0130542027102811,0.00932843867052879,"LAMP3/MX2/OAS1",3
"GO:0060231","mesenchymal to epithelial transition","3/168","18/12916",0.166666666666667,12.8134920634921,5.75750307826292,0.0015278124463979,0.0130542027102811,0.00932843867052879,"GREM1/LIF/STAT1",3
"GO:0072567","chemokine (C-X-C motif) ligand 2 production","3/168","18/12916",0.166666666666667,12.8134920634921,5.75750307826292,0.0015278124463979,0.0130542027102811,0.00932843867052879,"OAS1/OAS3/TNF",3
"GO:2000341","regulation of chemokine (C-X-C motif) ligand 2 production","3/168","18/12916",0.166666666666667,12.8134920634921,5.75750307826292,0.0015278124463979,0.0130542027102811,0.00932843867052879,"OAS1/OAS3/TNF",3
"GO:0051783","regulation of nuclear division","7/168","130/12916",0.0538461538461538,4.13974358974359,4.13027841085834,0.00153838511948912,0.0130542027102811,0.00932843867052879,"EREG/IL1A/IL1B/LIF/PDGFB/RPS6KA2/TNF",7
"GO:0007599","hemostasis","9/168","207/12916",0.0434782608695652,3.34265010351967,3.90047707005929,0.00154337914888942,0.0130542027102811,0.00932843867052879,"C1QTNF1/FAP/IL6/ITGA2/ITGB3/PDGFB/PLAT/PLAU/SERPINE1",9
"GO:0032637","interleukin-8 production","5/168","65/12916",0.0769230769230769,5.91391941391941,4.55928840663703,0.00154381619768761,0.0130542027102811,0.00932843867052879,"IL1B/IL6/SERPINE1/TLR2/TNF",5
"GO:0032677","regulation of interleukin-8 production","5/168","65/12916",0.0769230769230769,5.91391941391941,4.55928840663703,0.00154381619768761,0.0130542027102811,0.00932843867052879,"IL1B/IL6/SERPINE1/TLR2/TNF",5
"GO:0010562","positive regulation of phosphorus metabolic process","10/168","249/12916",0.0401606425702811,3.08758844903423,3.81846216833115,0.00155292951796822,0.0130591133365405,0.00933194776847301,"EREG/FGF19/IL6/LIF/PARP14/PARP9/PDGFB/RASGRP1/TNF/VEGFA",10
"GO:0045937","positive regulation of phosphate metabolic process","10/168","249/12916",0.0401606425702811,3.08758844903423,3.81846216833115,0.00155292951796822,0.0130591133365405,0.00933194776847301,"EREG/FGF19/IL6/LIF/PARP14/PARP9/PDGFB/RASGRP1/TNF/VEGFA",10
"GO:1905952","regulation of lipid localization","7/168","132/12916",0.053030303030303,4.0770202020202,4.07910374441691,0.00167959415515226,0.0140855827641673,0.0100654553840127,"ABCA1/C1QTNF1/IL1B/IL6/ITGB3/NKX3-1/TNF",7
"GO:0046883","regulation of hormone secretion","9/168","210/12916",0.0428571428571429,3.29489795918367,3.8490133758239,0.00170410343370741,0.0142520781709792,0.0101844317953523,"C1QTNF1/CCL5/IL1B/IL6/INHBA/LIF/NKX3-1/SCG5/TNF",9
"GO:0018108","peptidyl-tyrosine phosphorylation","6/168","98/12916",0.0612244897959184,4.7069970845481,4.22869115559672,0.00173799894229221,0.014495953030944,0.0103587030032503,"IL6/LIF/PARP14/PARP9/PDGFB/VEGFA",6
"GO:0022602","ovulation cycle process","4/168","40/12916",0.1,7.68809523809524,4.86320726523746,0.00175220090396901,0.0145351950326535,0.0103867450533379,"EREG/INHBA/PTX3/TNFAIP6",4
"GO:0140353","lipid export from cell","4/168","40/12916",0.1,7.68809523809524,4.86320726523746,0.00175220090396901,0.0145351950326535,0.0103867450533379,"C1QTNF1/IL1B/INHBA/NKX3-1",4
"GO:1903672","positive regulation of sprouting angiogenesis","3/168","19/12916",0.157894736842105,12.1390977443609,5.57780444591892,0.00179704540510269,0.0148669080676198,0.0106237847846469,"BMPER/FUT1/VEGFA",3
"GO:2001233","regulation of apoptotic signaling pathway","12/168","344/12916",0.0348837209302326,2.68189368770764,3.62958017782931,0.00180478617353872,0.0148907020948841,0.0106407878241267,"CSF2/ICAM1/IL1A/IL1B/INHBA/NKX3-1/SERPINE1/SOD2/TNF/TNFAIP3/TRAF1/VNN1",12
"GO:0002367","cytokine production involved in immune response","6/168","99/12916",0.0606060606060606,4.65945165945166,4.19586241010179,0.00183056624693134,0.014982254764323,0.0107062106983488,"IL1B/IL6/NLRP3/SEMA7A/TNF/TNFRSF1B",6
"GO:0002718","regulation of cytokine production involved in immune response","6/168","99/12916",0.0606060606060606,4.65945165945166,4.19586241010179,0.00183056624693134,0.014982254764323,0.0107062106983488,"IL1B/IL6/NLRP3/SEMA7A/TNF/TNFRSF1B",6
"GO:0018212","peptidyl-tyrosine modification","6/168","99/12916",0.0606060606060606,4.65945165945166,4.19586241010179,0.00183056624693134,0.014982254764323,0.0107062106983488,"IL6/LIF/PARP14/PARP9/PDGFB/VEGFA",6
"GO:0007160","cell-matrix adhesion","9/168","213/12916",0.0422535211267606,3.24849094567404,3.79846924545881,0.00187799386615636,0.015329437931479,0.0109543052740292,"ECM2/FUT1/GREM1/ITGA2/ITGB3/PHLDB2/PLAU/SERPINE1/VEGFA",9
"GO:0140895","cell surface toll-like receptor signaling pathway","5/168","68/12916",0.0735294117647059,5.65301120448179,4.41622924532361,0.001888432859333,0.0153736515489849,0.0109859000047424,"IRAK2/OAS1/TLR2/TNFAIP3/TNIP3",5
"GO:0042129","regulation of T cell proliferation","7/168","135/12916",0.0518518518518519,3.98641975308642,4.00420344577345,0.00191009415322217,0.0155087485491063,0.011082439342163,"CCL5/CD274/IL1A/IL1B/IL6/TNFRSF1B/TNFRSF9",7
"GO:0046849","bone remodeling","5/168","69/12916",0.072463768115942,5.57108350586612,4.37042485315911,0.00201489969799935,0.0162733719672191,0.0116288336965495,"ADRB2/GREM1/IL6/ITGB3/TNFAIP3",5
"GO:1902893","regulation of miRNA transcription","5/168","69/12916",0.072463768115942,5.57108350586612,4.37042485315911,0.00201489969799935,0.0162733719672191,0.0116288336965495,"ETS1/IL6/PDGFB/TNF/VEGFA",5
"GO:0071887","leukocyte apoptotic process","6/168","101/12916",0.0594059405940594,4.56718528995757,4.13150106257534,0.0020268694324071,0.0163269666647319,0.0116671320790636,"CCL5/CD274/IL6/IL7R/IRF7/NFKBIZ",6
"GO:0050867","positive regulation of cell activation","11/168","303/12916",0.0363036303630363,2.79105767719629,3.62161688841438,0.00204257887890166,0.0164103253236692,0.0117266995727522,"CCL5/CD274/IL1A/IL1B/IL6/IL7R/NFKBIZ/NLRP3/RASGRP1/TNF/VNN1",11
"GO:0072111","cell proliferation involved in kidney development","3/168","20/12916",0.15,11.5321428571429,5.41109358993724,0.00209410311836186,0.0167364220504064,0.0119597259308944,"ITGB3/PDGFB/STAT1",3
"GO:1904996","positive regulation of leukocyte adhesion to vascular endothelial cell","3/168","20/12916",0.15,11.5321428571429,5.41109358993724,0.00209410311836186,0.0167364220504064,0.0119597259308944,"ETS1/IL6/TNF",3
"GO:0038084","vascular endothelial growth factor signaling pathway","4/168","42/12916",0.0952380952380952,7.32199546485261,4.71088921859985,0.00210322298592663,0.0167655353122953,0.0119805300568956,"CCBE1/GREM1/ITGB3/VEGFA",4
"GO:0061614","miRNA transcription","5/168","70/12916",0.0714285714285714,5.49149659863946,4.32550636097256,0.00214744578338707,0.0170735884232411,0.0122006625779312,"ETS1/IL6/PDGFB/TNF/VEGFA",5
"GO:0010883","regulation of lipid storage","4/168","43/12916",0.0930232558139535,7.15171650055371,4.63843499772482,0.00229571866036894,0.0182051679258791,0.0130092810914826,"ABCA1/IL6/ITGB3/TNF",4
"GO:0050878","regulation of body fluid levels","11/168","309/12916",0.0355987055016181,2.73686238249345,3.547477022846,0.00237946404577858,0.0187530358179469,0.013400783517493,"C1QTNF1/FAP/IL6/ITGA2/ITGB3/PDGFB/PLAT/PLAU/SERPINE1/VEGFA/XDH",11
"GO:0002675","positive regulation of acute inflammatory response","3/168","21/12916",0.142857142857143,10.9829931972789,5.25582102648777,0.0024199441842826,0.0187530358179469,0.013400783517493,"IL1B/IL6/TNF",3
"GO:0032682","negative regulation of chemokine production","3/168","21/12916",0.142857142857143,10.9829931972789,5.25582102648777,0.0024199441842826,0.0187530358179469,0.013400783517493,"IL6/OAS1/OAS3",3
"GO:0032727","positive regulation of interferon-alpha production","3/168","21/12916",0.142857142857143,10.9829931972789,5.25582102648777,0.0024199441842826,0.0187530358179469,0.013400783517493,"IFIH1/IRF7/STAT1",3
"GO:0035929","steroid hormone secretion","3/168","21/12916",0.142857142857143,10.9829931972789,5.25582102648777,0.0024199441842826,0.0187530358179469,0.013400783517493,"C1QTNF1/INHBA/NKX3-1",3
"GO:0060252","positive regulation of glial cell proliferation","3/168","21/12916",0.142857142857143,10.9829931972789,5.25582102648777,0.0024199441842826,0.0187530358179469,0.013400783517493,"IL1B/IL6/TNF",3
"GO:0072574","hepatocyte proliferation","3/168","21/12916",0.142857142857143,10.9829931972789,5.25582102648777,0.0024199441842826,0.0187530358179469,0.013400783517493,"IL6/TNF/TNFAIP3",3
"GO:0072575","epithelial cell proliferation involved in liver morphogenesis","3/168","21/12916",0.142857142857143,10.9829931972789,5.25582102648777,0.0024199441842826,0.0187530358179469,0.013400783517493,"IL6/TNF/TNFAIP3",3
"GO:0090025","regulation of monocyte chemotaxis","3/168","21/12916",0.142857142857143,10.9829931972789,5.25582102648777,0.0024199441842826,0.0187530358179469,0.013400783517493,"CCL5/GREM1/SERPINE1",3
"GO:0071677","positive regulation of mononuclear cell migration","5/168","72/12916",0.0694444444444444,5.33895502645503,4.23820605047252,0.00243145645216766,0.0187946671719323,0.0134305329814045,"CCL20/CCL5/ITGB3/SERPINE1/TNF",5
"GO:0061028","establishment of endothelial barrier","4/168","44/12916",0.0909090909090909,6.98917748917749,4.56826537960428,0.0025000152183565,0.0192373238488714,0.013746852235408,"ICAM1/IL1B/TNF/VEGFA",4
"GO:0007249","canonical NF-kappaB signal transduction","11/168","311/12916",0.0353697749196141,2.71926198131986,3.52315416891405,0.00250129202608651,0.0192373238488714,0.013746852235408,"BIRC3/IL1A/IL1B/IRAK2/STAT1/TLR2/TNF/TNFAIP3/TNIP3/TRAF1/VEGFA",11
"GO:0002752","cell surface pattern recognition receptor signaling pathway","5/168","73/12916",0.0684931506849315,5.26581865622961,4.19576732729544,0.00258326249540689,0.0198179611489736,0.014161771442964,"IRAK2/OAS1/TLR2/TNFAIP3/TNIP3",5
"GO:0045619","regulation of lymphocyte differentiation","8/168","182/12916",0.043956043956044,3.37938252223967,3.71106325621956,0.00261447676351773,0.0200072834328194,0.0142970597752364,"IKZF3/IL7R/INHBA/NFKBIZ/NLRP3/PRDM1/RASGRP1/VNN1",8
"GO:0046660","female sex differentiation","6/168","107/12916",0.0560747663551402,4.31108144192256,3.94807103338643,0.00271197325124521,0.0206330156409136,0.0147442034773013,"EREG/INHBA/PTX3/TIPARP/TNFAIP6/VEGFA",6
"GO:0045599","negative regulation of fat cell differentiation","4/168","45/12916",0.0888888888888889,6.83386243386243,4.50025491007119,0.00271646693998307,0.0206330156409136,0.0147442034773013,"IL6/SOD2/TNF/VEGFA",4
"GO:1905953","negative regulation of lipid localization","4/168","45/12916",0.0888888888888889,6.83386243386243,4.50025491007119,0.00271646693998307,0.0206330156409136,0.0147442034773013,"ABCA1/IL6/ITGB3/TNF",4
"GO:0060337","type I interferon-mediated signaling pathway","5/168","74/12916",0.0675675675675676,5.19465894465894,4.15410051906178,0.00274183051459962,0.0207741168445283,0.0148450333750339,"IFIH1/IRF7/OAS1/OAS3/STAT1",5
"GO:0002726","positive regulation of T cell cytokine production","3/168","22/12916",0.136363636363636,10.4837662337662,5.11068562219428,0.00277547608017285,0.0208740350894572,0.0149164342288871,"IL1B/IL6/NLRP3",3
"GO:0035458","cellular response to interferon-beta","3/168","22/12916",0.136363636363636,10.4837662337662,5.11068562219428,0.00277547608017285,0.0208740350894572,0.0149164342288871,"IFI16/OAS1/STAT1",3
"GO:0072273","metanephric nephron morphogenesis","3/168","22/12916",0.136363636363636,10.4837662337662,5.11068562219428,0.00277547608017285,0.0208740350894572,0.0149164342288871,"GREM1/LIF/STAT1",3
"GO:0072006","nephron development","7/168","145/12916",0.0482758620689655,3.71149425287356,3.76930304782644,0.0028595813711792,0.0214538690617146,0.0153307793841857,"GREM1/ITGB3/LIF/PDGFB/PODXL/STAT1/VEGFA",7
"GO:0042325","regulation of phosphorylation","12/168","364/12916",0.032967032967033,2.53453689167975,3.40919920883139,0.00287607090061294,0.0215200572834207,0.0153780770078399,"EREG/FGF19/HERC5/IL6/INHBA/LIF/PARP14/PARP9/PDGFB/RASGRP1/TNF/VEGFA",12
"GO:0051251","positive regulation of lymphocyte activation","10/168","271/12916",0.03690036900369,2.83693551221227,3.50832612496194,0.00288246438621446,0.0215200572834207,0.0153780770078399,"CCL5/CD274/IL1A/IL1B/IL6/IL7R/NFKBIZ/NLRP3/RASGRP1/VNN1",10
"GO:0009743","response to carbohydrate","8/168","185/12916",0.0432432432432432,3.32458172458172,3.65578160279948,0.00289145685520152,0.0215346701551626,0.0153885192601069,"FUT1/ICAM1/IL1B/ITGA2/RPS6KA2/SOD2/TNF/TXNIP",8
"GO:0042102","positive regulation of T cell proliferation","5/168","75/12916",0.0666666666666667,5.12539682539682,4.11318039831865,0.00290733189370779,0.0216003469093193,0.0154354513927562,"CCL5/CD274/IL1A/IL1B/IL6",5
"GO:0042311","vasodilation","4/168","46/12916",0.0869565217391304,6.68530020703934,4.43428766121731,0.00294542451016094,0.021777643540103,0.0155621462804842,"ADRB2/SOD2/TNF/VEGFA",4
"GO:1904645","response to amyloid-beta","4/168","46/12916",0.0869565217391304,6.68530020703934,4.43428766121731,0.00294542451016094,0.021777643540103,0.0155621462804842,"ADRB2/ICAM1/MMP13/TNF",4
"GO:0071675","regulation of mononuclear cell migration","6/168","109/12916",0.055045871559633,4.23197903014417,3.88990412399755,0.00297498632635228,0.0219432123975044,0.0156804605863286,"CCL20/CCL5/GREM1/ITGB3/SERPINE1/TNF",6
"GO:0090287","regulation of cellular response to growth factor stimulus","10/168","273/12916",0.0366300366300366,2.81615210186639,3.48168351275218,0.00303840972586493,0.0223571446415206,0.0159762535686926,"BMPER/CCBE1/GREM1/IL1B/ITGB3/LOX/RUNX2/TNFAIP6/VEGFA/ZEB2",10
"GO:0006910","phagocytosis, recognition","3/168","23/12916",0.130434782608696,10.027950310559,4.974585566734,0.00316155658684772,0.0229869945661303,0.016426339761144,"C1R/C1S/PTX3",3
"GO:0034138","toll-like receptor 3 signaling pathway","3/168","23/12916",0.130434782608696,10.027950310559,4.974585566734,0.00316155658684772,0.0229869945661303,0.016426339761144,"OAS1/TNF/TNFAIP3",3
"GO:0039529","RIG-I signaling pathway","3/168","23/12916",0.130434782608696,10.027950310559,4.974585566734,0.00316155658684772,0.0229869945661303,0.016426339761144,"BIRC3/DDX60/OAS3",3
"GO:0051438","regulation of ubiquitin-protein transferase activity","3/168","23/12916",0.130434782608696,10.027950310559,4.974585566734,0.00316155658684772,0.0229869945661303,0.016426339761144,"ARRDC3/ARRDC4/DTX3L",3
"GO:0072576","liver morphogenesis","3/168","23/12916",0.130434782608696,10.027950310559,4.974585566734,0.00316155658684772,0.0229869945661303,0.016426339761144,"IL6/TNF/TNFAIP3",3
"GO:0060986","endocrine hormone secretion","4/168","47/12916",0.0851063829787234,6.54305977710233,4.37025631819461,0.00318723474992401,0.0231187809704204,0.016520513370771,"C1QTNF1/IL1B/INHBA/NKX3-1",4
"GO:0021782","glial cell development","6/168","111/12916",0.0540540540540541,4.15572715572716,3.83311601258847,0.00325663325419114,0.023510741488394,0.0168006055169046,"IL1B/IL6/TLR2/TNF/TSPAN2/ZEB2",6
"GO:0033209","tumor necrosis factor-mediated signaling pathway","6/168","111/12916",0.0540540540540541,4.15572715572716,3.83311601258847,0.00325663325419114,0.023510741488394,0.0168006055169046,"BIRC3/STAT1/TNF/TNFAIP3/TNFRSF1B/TRAF1",6
"GO:0043065","positive regulation of apoptotic process","14/168","470/12916",0.0297872340425532,2.29007092198582,3.27060755612566,0.00331950463141992,0.0239082439453562,0.0170846578924845,"AKAP12/BCL2A1/CCL5/CD274/FAP/IL6/INHBA/NKX3-1/RPS6KA2/SOD2/TNF/TNFRSF1B/TXNIP/VNN1",14
"GO:0045453","bone resorption","4/168","48/12916",0.0833333333333333,6.40674603174603,4.30806137093129,0.00344224036157874,0.0246761071353455,0.0176333673643797,"ADRB2/IL6/ITGB3/TNFAIP3",4
"GO:0048146","positive regulation of fibroblast proliferation","4/168","48/12916",0.0833333333333333,6.40674603174603,4.30806137093129,0.00344224036157874,0.0246761071353455,0.0176333673643797,"EREG/ITGB3/LIF/PDGFB",4
"GO:0002832","negative regulation of response to biotic stimulus","6/168","113/12916",0.0530973451327434,4.08217446270544,3.77764710793097,0.00355771121907933,0.0252865414984558,0.0180695793372621,"CD274/IFI16/OAS1/OAS3/PARP14/TNFAIP3",6
"GO:0039531","regulation of cytoplasmic pattern recognition receptor signaling pathway","6/168","113/12916",0.0530973451327434,4.08217446270544,3.77764710793097,0.00355771121907933,0.0252865414984558,0.0180695793372621,"BIRC3/DDX60/GBP5/IFI16/NLRP3/TNFAIP3",6
"GO:0031639","plasminogen activation","3/168","24/12916",0.125,9.61011904761905,4.84658068746552,0.00357899518160392,0.0252865414984558,0.0180695793372621,"PLAT/PLAU/SERPINE1",3
"GO:0033081","regulation of T cell differentiation in thymus","3/168","24/12916",0.125,9.61011904761905,4.84658068746552,0.00357899518160392,0.0252865414984558,0.0180695793372621,"IL7R/RASGRP1/VNN1",3
"GO:0035313","wound healing, spreading of epidermal cells","3/168","24/12916",0.125,9.61011904761905,4.84658068746552,0.00357899518160392,0.0252865414984558,0.0180695793372621,"HBEGF/ITGB3/PHLDB2",3
"GO:0060333","type II interferon-mediated signaling pathway","3/168","24/12916",0.125,9.61011904761905,4.84658068746552,0.00357899518160392,0.0252865414984558,0.0180695793372621,"PARP14/PARP9/STAT1",3
"GO:0001932","regulation of protein phosphorylation","11/168","326/12916",0.0337423312883436,2.59414256500146,3.34660080878232,0.00358522019285522,0.0252865414984558,0.0180695793372621,"EREG/FGF19/HERC5/IL6/LIF/PARP14/PARP9/PDGFB/RASGRP1/TNF/VEGFA",11
"GO:0002683","negative regulation of immune system process","13/168","424/12916",0.0306603773584906,2.35719901168014,3.26205511076918,0.00362262433117151,0.0254531238423306,0.0181886178731969,"CD274/GBP1/GREM1/IFI16/IL7R/INHBA/LST1/OAS1/OAS3/PARP14/TNF/TNFAIP3/TNFAIP6",13
"GO:0043491","phosphatidylinositol 3-kinase/protein kinase B signal transduction","10/168","280/12916",0.0357142857142857,2.74574829931973,3.39028847581322,0.00363808266338286,0.0254531238423306,0.0181886178731969,"C1QTNF1/CCL5/HBEGF/IL1B/LOX/NKX3-1/PDGFB/RASGRP1/TNF/VEGFA",10
"GO:0001960","negative regulation of cytokine-mediated signaling pathway","5/168","79/12916",0.0632911392405063,4.86588306208559,3.95650124578883,0.00364210004669741,0.0254531238423306,0.0181886178731969,"CCL5/IL6/OAS1/OAS3/PARP14",5
"GO:0050886","endocrine process","5/168","79/12916",0.0632911392405063,4.86588306208559,3.95650124578883,0.00364210004669741,0.0254531238423306,0.0181886178731969,"C1QTNF1/IL1B/INHBA/NKX3-1/RPS6KA2",5
"GO:0060135","maternal process involved in female pregnancy","4/168","49/12916",0.0816326530612245,6.27599611273081,4.24761039679805,0.00371077968728272,0.0258500578696555,0.0184722640530766,"CBS/LIF/PRDM1/STC2",4
"GO:0050921","positive regulation of chemotaxis","6/168","114/12916",0.0526315789473684,4.04636591478697,3.75038972748122,0.00371578747554668,0.0258500578696555,0.0184722640530766,"CCL5/IL6/ITGA2/PDGFB/SERPINE1/VEGFA",6
"GO:0051962","positive regulation of nervous system development","9/168","236/12916",0.038135593220339,2.93190072639225,3.43844434507034,0.00373397764256155,0.0259176996913399,0.0185206004087431,"CUX2/IL1B/IL6/LIF/SEMA7A/TNF/TNFRSF1B/VEGFA/ZEB2",9
"GO:0002064","epithelial cell development","8/168","193/12916",0.0414507772020725,3.18677522822601,3.51373379093493,0.00374285196921991,0.02592052008548,0.0185226158419599,"FRMD6/ICAM1/IL1B/PDGFB/PODXL/PRDM1/TNF/VEGFA",8
"GO:0008015","blood circulation","13/168","427/12916",0.0304449648711944,2.34063789450206,3.23401786334078,0.00384459445772638,0.0265492332104538,0.0189718896856284,"ADM2/ADRB2/AKAP12/CBS/HBEGF/OLR1/PDGFB/RPS6KA2/SOD2/STAT1/TNF/VEGFA/ZEB2",13
"GO:0051302","regulation of cell division","7/168","153/12916",0.0457516339869281,3.51742919389978,3.59589841064977,0.00385098319027818,0.0265492332104538,0.0189718896856284,"EREG/IL1A/IL1B/NKX3-1/PDGFB/TXNIP/VEGFA",7
"GO:0032623","interleukin-2 production","4/168","50/12916",0.08,6.15047619047619,4.18881742236284,0.00399318648064099,0.0270457593594001,0.0193267036740086,"GBP1/IL1A/IL1B/TNFAIP3",4
"GO:0032663","regulation of interleukin-2 production","4/168","50/12916",0.08,6.15047619047619,4.18881742236284,0.00399318648064099,0.0270457593594001,0.0193267036740086,"GBP1/IL1A/IL1B/TNFAIP3",4
"GO:0034113","heterotypic cell-cell adhesion","4/168","50/12916",0.08,6.15047619047619,4.18881742236284,0.00399318648064099,0.0270457593594001,0.0193267036740086,"IL1B/ITGB3/NRCAM/TNF",4
"GO:0045744","negative regulation of G protein-coupled receptor signaling pathway","4/168","50/12916",0.08,6.15047619047619,4.18881742236284,0.00399318648064099,0.0270457593594001,0.0193267036740086,"ADRB2/ARRDC3/CCL5/SERPINE1",4
"GO:0050918","positive chemotaxis","4/168","50/12916",0.08,6.15047619047619,4.18881742236284,0.00399318648064099,0.0270457593594001,0.0193267036740086,"CCL5/ITGA2/PDGFB/VEGFA",4
"GO:0030194","positive regulation of blood coagulation","3/168","25/12916",0.12,9.22571428571428,4.72586312886747,0.00402855440046796,0.0270457593594001,0.0193267036740086,"PLAT/PLAU/SERPINE1",3
"GO:0032607","interferon-alpha production","3/168","25/12916",0.12,9.22571428571428,4.72586312886747,0.00402855440046796,0.0270457593594001,0.0193267036740086,"IFIH1/IRF7/STAT1",3
"GO:0032647","regulation of interferon-alpha production","3/168","25/12916",0.12,9.22571428571428,4.72586312886747,0.00402855440046796,0.0270457593594001,0.0193267036740086,"IFIH1/IRF7/STAT1",3
"GO:0051043","regulation of membrane protein ectodomain proteolysis","3/168","25/12916",0.12,9.22571428571428,4.72586312886747,0.00402855440046796,0.0270457593594001,0.0193267036740086,"IL1B/TNF/TNFRSF1B",3
"GO:1900048","positive regulation of hemostasis","3/168","25/12916",0.12,9.22571428571428,4.72586312886747,0.00402855440046796,0.0270457593594001,0.0193267036740086,"PLAT/PLAU/SERPINE1",3
"GO:0001936","regulation of endothelial cell proliferation","6/168","116/12916",0.0517241379310345,3.97660098522167,3.6967956942109,0.00404751830341217,0.0270457593594001,0.0193267036740086,"FUT1/ITGB3/PDGFB/STAT1/TNF/VEGFA",6
"GO:0010811","positive regulation of cell-substrate adhesion","6/168","116/12916",0.0517241379310345,3.97660098522167,3.6967956942109,0.00404751830341217,0.0270457593594001,0.0193267036740086,"ABI3BP/ECM2/FUT1/ITGB3/PDGFB/VEGFA",6
"GO:0001656","metanephros development","5/168","81/12916",0.0617283950617284,4.74573780129336,3.88206466647239,0.00405553856450984,0.0270457593594001,0.0193267036740086,"GREM1/LIF/NKX3-1/PDGFB/STAT1",5
"GO:0048145","regulation of fibroblast proliferation","5/168","81/12916",0.0617283950617284,4.74573780129336,3.88206466647239,0.00405553856450984,0.0270457593594001,0.0193267036740086,"EREG/ITGB3/LIF/PDGFB/SOD2",5
"GO:2000628","regulation of miRNA metabolic process","5/168","81/12916",0.0617283950617284,4.74573780129336,3.88206466647239,0.00405553856450984,0.0270457593594001,0.0193267036740086,"ETS1/IL6/PDGFB/TNF/VEGFA",5
"GO:0045667","regulation of osteoblast differentiation","6/168","117/12916",0.0512820512820513,3.94261294261294,3.67044626879497,0.00422137507478544,0.0280685534734498,0.0200575849370962,"GREM1/IL6/RUNX2/TNF/TNFAIP6/VEGFA",6
"GO:0043068","positive regulation of programmed cell death","14/168","483/12916",0.0289855072463768,2.22843340234645,3.15877021383139,0.00422724702752707,0.0280685534734498,0.0200575849370962,"AKAP12/BCL2A1/CCL5/CD274/FAP/IL6/INHBA/NKX3-1/RPS6KA2/SOD2/TNF/TNFRSF1B/TXNIP/VNN1",14
"GO:0016064","immunoglobulin mediated immune response","5/168","82/12916",0.0609756097560976,4.68786295005807,3.84575400218895,0.0042743686689145,0.0281782108238295,0.0201359452851382,"C1R/C1S/IRF7/NFKBIZ/TNF",5
"GO:0045824","negative regulation of innate immune response","5/168","82/12916",0.0609756097560976,4.68786295005807,3.84575400218895,0.0042743686689145,0.0281782108238295,0.0201359452851382,"IFI16/OAS1/OAS3/PARP14/TNFAIP3",5
"GO:0031663","lipopolysaccharide-mediated signaling pathway","4/168","51/12916",0.0784313725490196,6.02987861811391,4.13160235412302,0.00428978969091948,0.0281782108238295,0.0201359452851382,"IRAK2/PTAFR/TLR2/TNFAIP3",4
"GO:1902895","positive regulation of miRNA transcription","4/168","51/12916",0.0784313725490196,6.02987861811391,4.13160235412302,0.00428978969091948,0.0281782108238295,0.0201359452851382,"ETS1/IL6/PDGFB/TNF",4
"GO:1903409","reactive oxygen species biosynthetic process","4/168","51/12916",0.0784313725490196,6.02987861811391,4.13160235412302,0.00428978969091948,0.0281782108238295,0.0201359452851382,"CYP1A1/DUOX2/DUOXA2/SOD2",4
"GO:0001649","osteoblast differentiation","8/168","198/12916",0.0404040404040404,3.10630110630111,3.42866030440561,0.00436612762957322,0.0286182369895581,0.0204503847948904,"GREM1/IL6/LOX/RUNX2/SEMA7A/TNF/TNFAIP6/VEGFA",8
"GO:0071466","cellular response to xenobiotic stimulus","7/168","157/12916",0.0445859872611465,3.42781316348195,3.51348082761211,0.00443527139880749,0.0290084485973264,0.0207292271824633,"ABCA1/CYP1A1/FUT1/IL1B/ITGB3/NKX3-1/SLC28A3",7
"GO:0031644","regulation of nervous system process","5/168","83/12916",0.0602409638554217,4.63138267355135,3.8100246446544,0.00450149902052335,0.0290084485973264,0.0207292271824633,"ADRB2/CUX2/ITGA2/TNF/TNFRSF1B",5
"GO:0060761","negative regulation of response to cytokine stimulus","5/168","83/12916",0.0602409638554217,4.63138267355135,3.8100246446544,0.00450149902052335,0.0290084485973264,0.0207292271824633,"CCL5/IL6/OAS1/OAS3/PARP14",5
"GO:0001958","endochondral ossification","3/168","26/12916",0.115384615384615,8.87087912087912,4.61173428657083,0.00451095117031276,0.0290084485973264,0.0207292271824633,"CBS/MMP13/RUNX2",3
"GO:0002455","humoral immune response mediated by circulating immunoglobulin","3/168","26/12916",0.115384615384615,8.87087912087912,4.61173428657083,0.00451095117031276,0.0290084485973264,0.0207292271824633,"C1R/C1S/TNF",3
"GO:0036075","replacement ossification","3/168","26/12916",0.115384615384615,8.87087912087912,4.61173428657083,0.00451095117031276,0.0290084485973264,0.0207292271824633,"CBS/MMP13/RUNX2",3
"GO:0044273","sulfur compound catabolic process","3/168","26/12916",0.115384615384615,8.87087912087912,4.61173428657083,0.00451095117031276,0.0290084485973264,0.0207292271824633,"CBS/CHAC1/VNN1",3
"GO:1902042","negative regulation of extrinsic apoptotic signaling pathway via death domain receptors","3/168","26/12916",0.115384615384615,8.87087912087912,4.61173428657083,0.00451095117031276,0.0290084485973264,0.0207292271824633,"ICAM1/SERPINE1/TNFAIP3",3
"GO:1902894","negative regulation of miRNA transcription","3/168","26/12916",0.115384615384615,8.87087912087912,4.61173428657083,0.00451095117031276,0.0290084485973264,0.0207292271824633,"PDGFB/TNF/VEGFA",3
"GO:1902107","positive regulation of leukocyte differentiation","7/168","158/12916",0.0443037974683544,3.40611814345992,3.49329298072848,0.00459128811725321,0.0294015333198997,0.0210101226770583,"IL7R/LIF/NFKBIZ/NLRP3/RASGRP1/TNF/VNN1",7
"GO:1903708","positive regulation of hemopoiesis","7/168","158/12916",0.0443037974683544,3.40611814345992,3.49329298072848,0.00459128811725321,0.0294015333198997,0.0210101226770583,"IL7R/LIF/NFKBIZ/NLRP3/RASGRP1/TNF/VNN1",7
"GO:0002220","innate immune response activating cell surface receptor signaling pathway","5/168","84/12916",0.0595238095238095,4.57624716553288,3.77485968271166,0.0047370986455559,0.0302088728209304,0.021587041634792,"IRAK2/OAS1/TLR2/TNFAIP3/TNIP3",5
"GO:0019724","B cell mediated immunity","5/168","84/12916",0.0595238095238095,4.57624716553288,3.77485968271166,0.0047370986455559,0.0302088728209304,0.021587041634792,"C1R/C1S/IRF7/NFKBIZ/TNF",5
"GO:0006575","modified amino acid metabolic process","7/168","159/12916",0.0440251572327044,3.38469601677149,3.47326667486629,0.00475141681418907,0.0302371868362427,0.0216072746249806,"ALDH1L2/CHAC1/DUOX2/DUOXA2/MTHFD2/SOD2/VNN1",7
"GO:0038061","non-canonical NF-kappaB signal transduction","6/168","120/12916",0.05,3.84404761904762,3.59311559913014,0.00477612759015823,0.0303313828910256,0.0216745864432164,"BIRC3/GREM1/IL1B/IRAK2/NLRP3/TNF",6
"GO:2001234","negative regulation of apoptotic signaling pathway","8/168","202/12916",0.0396039603960396,3.04479019330504,3.36251440495778,0.0049199817236781,0.0311802568450904,0.0222811856201441,"CSF2/ICAM1/IL1A/IL1B/SERPINE1/SOD2/TNF/TNFAIP3",8
"GO:0008277","regulation of G protein-coupled receptor signaling pathway","6/168","121/12916",0.0495867768595041,3.81227863046045,3.56789204731472,0.00497244449765954,0.0314024748552623,0.0224399810000981,"ADRB2/ARRDC3/CCL5/ITGB3/KCTD16/SERPINE1",6
"GO:0003338","metanephros morphogenesis","3/168","27/12916",0.111111111111111,8.54232804232804,4.50358647725877,0.00502685811142716,0.0314024748552623,0.0224399810000981,"GREM1/LIF/STAT1",3
"GO:0030212","hyaluronan metabolic process","3/168","27/12916",0.111111111111111,8.54232804232804,4.50358647725877,0.00502685811142716,0.0314024748552623,0.0224399810000981,"IL1B/PDGFB/TNFAIP6",3
"GO:0043406","positive regulation of MAP kinase activity","3/168","27/12916",0.111111111111111,8.54232804232804,4.50358647725877,0.00502685811142716,0.0314024748552623,0.0224399810000981,"PDGFB/RASGRP1/TNF",3
"GO:0048333","mesodermal cell differentiation","3/168","27/12916",0.111111111111111,8.54232804232804,4.50358647725877,0.00502685811142716,0.0314024748552623,0.0224399810000981,"INHBA/ITGA2/ITGB3",3
"GO:1904994","regulation of leukocyte adhesion to vascular endothelial cell","3/168","27/12916",0.111111111111111,8.54232804232804,4.50358647725877,0.00502685811142716,0.0314024748552623,0.0224399810000981,"ETS1/IL6/TNF",3
"GO:2000629","negative regulation of miRNA metabolic process","3/168","27/12916",0.111111111111111,8.54232804232804,4.50358647725877,0.00502685811142716,0.0314024748552623,0.0224399810000981,"PDGFB/TNF/VEGFA",3
"GO:0045639","positive regulation of myeloid cell differentiation","5/168","86/12916",0.0581395348837209,4.46982281284607,3.70615871741209,0.00523437830506776,0.03263224438251,0.0233187653937846,"ETS1/INHBA/LIF/STAT1/TNF",5
"GO:0072678","T cell migration","4/168","54/12916",0.0740740740740741,5.69488536155203,3.96870152678187,0.00526799105865725,0.0327085611167339,0.0233733007790963,"CCL20/CCL5/ICAM1/ITGB3",4
"GO:2000242","negative regulation of reproductive process","4/168","54/12916",0.0740740740740741,5.69488536155203,3.96870152678187,0.00526799105865725,0.0327085611167339,0.0233733007790963,"LIF/NKX3-1/PLAT/RPS6KA2",4
"GO:0062207","regulation of pattern recognition receptor signaling pathway","7/168","163/12916",0.0429447852760736,3.30163599182004,3.39472877222976,0.00543440241610569,0.0336734935135618,0.0240628344783031,"BIRC3/DDX60/GBP5/IFI16/IRF7/NLRP3/TNFAIP3",7
"GO:0031348","negative regulation of defense response","8/168","206/12916",0.0388349514563107,2.98566805362922,3.29798216225101,0.00552623931341635,0.0341733707845807,0.0244200431542354,"IFI16/NLRP3/OAS1/OAS3/PARP14/TNFAIP3/TNFAIP6/TNFRSF1B",8
"GO:0001818","negative regulation of cytokine production","9/168","251/12916",0.0358565737051793,2.756687535572,3.22633606021207,0.00556821922200328,0.034278926961474,0.0244954728334198,"CD274/GBP1/IL6/INHBA/NLRP3/OAS1/OAS3/TNF/TNFAIP3",9
"GO:0035886","vascular associated smooth muscle cell differentiation","3/168","28/12916",0.107142857142857,8.23724489795918,4.40088823602882,0.00557690481111208,0.034278926961474,0.0244954728334198,"PDGFB/SOD2/VEGFA",3
"GO:0042462","eye photoreceptor cell development","3/168","28/12916",0.107142857142857,8.23724489795918,4.40088823602882,0.00557690481111208,0.034278926961474,0.0244954728334198,"PRDM1/RP1/VEGFA",3
"GO:0030203","glycosaminoglycan metabolic process","4/168","55/12916",0.0727272727272727,5.59134199134199,3.917098001349,0.00562456646409929,0.0345026010954067,0.0246553087488626,"IL1B/PDGFB/PGLYRP4/TNFAIP6",4
"GO:0070665","positive regulation of leukocyte proliferation","6/168","125/12916",0.048,3.69028571428571,3.46962054867327,0.00581742100553423,0.0356142513958806,0.0254496859989476,"CCL5/CD274/CSF2/IL1A/IL1B/IL6",6
"GO:0042698","ovulation cycle","4/168","56/12916",0.0714285714285714,5.49149659863946,3.86674402445348,0.00599690425001045,0.0365667806957809,0.0261303565349585,"EREG/INHBA/PTX3/TNFAIP6",4
"GO:1901224","positive regulation of non-canonical NF-kappaB signal transduction","4/168","56/12916",0.0714285714285714,5.49149659863946,3.86674402445348,0.00599690425001045,0.0365667806957809,0.0261303565349585,"GREM1/IL1B/NLRP3/TNF",4
"GO:1903530","regulation of secretion by cell","13/168","451/12916",0.0288248337028825,2.21608066730018,3.01776441116485,0.00604709332024944,0.036731995456458,0.0262484178058494,"C1QTNF1/CCL5/IL1A/IL1B/IL6/INHBA/KMO/LIF/NKX3-1/SCG5/TLR2/TNF/TNFRSF1B",13
"GO:0014013","regulation of gliogenesis","5/168","89/12916",0.0561797752808989,4.31915462814339,3.60695529663429,0.00604799925189638,0.036731995456458,0.0262484178058494,"IL1B/IL6/LIF/TNF/TNFRSF1B",5
"GO:0001503","ossification","11/168","350/12916",0.0314285714285714,2.41625850340136,3.08360572737371,0.00607429085289215,0.0368186223776294,0.0263103207760498,"ADRB2/CBS/GREM1/IL6/LOX/MMP13/RUNX2/SEMA7A/TNF/TNFAIP6/VEGFA",11
"GO:0046879","hormone secretion","9/168","255/12916",0.0352941176470588,2.71344537815126,3.17239435871303,0.00615891521869477,0.0369097840113534,0.0263754642189833,"C1QTNF1/CCL5/IL1B/IL6/INHBA/LIF/NKX3-1/SCG5/TNF",9
"GO:0035456","response to interferon-beta","3/168","29/12916",0.103448275862069,7.95320197044335,4.3031724218344,0.0061616790688669,0.0369097840113534,0.0263754642189833,"IFI16/OAS1/STAT1",3
"GO:0045124","regulation of bone resorption","3/168","29/12916",0.103448275862069,7.95320197044335,4.3031724218344,0.0061616790688669,0.0369097840113534,0.0263754642189833,"IL6/ITGB3/TNFAIP3",3
"GO:0050820","positive regulation of coagulation","3/168","29/12916",0.103448275862069,7.95320197044335,4.3031724218344,0.0061616790688669,0.0369097840113534,0.0263754642189833,"PLAT/PLAU/SERPINE1",3
"GO:1900017","positive regulation of cytokine production involved in inflammatory response","3/168","29/12916",0.103448275862069,7.95320197044335,4.3031724218344,0.0061616790688669,0.0369097840113534,0.0263754642189833,"GBP5/IL6/TNF",3
"GO:2000406","positive regulation of T cell migration","3/168","29/12916",0.103448275862069,7.95320197044335,4.3031724218344,0.0061616790688669,0.0369097840113534,0.0263754642189833,"CCL20/CCL5/ITGB3",3
"GO:0042542","response to hydrogen peroxide","5/168","90/12916",0.0555555555555556,4.27116402116402,3.57485784368297,0.00633792007206213,0.0378913541808246,0.0270768871499694,"IL6/SOD2/STAT1/TNFAIP3/TXNIP",5
"GO:0043536","positive regulation of blood vessel endothelial cell migration","4/168","57/12916",0.0701754385964912,5.39515455304929,3.81758574026529,0.00638530066668343,0.0380260804294124,0.0271731615510305,"ETS1/GREM1/PDGFB/VEGFA",4
"GO:0141084","inflammasome-mediated signaling pathway","4/168","57/12916",0.0701754385964912,5.39515455304929,3.81758574026529,0.00638530066668343,0.0380260804294124,0.0271731615510305,"GBP5/IFI16/NLRP1/NLRP3",4
"GO:0010001","glial cell differentiation","8/168","213/12916",0.0375586854460094,2.88754750726582,3.18871248713982,0.00672263458152876,0.0399572513671059,0.0285531623105095,"IL1B/IL6/LIF/TLR2/TNF/TNFRSF1B/TSPAN2/ZEB2",8
"GO:0051347","positive regulation of transferase activity","6/168","129/12916",0.0465116279069767,3.57585825027685,3.37530716533701,0.0067628066314843,0.0399698667653271,0.0285621771826715,"ARRDC3/ARRDC4/EREG/PDGFB/RASGRP1/TNF",6
"GO:0002446","neutrophil mediated immunity","3/168","30/12916",0.1,7.68809523809524,4.21002651808334,0.00678172811371989,0.0399698667653271,0.0285621771826715,"CXCL6/IL6/TREM1",3
"GO:0006956","complement activation","3/168","30/12916",0.1,7.68809523809524,4.21002651808334,0.00678172811371989,0.0399698667653271,0.0285621771826715,"C1R/C1S/IL1B",3
"GO:0045648","positive regulation of erythrocyte differentiation","3/168","30/12916",0.1,7.68809523809524,4.21002651808334,0.00678172811371989,0.0399698667653271,0.0285621771826715,"ETS1/INHBA/STAT1",3
"GO:0051145","smooth muscle cell differentiation","4/168","58/12916",0.0689655172413793,5.30213464696223,3.76957252586264,0.00679004597124145,0.0399698667653271,0.0285621771826715,"EREG/PDGFB/SOD2/VEGFA",4
"GO:0050777","negative regulation of immune response","7/168","170/12916",0.0411764705882353,3.1656862745098,3.2629759022356,0.00680361523089532,0.0399728718268149,0.0285643245778371,"CD274/IFI16/IL7R/OAS1/OAS3/PARP14/TNFAIP3",7
"GO:0001976","nervous system process involved in regulation of systemic arterial blood pressure","2/168","10/12916",0.2,15.3761904761905,5.22070082704055,0.00706678558921039,0.0406605840010771,0.0290557587146403,"RPS6KA2/SOD2",2
"GO:0002922","positive regulation of humoral immune response","2/168","10/12916",0.2,15.3761904761905,5.22070082704055,0.00706678558921039,0.0406605840010771,0.0290557587146403,"IL1B/TNF",2
"GO:0009128","purine nucleoside monophosphate catabolic process","2/168","10/12916",0.2,15.3761904761905,5.22070082704055,0.00706678558921039,0.0406605840010771,0.0290557587146403,"AMPD3/XDH",2
"GO:0048845","venous blood vessel morphogenesis","2/168","10/12916",0.2,15.3761904761905,5.22070082704055,0.00706678558921039,0.0406605840010771,0.0290557587146403,"CCBE1/VEGFA",2
"GO:0051443","positive regulation of ubiquitin-protein transferase activity","2/168","10/12916",0.2,15.3761904761905,5.22070082704055,0.00706678558921039,0.0406605840010771,0.0290557587146403,"ARRDC3/ARRDC4",2
"GO:0060346","bone trabecula formation","2/168","10/12916",0.2,15.3761904761905,5.22070082704055,0.00706678558921039,0.0406605840010771,0.0290557587146403,"GREM1/VEGFA",2
"GO:0072124","regulation of glomerular mesangial cell proliferation","2/168","10/12916",0.2,15.3761904761905,5.22070082704055,0.00706678558921039,0.0406605840010771,0.0290557587146403,"ITGB3/PDGFB",2
"GO:0090649","response to oxygen-glucose deprivation","2/168","10/12916",0.2,15.3761904761905,5.22070082704055,0.00706678558921039,0.0406605840010771,0.0290557587146403,"INHBA/ZEB2",2
"GO:1902965","regulation of protein localization to early endosome","2/168","10/12916",0.2,15.3761904761905,5.22070082704055,0.00706678558921039,0.0406605840010771,0.0290557587146403,"DTX3L/VEGFA",2
"GO:1902966","positive regulation of protein localization to early endosome","2/168","10/12916",0.2,15.3761904761905,5.22070082704055,0.00706678558921039,0.0406605840010771,0.0290557587146403,"DTX3L/VEGFA",2
"GO:1905668","positive regulation of protein localization to endosome","2/168","10/12916",0.2,15.3761904761905,5.22070082704055,0.00706678558921039,0.0406605840010771,0.0290557587146403,"DTX3L/VEGFA",2
"GO:0001894","tissue homeostasis","8/168","215/12916",0.0372093023255814,2.86068660022148,3.15830683889056,0.00709804084380059,0.0406874588443326,0.0290749632829048,"ADRB2/IL6/ITGB3/NFKBIZ/RP1/TNFAIP3/VEGFA/ZEB2",8
"GO:0060249","anatomical structure homeostasis","8/168","215/12916",0.0372093023255814,2.86068660022148,3.15830683889056,0.00709804084380059,0.0406874588443326,0.0290749632829048,"ADRB2/IL6/ITGB3/NFKBIZ/RP1/TNFAIP3/VEGFA/ZEB2",8
"GO:1903053","regulation of extracellular matrix organization","4/168","59/12916",0.0677966101694915,5.21226795803067,3.72265674492105,0.00721142429951454,0.0411831525761455,0.029429182432033,"FAP/IL6/ITGB3/TNFRSF1B",4
"GO:2000630","positive regulation of miRNA metabolic process","4/168","59/12916",0.0677966101694915,5.21226795803067,3.72265674492105,0.00721142429951454,0.0411831525761455,0.029429182432033,"ETS1/IL6/PDGFB/TNF",4
"GO:0001914","regulation of T cell mediated cytotoxicity","3/168","31/12916",0.0967741935483871,7.44009216589862,4.12108466487552,0.00743755979424595,0.042159945426272,0.0301271915252302,"IL7R/RAET1L/ULBP1",3
"GO:0033028","myeloid cell apoptotic process","3/168","31/12916",0.0967741935483871,7.44009216589862,4.12108466487552,0.00743755979424595,0.042159945426272,0.0301271915252302,"CCL5/IL6/IRF7",3
"GO:0042119","neutrophil activation","3/168","31/12916",0.0967741935483871,7.44009216589862,4.12108466487552,0.00743755979424595,0.042159945426272,0.0301271915252302,"CCL5/CXCL6/TNF",3
"GO:2000403","positive regulation of lymphocyte migration","3/168","31/12916",0.0967741935483871,7.44009216589862,4.12108466487552,0.00743755979424595,0.042159945426272,0.0301271915252302,"CCL20/CCL5/ITGB3",3
"GO:0042113","B cell activation","8/168","217/12916",0.0368663594470046,2.83432082510424,3.1282483249663,0.00748909768630894,0.0423736192565465,0.0302798812961377,"IKZF3/IL6/IL7R/INHBA/NFKBIZ/RASGRP1/THEMIS2/TNFAIP3",8
"GO:0007044","cell-substrate junction assembly","5/168","94/12916",0.0531914893617021,4.08941236068896,3.45098235761301,0.0075954990152659,0.042738644275237,0.0305407255296489,"GREM1/ITGA2/ITGB3/PHLDB2/VEGFA",5
"GO:0010586","miRNA metabolic process","5/168","94/12916",0.0531914893617021,4.08941236068896,3.45098235761301,0.0075954990152659,0.042738644275237,0.0305407255296489,"ETS1/IL6/PDGFB/TNF/VEGFA",5
"GO:0043535","regulation of blood vessel endothelial cell migration","5/168","94/12916",0.0531914893617021,4.08941236068896,3.45098235761301,0.0075954990152659,0.042738644275237,0.0305407255296489,"ETS1/GREM1/PDGFB/TNF/VEGFA",5
"GO:0034103","regulation of tissue remodeling","4/168","60/12916",0.0666666666666667,5.12539682539682,3.67679352399894,0.00764971354734708,0.0428860314440099,0.0306460473325375,"GREM1/IL6/ITGB3/TNFAIP3",4
"GO:0034142","toll-like receptor 4 signaling pathway","4/168","60/12916",0.0666666666666667,5.12539682539682,3.67679352399894,0.00764971354734708,0.0428860314440099,0.0306460473325375,"IRAK2/OAS1/TNFAIP3/TNIP3",4
"GO:0009914","hormone transport","9/168","264/12916",0.0340909090909091,2.62094155844156,3.05471394550632,0.00766436149622381,0.0428895987933109,0.0306485965345003,"C1QTNF1/CCL5/IL1B/IL6/INHBA/LIF/NKX3-1/SCG5/TNF",9
"GO:0031334","positive regulation of protein-containing complex assembly","7/168","174/12916",0.0402298850574713,3.09291187739464,3.19071184898386,0.00769296662163785,0.0429711146511559,0.0307068471758806,"ABCA1/CSF2/GBP5/MMP1/NLRP3/TNF/VEGFA",7
"GO:0002274","myeloid leukocyte activation","7/168","175/12916",0.04,3.0752380952381,3.17297036863695,0.00792814251383636,0.0440826476004854,0.0315011405676881,"CCL5/CSF2/CXCL6/DHRS2/IL6/RASGRP1/TNF",7
"GO:0050679","positive regulation of epithelial cell proliferation","7/168","175/12916",0.04,3.0752380952381,3.17297036863695,0.00792814251383636,0.0440826476004854,0.0315011405676881,"CCL5/ITGB3/PDGFB/RUNX2/TNF/TNFAIP3/VEGFA",7
"GO:0061326","renal tubule development","5/168","95/12916",0.0526315789473684,4.04636591478697,3.42108400742475,0.00793516459584039,0.0440826476004854,0.0315011405676881,"COL4A1/GREM1/LIF/STAT1/VEGFA",5
"GO:0001889","liver development","6/168","134/12916",0.0447761194029851,3.44243070362473,3.26254163096226,0.00809558776405007,0.0447569055641515,0.0319829604230839,"CYP1A1/IL6/ITGA2/SOD2/TNF/TNFAIP3",6
"GO:0001885","endothelial cell development","4/168","61/12916",0.0655737704918033,5.04137392661983,3.63194054900776,0.00810518526102495,0.0447569055641515,0.0319829604230839,"ICAM1/IL1B/TNF/VEGFA",4
"GO:0001893","maternal placenta development","3/168","32/12916",0.09375,7.20758928571429,4.03602106878188,0.00812964374180602,0.0447569055641515,0.0319829604230839,"LIF/PRDM1/STC2",3
"GO:0046427","positive regulation of receptor signaling pathway via JAK-STAT","3/168","32/12916",0.09375,7.20758928571429,4.03602106878188,0.00812964374180602,0.0447569055641515,0.0319829604230839,"IL6/IL7R/STAT1",3
"GO:0071404","cellular response to low-density lipoprotein particle stimulus","3/168","32/12916",0.09375,7.20758928571429,4.03602106878188,0.00812964374180602,0.0447569055641515,0.0319829604230839,"ABCA1/FUT1/TXNIP",3
"GO:0002761","regulation of myeloid leukocyte differentiation","5/168","96/12916",0.0520833333333333,4.00421626984127,3.39159211118984,0.00828525237018779,0.045531701086436,0.032536623689408,"INHBA/IRF7/LIF/TNF/TNFAIP6",5
"GO:0031214","biomineral tissue development","6/168","135/12916",0.0444444444444444,3.41693121693122,3.24063095853536,0.00838328514129787,0.0459878778091627,0.0328626042701697,"ADRB2/AMTN/GREM1/LOX/MMP13/RUNX2",6
"GO:0002440","production of molecular mediator of immune response","7/168","177/12916",0.0395480225988701,3.04048964218456,3.13786444086884,0.00841437915232695,0.0460659262917263,0.0329183771502974,"IL1B/IL6/NFKBIZ/NLRP3/SEMA7A/TNF/TNFRSF1B",7
"GO:0007567","parturition","2/168","11/12916",0.181818181818182,13.978354978355,4.94330953460126,0.00856377589762424,0.0460659262917263,0.0329183771502974,"CYP1A1/MAFF",2
"GO:0009158","ribonucleoside monophosphate catabolic process","2/168","11/12916",0.181818181818182,13.978354978355,4.94330953460126,0.00856377589762424,0.0460659262917263,0.0329183771502974,"AMPD3/XDH",2
"GO:0010745","negative regulation of macrophage derived foam cell differentiation","2/168","11/12916",0.181818181818182,13.978354978355,4.94330953460126,0.00856377589762424,0.0460659262917263,0.0329183771502974,"ABCA1/ITGB3",2
"GO:0016185","synaptic vesicle budding from presynaptic endocytic zone membrane","2/168","11/12916",0.181818181818182,13.978354978355,4.94330953460126,0.00856377589762424,0.0460659262917263,0.0329183771502974,"MX1/MX2",2
"GO:0030949","positive regulation of vascular endothelial growth factor receptor signaling pathway","2/168","11/12916",0.181818181818182,13.978354978355,4.94330953460126,0.00856377589762424,0.0460659262917263,0.0329183771502974,"IL1B/ITGB3",2
"GO:0070943","neutrophil-mediated killing of symbiont cell","2/168","11/12916",0.181818181818182,13.978354978355,4.94330953460126,0.00856377589762424,0.0460659262917263,0.0329183771502974,"CXCL6/TREM1",2
"GO:0070944","neutrophil-mediated killing of bacterium","2/168","11/12916",0.181818181818182,13.978354978355,4.94330953460126,0.00856377589762424,0.0460659262917263,0.0329183771502974,"CXCL6/TREM1",2
"GO:0071801","regulation of podosome assembly","2/168","11/12916",0.181818181818182,13.978354978355,4.94330953460126,0.00856377589762424,0.0460659262917263,0.0329183771502974,"CSF2/TNF",2
"GO:0072110","glomerular mesangial cell proliferation","2/168","11/12916",0.181818181818182,13.978354978355,4.94330953460126,0.00856377589762424,0.0460659262917263,0.0329183771502974,"ITGB3/PDGFB",2
"GO:1905666","regulation of protein localization to endosome","2/168","11/12916",0.181818181818182,13.978354978355,4.94330953460126,0.00856377589762424,0.0460659262917263,0.0329183771502974,"DTX3L/VEGFA",2
"GO:0046425","regulation of receptor signaling pathway via JAK-STAT","4/168","62/12916",0.0645161290322581,4.96006144393241,3.5880578797468,0.00857810453651878,0.0460659262917263,0.0329183771502974,"IL6/IL7R/PARP14/STAT1",4
"GO:0044403","biological process involved in symbiotic interaction","7/168","178/12916",0.0393258426966292,3.02340823970037,3.12049658609111,0.00866557653736362,0.0464541677423293,0.033195811677835,"CXCL6/GBP5/ICAM1/IFIT1/ITGA2/ITGB3/TREM1",7
"GO:0032965","regulation of collagen biosynthetic process","3/168","33/12916",0.0909090909090909,6.98917748917749,3.95454451709835,0.00885841250753232,0.0471575664096634,0.0336984552689285,"IL6/INHBA/ITGA2",3
"GO:0034110","regulation of homotypic cell-cell adhesion","3/168","33/12916",0.0909090909090909,6.98917748917749,3.95454451709835,0.00885841250753232,0.0471575664096634,0.0336984552689285,"C1QTNF1/CCL5/IL6",3
"GO:0036230","granulocyte activation","3/168","33/12916",0.0909090909090909,6.98917748917749,3.95454451709835,0.00885841250753232,0.0471575664096634,0.0336984552689285,"CCL5/CXCL6/TNF",3
"GO:0055094","response to lipoprotein particle","3/168","33/12916",0.0909090909090909,6.98917748917749,3.95454451709835,0.00885841250753232,0.0471575664096634,0.0336984552689285,"ABCA1/FUT1/TXNIP",3
"GO:0061008","hepaticobiliary system development","6/168","137/12916",0.0437956204379562,3.36704900938478,3.19742169395635,0.00898061356545434,0.0476423884295593,0.0340449055714934,"CYP1A1/IL6/ITGA2/SOD2/TNF/TNFAIP3",6
"GO:0072073","kidney epithelium development","6/168","137/12916",0.0437956204379562,3.36704900938478,3.19742169395635,0.00898061356545434,0.0476423884295593,0.0340449055714934,"BMPER/GREM1/LIF/PODXL/STAT1/VEGFA",6
"GO:0030282","bone mineralization","5/168","98/12916",0.0510204081632653,3.92249757045675,3.3337872532883,0.00901731005188936,0.0477543011571511,0.0341248775957496,"ADRB2/GREM1/LOX/MMP13/RUNX2",5
"GO:1905330","regulation of morphogenesis of an epithelium","4/168","63/12916",0.0634920634920635,4.88133030990174,3.54510778063607,0.00906872992724729,0.0479436654703004,0.0342601959618578,"GREM1/LIF/TNF/VEGFA",4
"GO:0007229","integrin-mediated signaling pathway","5/168","99/12916",0.0505050505050505,3.88287638287638,3.30545496253221,0.00939958365853607,0.049521730772425,0.0353878699926406,"ITGA2/ITGB3/PLAU/SEMA7A/SERPINE1",5
"GO:0048144","fibroblast proliferation","5/168","99/12916",0.0505050505050505,3.88287638287638,3.30545496253221,0.00939958365853607,0.049521730772425,0.0353878699926406,"EREG/ITGB3/LIF/PDGFB/SOD2",5
