Gene_set,Term,Overlap,P-value,Adjusted P-value,Old P-value,Old Adjusted P-value,Odds Ratio,Combined Score,Genes
GO_Biological_Process_2021,cytokine-mediated signaling pathway (GO:0019221),56/621,2.678923243686381e-29,6.268680390226131e-26,0,0,8.437553588987218,555.1028769892836,CXCL6;IFITM1;CSF2;IFIT1;CXCL3;TNF;CXCL2;IFIT3;CX3CL1;CXCL5;ICAM1;GRB10;IL11;MMP1;TRAF1;TNFRSF1B;MMP9;VAV1;EREG;IL1A;OAS1;IL23A;IL1B;OAS3;IRF1;IRF7;LTB;IRF9;BIRC3;PTAFR;PDGFB;IFI6;IL20RB;SAMHD1;IRAK2;CCL5;CCL2;FYN;GBP1;DUOX2;STAT5A;IL32;TNFSF14;CCL20;STAT1;TNFRSF9;MX2;MX1;LIF;IL36G;SOD2;VEGFA;NFKBIA;IL6;IL7R;XAF1
GO_Biological_Process_2021,cellular response to cytokine stimulus (GO:0071345),43/482,2.4684626251855194e-22,2.8881012714670577e-19,0,0,7.934763882774066,394.7805014850756,CSF2;PTAFR;IL20RB;IFIT1;TNF;CXCL2;CX3CL1;ICAM1;IFI16;IRAK2;CCL5;ANKRD1;GRB10;HAS2;CCL2;FYN;GBP1;DUOX2;GBP4;NKX3-1;GBP3;STAT5A;IL32;GBP5;IL11;DUSP1;CCL20;STAT1;MMP1;LIF;IL36G;TNFRSF1B;MMP9;VAV1;EREG;VEGFA;IL1A;IL6;OAS1;IL23A;IL1B;IRF1;TLR2
KEGG_2021_Human,TNF signaling pathway,22/112,2.9617380390570493e-19,6.604675827097219e-17,0,0,18.52586872586873,790.3754454269276,CXCL6;CSF2;CCL20;LIF;TNFAIP3;TRAF1;CXCL3;TNFRSF1B;TNF;CXCL2;MMP9;CX3CL1;CXCL5;ICAM1;NFKBIA;IL6;IL1B;IRF1;CCL5;CCL2;BIRC3;CREB5
KEGG_2021_Human,Rheumatoid arthritis,19/93,3.931077843127963e-17,4.383151795087679e-15,0,0,19.25185681865071,727.2395253321122,CXCL6;IL11;CSF2;MMP1;CCL20;CXCL3;CXCL2;TNF;CXCL5;ICAM1;VEGFA;IL1A;IL6;IL23A;IL1B;CCL5;CCL2;LTB;TLR2
GO_Biological_Process_2021,defense response to symbiont (GO:0140546),21/124,4.8609865695497216e-17,3.791569524248783e-14,0,0,15.382225541448843,577.798002806326,RTP4;IFITM1;APOBEC3G;DDX58;STAT1;MX2;MX1;IFI6;IFIT1;SAMHD1;IFI44L;IFIT3;IFIH1;IL6;OAS1;IFI16;IRF1;OAS3;IRF7;NLRP1;TLR2
KEGG_2021_Human,NOD-like receptor signaling pathway,23/181,1.0564750450130514e-15,7.853131167930349e-14,0,0,11.03677264252772,380.5902848976132,GBP5;STAT1;TNFAIP3;CXCL3;TNF;CXCL2;NFKBIA;IL6;OAS1;IFI16;IL1B;OAS3;CCL5;IRF7;TXNIP;NLRP3;CCL2;NLRP1;GBP1;IRF9;GBP4;BIRC3;GBP3
GO_Biological_Process_2021,defense response to virus (GO:0051607),21/133,2.1508536499099023e-16,1.258249385197293e-13,0,0,14.13966346153846,510.09538223614777,RTP4;IFITM1;APOBEC3G;DDX58;STAT1;MX2;MX1;IFI6;IFIT1;SAMHD1;IFI44L;IFIT3;IFIH1;IL6;OAS1;IFI16;IRF1;OAS3;IRF7;NLRP1;TLR2
KEGG_2021_Human,Cytokine-cytokine receptor interaction,27/295,1.2805634211184195e-14,7.13914107273519e-13,0,0,7.71502232929839,246.7950094969633,CXCL6;CSF2;IL20RB;CXCL3;TNF;CXCL2;CX3CL1;CXCL5;CCL5;CCL2;IL32;IL11;TNFSF14;CCL20;TNFRSF9;LIF;IL36G;INHBA;TNFRSF1B;INHBE;IL1A;IL6;BMP2;IL23A;IL1B;LTB;IL7R
GO_Biological_Process_2021,cellular response to lipopolysaccharide (GO:0071222),19/120,5.685728692532121e-15,2.6609210281050318e-12,0,0,14.085934547653238,462.0301627493868,CD274;CXCL6;SERPINE1;IL36G;TNFAIP3;PDCD1LG2;CXCL3;TNFRSF1B;TNF;CXCL2;CXCL5;IL1A;IL6;IL1B;CCL5;TNIP3;ANKRD1;NLRP3;CCL2
GO_Biological_Process_2021,cellular response to molecule of bacterial origin (GO:0071219),18/115,3.694493440450057e-14,1.4408524417755223e-11,0,0,13.844851240641292,428.21221995554464,CD274;CXCL6;SERPINE1;IL36G;TNFAIP3;PDCD1LG2;CXCL3;TNFRSF1B;CXCL2;CXCL5;IL1A;IL6;IL1B;TNIP3;ANKRD1;NLRP3;CCL2;TLR2
GO_Biological_Process_2021,type I interferon signaling pathway (GO:0060337),14/65,2.714970934679972e-13,7.941289983938918e-11,0,0,20.221194095615772,585.0967116601123,IFITM1;STAT1;MX2;MX1;IFI6;IFIT1;SAMHD1;IFIT3;OAS1;IRF1;OAS3;IRF7;XAF1;IRF9
GO_Biological_Process_2021,cellular response to type I interferon (GO:0071357),14/65,2.714970934679972e-13,7.941289983938918e-11,0,0,20.221194095615772,585.0967116601123,IFITM1;STAT1;MX2;MX1;IFI6;IFIT1;SAMHD1;IFIT3;OAS1;IRF1;OAS3;IRF7;XAF1;IRF9
KEGG_2021_Human,Coronavirus disease,22/232,1.9502616538894456e-12,8.698166976346928e-11,0,0,7.891119691119691,212.76871453030708,CSF2;C1S;STAT1;DDX58;MMP1;C1R;MX2;MX1;TNF;C3;IFIH1;NFKBIA;IL6;OAS1;IL1B;OAS3;NLRP3;CCL2;CFB;IRF9;HBEGF;TLR2
KEGG_2021_Human,IL-17 signaling pathway,15/94,3.887217794152852e-12,1.4447492801601434e-10,0,0,14.019225278385838,368.3316961128752,CXCL6;CSF2;MMP1;CCL20;TNFAIP3;CXCL3;CXCL2;TNF;MMP9;CXCL5;NFKBIA;IL6;MMP13;IL1B;CCL2
GO_Biological_Process_2021,cellular response to interferon-gamma (GO:0071346),17/121,1.1909299285049682e-12,3.0964178141129167e-10,0,0,12.145068473193474,333.4584815229993,GBP5;CCL20;STAT1;PTAFR;CX3CL1;ICAM1;OAS1;IRF1;OAS3;CCL5;IRF7;CCL2;GBP1;IRF9;GBP4;TLR2;GBP3
GO_Biological_Process_2021,inflammatory response (GO:0006954),22/230,1.6377334977608077e-12,3.8322963847602894e-10,0,0,7.967812592812593,216.22817029562344,SERPINA3;CXCL6;TNFAIP6;CCL20;PLA2G4C;IL36G;CXCL3;TNF;CXCL2;CX3CL1;CXCL5;IL1A;BMP2;IL6;VNN1;IL1B;CCL5;OLR1;NLRP3;CCL2;PTX3;TLR2
KEGG_2021_Human,NF-kappa B signaling pathway,15/104,1.7599998701022568e-11,5.606856729040048e-10,0,0,12.437695362000508,307.99617122625307,TNFSF14;BCL2A1;GADD45A;DDX58;TNFAIP3;TRAF1;CXCL3;TNF;CXCL2;ICAM1;NFKBIA;PLAU;IL1B;LTB;BIRC3
KEGG_2021_Human,Lipid and atherosclerosis,20/215,2.8945719839047612e-11,8.068619405134522e-10,0,0,7.67226643088712,186.17213886464876,ABCA1;MMP1;VLDLR;CXCL3;SOD2;TNF;CXCL2;MMP9;VAV1;ICAM1;NFKBIA;IL6;IL1B;CCL5;CYP1A1;IRF7;OLR1;NLRP3;CCL2;TLR2
KEGG_2021_Human,Influenza A,18/172,4.102421192909071e-11,1.0164888066874698e-09,0,0,8.695126166609056,207.96010380690615,DDX58;STAT1;MX2;MX1;TNF;ICAM1;NFKBIA;IFIH1;IL1A;IL6;OAS1;IL1B;OAS3;CCL5;IRF7;NLRP3;CCL2;IRF9
KEGG_2021_Human,Measles,16/139,1.2115737086487373e-10,2.7018093702866843e-09,0,0,9.619144040497009,219.6428696616356,STAT5A;DDX58;STAT1;MX2;MX1;TNFAIP3;NFKBIA;IFIH1;IL1A;IL6;OAS1;IL1B;OAS3;IRF7;IRF9;TLR2
GO_Biological_Process_2021,negative regulation of viral process (GO:0048525),13/70,1.463442651698472e-11,3.1131416408858407e-09,0,0,16.732521602513746,417.4369985582085,IFITM1;APOBEC3G;STAT1;MX1;IFIT1;TNF;IFIH1;OAS1;IFI16;OAS3;CCL5;TRIM14;PTX3
KEGG_2021_Human,Pertussis,12/76,6.525150858026566e-10,1.3228260375817497e-08,0,0,13.700046468401489,289.7585427562044,C3;CXCL6;IL1A;IL6;C1S;IL23A;C1R;IL1B;IRF1;NLRP3;TNF;CXCL5
GO_Biological_Process_2021,response to lipopolysaccharide (GO:0032496),17/159,1.0278644590791844e-10,1.9130207939603623e-08,0,0,8.877747545881348,204.1737017043469,CD274;CXCL6;SERPINE1;IL36G;TNFAIP3;PDCD1LG2;CXCL3;TNFRSF1B;CXCL2;CXCL5;IL1A;IL6;IL1B;TNIP3;ANKRD1;NLRP3;CCL2
GO_Biological_Process_2021,regulation of inflammatory response (GO:0050727),19/206,1.062789329977979e-10,1.9130207939603623e-08,0,0,7.574560150222476,173.9494256823713,SEMA7A;TNFAIP6;SERPINE1;TNFAIP3;TNFRSF1B;ETS1;TNF;MMP9;CX3CL1;NFKBIA;IL6;IL23A;IL1B;CCL5;NFKBIZ;NLRP3;NLRP1;TLR2;BIRC3
KEGG_2021_Human,Viral protein interaction with cytokine and cytokine receptor,13/100,1.5064658274951587e-09,2.799515662761837e-08,0,0,10.94595985589295,222.35074941378844,CXCL6;TNFSF14;CCL20;IL20RB;CXCL3;TNFRSF1B;TNF;CXCL2;CX3CL1;CXCL5;IL6;CCL5;CCL2
GO_Biological_Process_2021,cellular response to tumor necrosis factor (GO:0071356),18/194,3.02523205145496e-10,5.05645928600329e-08,0,0,7.599680262703076,166.57635151128133,TNFSF14;CCL20;STAT1;TNFRSF9;TRAF1;TNFRSF1B;TNF;CX3CL1;NFKBIA;CCL5;ANKRD1;HAS2;CCL2;LTB;GBP1;NKX3-1;BIRC3;GBP3
GO_Biological_Process_2021,positive regulation of macromolecule metabolic process (GO:0010604),24/384,1.1795692672452943e-09,1.8401280569026597e-07,0,0,5.021789883268482,103.23854142292898,CSF2;DTX3L;DDX58;PDGFB;IL36G;ANK2;INHBA;ETS1;TNF;VEGFA;GREM1;IL1A;IL6;BMP2;C1QTNF1;CUX2;IL1B;ADM2;LAMP3;FGF19;ANKRD31;TLR2;NKX3-1;RBMS3
GO_Biological_Process_2021,cellular response to lipid (GO:0071396),18/219,2.1546444861310722e-09,3.1511675609666924e-07,0,0,6.645933828954089,132.6238636099373,CD274;CXCL6;SERPINE1;IL36G;TNFAIP3;PDCD1LG2;CXCL3;TNFRSF1B;CXCL2;CXCL5;IL1A;IL6;IL1B;TNIP3;ANKRD1;NLRP3;CCL2;NKX3-1
GO_Biological_Process_2021,positive regulation of cytokine production (GO:0001819),22/335,2.396642713292506e-09,3.298908205355567e-07,0,0,5.2664092664092665,104.53399473975868,GBP5;CCBE1;CD274;CSF2;DDX58;SERPINE1;TNF;RASGRP1;EREG;C3;IFIH1;IL1A;IL6;IFI16;IL23A;IL1B;IRF1;IRF7;CYP1B1;NLRP3;LTB;TLR2
GO_Biological_Process_2021,regulation of extrinsic apoptotic signaling pathway in absence of ligand (GO:2001239),8/28,3.348153130844733e-09,4.352599070098153e-07,0,0,28.863003663003663,563.2573875546136,IL1A;CSF2;UNC5B;IL1B;IFI6;SNAI2;INHBA;TNF
GO_Biological_Process_2021,negative regulation of viral genome replication (GO:0045071),10/54,3.544983137776465e-09,4.365926601261542e-07,0,0,16.500335457900032,321.05911240438274,IFIH1;IFITM1;OAS1;IFI16;APOBEC3G;OAS3;CCL5;MX1;IFIT1;TNF
GO_Biological_Process_2021,positive regulation of peptidyl-tyrosine phosphorylation (GO:0050731),14/134,6.408092591429599e-09,7.451703334892858e-07,0,0,8.563857677902622,161.56320557325296,IL11;CSF2;ITGB3;PDGFB;LIF;NEDD9;PARP14;PARP9;TNF;VEGFA;GREM1;IL6;IL23A;CCL5
GO_Biological_Process_2021,cellular response to oxygen-containing compound (GO:1901701),21/323,6.687426069775641e-09,7.451703334892858e-07,0,0,5.193033622007132,97.74866286563396,CD274;CXCL6;SERPINE1;PDGFB;IL36G;TNFAIP3;PDCD1LG2;CXCL3;TNFRSF1B;CXCL2;MMP9;CXCL5;SLC5A5;IL1A;IL6;IL1B;TNIP3;ANKRD1;NLRP3;CCL2;TLR2
GO_Biological_Process_2021,positive regulation of response to external stimulus (GO:0032103),14/139,1.0319129102223812e-08,1.0965559555470984e-06,0,0,8.219205992509364,151.1451691662128,GBP5;SERPINE1;PDGFB;DDX60;ETS1;TNF;CX3CL1;EREG;NFKBIA;IL23A;IL1B;CCL5;NFKBIZ;TLR2
GO_Biological_Process_2021,regulation of cell population proliferation (GO:0042127),33/764,1.07781140929843e-08,1.0965559555470984e-06,0,0,3.456400864922113,63.41026005590688,IFITM1;CSF2;BNC1;PDGFB;LAMC2;ETS1;IFIT3;CX3CL1;CXCL5;RPS6KA2;CYP1B1;HAS2;NKX3-1;STAT5A;IL11;MYOCD;STAT1;TNFRSF9;LIF;INHBA;SOD2;DHRS2;EREG;VEGFA;GREM1;IL1A;IL6;BMP2;IL1B;FGF19;IRF1;IL7R;HBEGF
GO_Biological_Process_2021,positive regulation of defense response (GO:0031349),12/98,1.298783242881662e-08,1.2663136618096203e-06,0,0,10.183971643468489,184.9333164452708,NFKBIA;GBP5;IL23A;IL1B;CCL5;SERPINE1;NFKBIZ;ETS1;TNF;CX3CL1;EREG;TLR2
GO_Biological_Process_2021,response to interferon-gamma (GO:0034341),11/80,1.5380531629074912e-08,1.4396177604814114e-06,0,0,11.602254428341384,208.72645189762204,GBP5;IFITM1;CCL20;STAT1;CCL5;CCL2;GBP1;CX3CL1;GBP4;TLR2;GBP3
GO_Biological_Process_2021,positive regulation of cell motility (GO:2000147),17/221,1.6424605884648747e-08,1.4782145296183872e-06,0,0,6.160037878787879,110.41550820686868,SEMA7A;PDGFB;NEDD9;LAMC2;SOD2;MMP9;VEGFA;BMP2;PLAU;PODXL;IL1B;CCL5;DUOXA2;SNAI2;HAS2;DUOX2;HBEGF
GO_Biological_Process_2021,negative regulation of extrinsic apoptotic signaling pathway in absence of ligand (GO:2001240),7/23,2.0282612037964744e-08,1.6950468631727678e-06,0,0,31.46008211678832,557.2682233369046,IL1A;CSF2;UNC5B;IL1B;IFI6;SNAI2;TNF
GO_Biological_Process_2021,negative regulation of signal transduction in absence of ligand (GO:1901099),7/23,2.0282612037964744e-08,1.6950468631727678e-06,0,0,31.46008211678832,557.2682233369046,IL1A;CSF2;UNC5B;IL1B;IFI6;SNAI2;TNF
GO_Biological_Process_2021,regulation of viral genome replication (GO:0045069),10/67,3.1284337280142074e-08,2.524322387432154e-06,0,0,12.728685181588656,219.95356723312207,IFIH1;IFITM1;OAS1;IFI16;APOBEC3G;OAS3;CCL5;MX1;IFIT1;TNF
GO_Biological_Process_2021,response to interleukin-1 (GO:0070555),11/86,3.333429885391564e-08,2.60007531060542e-06,0,0,10.670814814814817,183.7159930622419,IRAK2;CCL20;IL1B;CCL5;ANKRD1;CCL2;HAS2;GBP1;CX3CL1;NKX3-1;GBP3
KEGG_2021_Human,AGE-RAGE signaling pathway in diabetic complications,11/100,1.6220745414124986e-07,2.782481713346055e-06,0,0,8.985851019558885,140.48829698392106,STAT5A;IL1A;IL6;COL4A1;STAT1;IL1B;SERPINE1;CCL2;TNF;ICAM1;VEGFA
GO_Biological_Process_2021,extracellular matrix organization (GO:0030198),19/300,5.4239524076916734e-08,4.094209236773715e-06,0,0,5.0164624704572,83.9246945983517,MMP1;COL22A1;ITGB3;ITGA2;SERPINE1;PDGFB;LAMC2;MMP9;MMP10;ICAM1;LOXL2;GREM1;MMP13;LOX;COL5A1;COL4A1;PXDN;CYP1B1;HAS2
GO_Biological_Process_2021,innate immune response (GO:0045087),19/302,6.0247238520838e-08,4.405579316836279e-06,0,0,4.980497936503655,82.79982741385614,PGLYRP4;IFITM1;APOBEC3G;DDX58;MX1;IFI6;IFIT1;TREM1;C3;IFIH1;VNN1;OAS1;IRF7;TRIM14;FYN;PTX3;NLRP1;CFB;TLR2
GO_Biological_Process_2021,positive regulation of MAPK cascade (GO:0043410),18/274,7.059086386363837e-08,5.005533983057994e-06,0,0,5.203392347908745,85.68095820006681,IL11;SEMA7A;CCL20;PDGFB;LIF;ADRB2;TNF;RASGRP1;CX3CL1;ICAM1;VEGFA;MARCO;BMP2;IL6;BMPER;FGF19;CCL5;CCL2
GO_Biological_Process_2021,regulation of cell migration (GO:0030334),22/408,8.331477264946801e-08,5.734016705875152e-06,0,0,4.254366135195151,69.34889063109283,IFITM1;SEMA7A;DDX58;SERPINE1;PDGFB;STC1;NEDD9;LAMC2;SOD2;MMP9;CX3CL1;VEGFA;BMP2;PLAU;PODXL;IL1B;FGF19;CCL5;CYP1B1;SNAI2;HAS2;HBEGF
GO_Biological_Process_2021,positive regulation of gene expression (GO:0010628),24/482,9.394288637469617e-08,6.2807529747654e-06,0,0,3.927276434506312,63.54560594002572,CSF2;DDX58;PDGFB;SAMD4A;IL36G;ANK2;INHBA;ETS1;TNF;EREG;VEGFA;IL1A;IL6;BMP2;C1QTNF1;CUX2;IFI16;IL1B;ADM2;LAMP3;FGF19;TLR2;NKX3-1;RBMS3
GO_Biological_Process_2021,positive regulation of tyrosine phosphorylation of STAT protein (GO:0042531),9/59,1.275840828339641e-07,8.292965384207664e-06,0,0,13.01625,206.62633328048256,IL6;CSF2;IL23A;CCL5;LIF;PARP9;PARP14;TNF;VEGFA
GO_Biological_Process_2021,cellular response to chemokine (GO:1990869),9/60,1.4826915053985788e-07,9.37702195306128e-06,0,0,12.76038062283737,200.64724440333936,CXCL6;DUSP1;CCL20;CCL5;CCL2;CXCL3;CXCL2;CX3CL1;CXCL5
GO_Biological_Process_2021,negative regulation of extrinsic apoptotic signaling pathway (GO:2001237),10/80,1.7690083779577212e-07,1.089336738005544e-05,0,0,10.357933579335793,161.04180049799822,IL1A;CSF2;UNC5B;IL1B;SERPINE1;IFI6;TNFAIP3;SNAI2;TNF;ICAM1
GO_Biological_Process_2021,positive regulation of smooth muscle cell proliferation (GO:0048661),8/46,2.2579303776078497e-07,1.3547582265647098e-05,0,0,15.177173703489492,232.2661091097288,IL6;STAT1;CCL5;PDGFB;TNF;MMP9;CX3CL1;EREG
GO_Biological_Process_2021,positive regulation of intracellular signal transduction (GO:1902533),25/546,2.4700506935296344e-07,1.444979655714836e-05,0,0,3.5984734884836853,54.7466609887155,PDGFB;ADRB2;DDX60;TNF;CX3CL1;CCL5;FYN;NKX3-1;IL11;TNFSF14;UNC5B;LIF;VAV1;EREG;VEGFA;IL6;BMP2;IL23A;IL1B;NEDD4;FGF19;TRIM14;HBEGF;TLR2;BIRC3
GO_Biological_Process_2021,regulation of innate immune response (GO:0045088),9/64,2.6299947516879245e-07,1.501021394865791e-05,0,0,11.829946524064171,179.23686603787388,GBP5;IFI16;IRF1;CCL5;TNFAIP3;PARP9;SAMHD1;EREG;BIRC3
GO_Biological_Process_2021,cellular response to interleukin-1 (GO:0071347),13/155,3.041093255584627e-07,1.694323385254292e-05,0,0,6.687539415598066,100.35240444696971,CCL20;CX3CL1;NFKBIA;IL1A;IRAK2;IL1B;CCL5;ANKRD1;CCL2;HAS2;GBP1;NKX3-1;GBP3
KEGG_2021_Human,Epstein-Barr virus infection,14/202,1.0910968449563985e-06,1.7379614030376916e-05,0,0,5.447326480197625,74.7826796747691,GADD45A;STAT1;DDX58;TNFAIP3;TNF;ICAM1;NFKBIA;IL6;OAS1;NEDD4;OAS3;IRF7;IRF9;TLR2
KEGG_2021_Human,Legionellosis,8/57,1.251010369078664e-06,1.859835415363614e-05,0,0,11.763474620617478,159.88395979674695,C3;NFKBIA;IL6;IL1B;CXCL3;CXCL2;TNF;TLR2
GO_Biological_Process_2021,regulation of smooth muscle cell proliferation (GO:0048660),8/49,3.7627113481274363e-07,2.047615012701907e-05,0,0,14.064504601089968,208.05559561887472,IL6;STAT1;CCL5;PDGFB;TNFAIP3;TNF;CX3CL1;EREG
GO_Biological_Process_2021,interferon-gamma-mediated signaling pathway (GO:0060333),9/68,4.480830042020721e-07,2.279378760506193e-05,0,0,11.025672981056829,161.17645580309753,OAS1;STAT1;IRF1;OAS3;PTAFR;IRF7;GBP1;IRF9;ICAM1
GO_Biological_Process_2021,extracellular structure organization (GO:0043062),15/216,4.378237548316076e-07,2.279378760506193e-05,0,0,5.475816406688363,80.17388880814825,MMP1;COL22A1;ITGB3;ITGA2;SERPINE1;PDGFB;LAMC2;MMP9;MMP10;ICAM1;MMP13;LOX;COL5A1;COL4A1;PXDN
GO_Biological_Process_2021,regulation of tyrosine phosphorylation of STAT protein (GO:0042509),9/68,4.480830042020721e-07,2.279378760506193e-05,0,0,11.025672981056829,161.17645580309753,IL6;CSF2;IL23A;CCL5;LIF;PARP9;PARP14;TNF;VEGFA
GO_Biological_Process_2021,external encapsulating structure organization (GO:0045229),15/217,4.644798305051575e-07,2.312516602940571e-05,0,0,5.448429241420382,79.45088962586559,MMP1;COL22A1;ITGB3;ITGA2;SERPINE1;PDGFB;LAMC2;MMP9;MMP10;ICAM1;MMP13;LOX;COL5A1;COL4A1;PXDN
GO_Biological_Process_2021,positive regulation of inflammatory response (GO:0050729),10/89,4.889182980107404e-07,2.383476702802359e-05,0,0,9.17371199028446,133.30385513777014,NFKBIA;IL6;IL23A;IL1B;SERPINE1;NFKBIZ;ETS1;TNF;CX3CL1;TLR2
GO_Biological_Process_2021,regulation of defense response to virus by host (GO:0050691),7/36,5.907259260642634e-07,2.7645973339807523e-05,0,0,17.345834382079033,248.7724592971928,APOBEC3G;DTX3L;DDX58;STAT1;IL23A;TNFAIP3;PARP9
GO_Biological_Process_2021,positive regulation of interferon-beta production (GO:0032728),7/36,5.907259260642634e-07,2.7645973339807523e-05,0,0,17.345834382079033,248.7724592971928,IFIH1;OAS1;DDX58;IRF1;OAS3;IRF7;TLR2
GO_Biological_Process_2021,regulation of p38MAPK cascade (GO:1900744),7/37,7.198663551042487e-07,3.302916217537141e-05,0,0,16.766788321167883,237.1528117329056,BMP2;DUSP1;GADD45A;IL1B;RASGRP1;XDH;VEGFA
GO_Biological_Process_2021,positive regulation of angiogenesis (GO:0045766),11/116,7.382892039406212e-07,3.3223014177327955e-05,0,0,7.61037037037037,107.45028816081636,IL1A;BMPER;IL1B;ADM2;SERPINE1;CYP1B1;ANGPTL4;ETS1;FUT1;HK2;VEGFA
GO_Biological_Process_2021,antiviral innate immune response (GO:0140374),5/14,9.534889745098988e-07,4.209743774251252e-05,0,0,39.67391304347826,550.0049305358687,OAS1;DDX58;MX1;NLRP1;IFIT1
GO_Biological_Process_2021,positive regulation of ERK1 and ERK2 cascade (GO:0070374),13/172,1.0028576196966463e-06,4.345716352018801e-05,0,0,5.967333145592791,82.42472602536921,SEMA7A;CCL20;PDGFB;TNF;RASGRP1;CX3CL1;ICAM1;MARCO;BMP2;BMPER;FGF19;CCL5;CCL2
GO_Biological_Process_2021,positive regulation of vascular endothelial growth factor production (GO:0010575),6/25,1.0316980170324286e-06,4.389406108828878e-05,0,0,22.62200956937799,311.82866950249155,C3;CCBE1;IL1A;IL6;IL1B;CYP1B1
GO_Biological_Process_2021,positive regulation of cell population proliferation (GO:0008284),22/474,1.0676922108015082e-06,4.461428166563445e-05,0,0,3.6207503331397137,49.785357093927054,IL11;CSF2;STAT1;BNC1;PDGFB;LIF;LAMC2;TNF;CX3CL1;CXCL5;EREG;VEGFA;GREM1;IL6;BMP2;IL1B;FGF19;CCL5;HAS2;IL7R;HBEGF;NKX3-1
GO_Biological_Process_2021,chemokine-mediated signaling pathway (GO:0070098),8/56,1.0885672159952017e-06,4.468854886717143e-05,0,0,12.00915750915751,164.89351702248592,CXCL6;CCL20;CCL5;CCL2;CXCL3;CXCL2;CX3CL1;CXCL5
KEGG_2021_Human,Transcriptional misregulation in cancer,13/192,3.4315726920992904e-06,4.548868482389447e-05,0,0,5.295172183773868,66.62646106407082,CSF2;BCL2A1;GADD45A;PLAT;TRAF1;MMP9;RUNX2;ETV7;IL6;MAF;PLAU;NFKBIZ;BIRC3
KEGG_2021_Human,Inflammatory bowel disease,8/65,3.4677472735704302e-06,4.548868482389447e-05,0,0,10.10834779255832,127.08220278574667,IL1A;IL6;MAF;IL23A;STAT1;IL1B;TNF;TLR2
GO_Biological_Process_2021,positive regulation of type I interferon production (GO:0032481),9/77,1.3137079261425766e-06,5.210299232497677e-05,0,0,9.562013408304498,129.49506725428935,IFIH1;OAS1;IFI16;DDX58;STAT1;IRF1;OAS3;IRF7;TLR2
GO_Biological_Process_2021,positive regulation of tumor necrosis factor production (GO:0032760),9/77,1.3137079261425766e-06,5.210299232497677e-05,0,0,9.562013408304498,129.49506725428935,IFIH1;IL1A;IL6;OAS1;DDX58;IL23A;OAS3;RASGRP1;TLR2
KEGG_2021_Human,Fluid shear stress and atherosclerosis,11/139,4.413111613244534e-06,5.4673549430751726e-05,0,0,6.235561342592592,76.8902737689522,IL1A;DUSP1;ITGB3;IL1B;PDGFB;CCL2;PLAT;TNF;MMP9;ICAM1;VEGFA
GO_Biological_Process_2021,positive regulation of protein phosphorylation (GO:0001934),19/371,1.4085739823845286e-06,5.493438531299662e-05,0,0,3.989991759195004,53.75689054635429,IL11;ITGB3;PDGFB;LIF;INHBA;TNF;RASGRP1;MMP9;CX3CL1;EREG;VEGFA;INHBE;C3;MARCO;IL6;BMP2;IL1B;FGF19;NKX3-1
GO_Biological_Process_2021,regulation of tumor necrosis factor production (GO:0032680),11/124,1.4384662482569704e-06,5.5180508539693615e-05,0,0,7.068698787282858,95.08766331344326,IFIH1;IL1A;IL6;OAS1;IL23A;DDX58;OAS3;TNFAIP3;RASGRP1;CX3CL1;TLR2
GO_Biological_Process_2021,regulation of ERK1 and ERK2 cascade (GO:0070372),15/238,1.4923329811646613e-06,5.632353509556947e-05,0,0,4.930038099733639,66.13729873795914,SEMA7A;CCL20;PDGFB;TNF;RASGRP1;CX3CL1;ICAM1;MARCO;BMP2;BMPER;IL1B;FGF19;CCL5;CCL2;GBP1
GO_Biological_Process_2021,regulation of vascular endothelial growth factor production (GO:0010574),6/27,1.684165635335692e-06,6.255472359818286e-05,0,0,20.465454545454545,272.0726703448559,C3;CCBE1;IL1A;IL6;IL1B;CYP1B1
GO_Biological_Process_2021,response to organic cyclic compound (GO:0014070),8/60,1.8678120916774852e-06,6.820222309767886e-05,0,0,11.083122006198929,146.19461198808136,TIPARP;IL1B;CCL5;CYP1A1;CYP1B1;CCL2;TNF;NKX3-1
GO_Biological_Process_2021,negative regulation of cytokine production (GO:0001818),13/182,1.894506197157746e-06,6.820222309767886e-05,0,0,5.611366245694604,73.93846100927912,CD274;DDX58;TNFAIP3;UBE2L6;INHBA;PDCD1LG2;TNF;CX3CL1;HERC5;IFIH1;IL6;IL23A;GBP1
GO_Biological_Process_2021,negative regulation of cell population proliferation (GO:0008285),19/379,1.9298537531358795e-06,6.842208761118118e-05,0,0,3.899713740458015,51.312692078591816,IFITM1;MYOCD;TNFAIP3;INHBA;SOD2;DHRS2;ETS1;IFIT3;EREG;GREM1;IL1A;IL6;BMP2;FAP;RPS6KA2;IL1B;IRF1;CYP1B1;NKX3-1
GO_Biological_Process_2021,positive regulation of tumor necrosis factor superfamily cytokine production (GO:1903557),9/81,2.0229693629609936e-06,7.065295984072724e-05,0,0,9.028952205882351,118.37808805245083,IFIH1;IL1A;IL6;OAS1;DDX58;IL23A;OAS3;RASGRP1;TLR2
GO_Biological_Process_2021,positive regulation of defense response to virus by host (GO:0002230),6/28,2.118331428550582e-06,7.183906583780236e-05,0,0,19.534214876033055,255.2122092156064,APOBEC3G;DTX3L;DDX58;STAT1;IL23A;PARP9
GO_Biological_Process_2021,response to interferon-beta (GO:0035456),6/28,2.118331428550582e-06,7.183906583780236e-05,0,0,19.534214876033055,255.2122092156064,IFITM1;IFI16;OAS1;STAT1;IRF1;XAF1
KEGG_2021_Human,Pathways in cancer,22/531,6.6912092949942655e-06,7.85336669886169e-05,0,0,3.2057710250244638,38.19585112728392,STAT5A;GADD45A;STAT1;MMP1;ITGA2;PDGFB;LAMC2;TRAF1;ETS1;RASGRP1;MMP9;VEGFA;RASGRP3;NFKBIA;IL6;BMP2;IL23A;COL4A1;FGF19;IL7R;NKX3-1;BIRC3
GO_Biological_Process_2021,regulation of interleukin-6 production (GO:0032675),10/110,3.4809115504047684e-06,0.00011636190039924512,0,0,7.2394833948339485,90.9873936315371,IFIH1;IL1A;IL6;DDX58;IL1B;TNFAIP3;TNF;CX3CL1;EREG;TLR2
KEGG_2021_Human,Hematopoietic cell lineage,9/99,1.0770572297931198e-05,0.00012009188112193286,0,0,7.216544117647059,82.547832177942,IL11;IL1A;IL6;CSF2;ITGB3;ITGA2;IL1B;IL7R;TNF
KEGG_2021_Human,Amoebiasis,9/102,1.3738264492879814e-05,0.0001371109250968191,0,0,6.982685009487666,78.17343217160027,IL6;CSF2;COL4A1;IL1B;LAMC2;CXCL3;TNF;CXCL2;TLR2
KEGG_2021_Human,Hepatitis C,11/157,1.414148554810242e-05,0.0001371109250968191,0,0,5.461770674784374,60.98830428206571,NFKBIA;OAS1;DDX58;STAT1;OAS3;MX2;MX1;IRF7;IFIT1;TNF;IRF9
KEGG_2021_Human,Chagas disease,9/102,1.3738264492879814e-05,0.0001371109250968191,0,0,6.982685009487666,78.17343217160027,C3;NFKBIA;IL6;IL1B;CCL5;SERPINE1;CCL2;TNF;TLR2
GO_Biological_Process_2021,collagen fibril organization (GO:0030199),9/89,4.46916918653915e-06,0.00014729374502114946,0,0,8.122748161764706,100.05851391422816,GREM1;LOX;COL5A1;COL4A1;COL22A1;PXDN;CYP1B1;LAMC2;LOXL2
GO_Biological_Process_2021,negative regulation of lipid localization (GO:1905953),4/9,4.546572647535819e-06,0.0001477636110449141,0,0,56.935740072202165,700.3743316008462,NFKBIA;IL6;ITGB3;TNF
KEGG_2021_Human,C-type lectin receptor signaling pathway,9/104,1.6082106806384252e-05,0.00014942957574265366,0,0,6.834984520123839,75.44321457204822,NFKBIA;IL6;IL23A;STAT1;IL1B;IRF1;NLRP3;TNF;IRF9
KEGG_2021_Human,Kaposi sarcoma-associated herpesvirus infection,12/193,1.9299505456062e-05,0.00015939961913710469,0,0,4.815379243771694,52.27301753574075,C3;NFKBIA;IL6;CSF2;STAT1;PDGFB;IRF7;CXCL3;CXCL2;IRF9;ICAM1;VEGFA
KEGG_2021_Human,JAK-STAT signaling pathway,11/162,1.898208937823459e-05,0.00015939961913710469,0,0,5.279568310031886,57.399544211322414,STAT5A;IL11;IL6;CSF2;IL23A;STAT1;PDGFB;LIF;IL20RB;IL7R;IRF9
KEGG_2021_Human,Hepatitis B,11/162,1.898208937823459e-05,0.00015939961913710469,0,0,5.279568310031886,57.399544211322414,STAT5A;NFKBIA;IFIH1;IL6;DDX58;STAT1;IRF7;TNF;MMP9;CREB5;TLR2
GO_Biological_Process_2021,apoptotic process (GO:0006915),14/231,5.26947967179135e-06,0.0001622445056841021,0,0,4.712335387217591,57.271740093401554,PPP1R15A;TNFSF14;GADD45A;MX1;IFI6;HK2;NFKBIA;IL1A;FAP;IL1B;IRF1;NLRP3;NLRP1;TLR2
GO_Biological_Process_2021,regulation of neuroinflammatory response (GO:0150077),5/19,5.227865500601825e-06,0.0001622445056841021,0,0,25.4981884057971,310.09640926000856,IL6;IL1B;TNFRSF1B;MMP9;TNF
GO_Biological_Process_2021,regulation of interferon-beta production (GO:0032648),7/49,5.201039912897377e-06,0.0001622445056841021,0,0,11.968978102189782,145.62239099537803,IFIH1;OAS1;DDX58;IRF1;OAS3;IRF7;TLR2
GO_Biological_Process_2021,positive regulation of protein metabolic process (GO:0051247),10/115,5.202340206390074e-06,0.0001622445056841021,0,0,6.892988929889299,83.8628742607011,NFKBIA;IL23A;TIPARP;DDX58;IL1B;NEDD4;TNFAIP3;INHBA;TNF;RASGRP1
GO_Biological_Process_2021,neutrophil chemotaxis (GO:0030593),8/70,6.1043613248044e-06,0.00018550916233821163,0,0,9.290795226279098,111.5499985793082,CXCL6;CCL20;CCL5;CCL2;CXCL3;CXCL2;CX3CL1;CXCL5
GO_Biological_Process_2021,regulation of angiogenesis (GO:0045765),13/203,6.316573350075677e-06,0.0001894972005022703,0,0,4.985801256873527,59.69167635077639,STAT1;SERPINE1;TNFAIP3;ETS1;HK2;VEGFA;IL1A;IL6;BMPER;IL1B;ADM2;CYP1B1;ANGPTL4
GO_Biological_Process_2021,positive regulation of cell migration (GO:0030335),15/269,6.697837447941052e-06,0.00019839164086306408,0,0,4.321458172991534,51.4846679566392,SEMA7A;PDGFB;NEDD9;LAMC2;SOD2;MMP9;VEGFA;BMP2;PLAU;PODXL;IL1B;CCL5;SNAI2;HAS2;HBEGF
GO_Biological_Process_2021,negative regulation of lipid storage (GO:0010888),5/20,6.8906594803654425e-06,0.0002015517898006892,0,0,23.797101449275363,282.8367312623116,ABCA1;NFKBIA;IL6;ITGB3;TNF
GO_Biological_Process_2021,cytoplasmic pattern recognition receptor signaling pathway in response to virus (GO:0039528),4/10,7.493866064081753e-06,0.00021648946407347287,0,0,47.44404332129964,559.9073535954215,IFIH1;DDX58;OAS3;IRF7
KEGG_2021_Human,Herpes simplex virus 1 infection,20/498,2.759519346899691e-05,0.00021977600512808253,0,0,3.0845316532807514,32.38100906851804,ZNF441;ZNF382;TNFSF14;STAT1;DDX58;ITGB3;TNF;C3;IFIH1;NFKBIA;IL6;OAS1;IL1B;OAS3;CCL5;IRF7;CCL2;IRF9;TLR2;BIRC3
GO_Biological_Process_2021,cellular response to virus (GO:0098586),6/35,8.403494396154062e-06,0.0002359300014835447,0,0,14.813793103448276,173.12676960783932,IFIH1;IL6;OAS1;DDX58;CCL5;IFI6
GO_Biological_Process_2021,granulocyte chemotaxis (GO:0071621),8/73,8.381672818942534e-06,0.0002359300014835447,0,0,8.860636799098337,103.57608640044305,CXCL6;CCL20;CCL5;CCL2;CXCL3;CXCL2;CX3CL1;CXCL5
GO_Biological_Process_2021,positive regulation of multicellular organismal process (GO:0051240),17/345,8.469282104537502e-06,0.0002359300014835447,0,0,3.8068990206947526,44.46102038906065,ABCA1;SERPINE1;PDGFB;ADRB2;INHBA;TNF;EREG;VEGFA;LOXL2;IL1A;IL6;BMP2;IFI16;IL23A;IL1B;GRB10;AMTN
GO_Biological_Process_2021,positive regulation of interleukin-6 production (GO:0032755),8/76,1.1337739853088143e-05,0.00031120805717555703,0,0,8.468433527257057,96.43321627169506,IFIH1;IL1A;IL6;DDX58;IL1B;TNF;EREG;TLR2
GO_Biological_Process_2021,regulation of lipid storage (GO:0010883),5/22,1.1437561075682869e-05,0.00031120805717555703,0,0,20.99531116794544,238.89741115502605,C3;NFKBIA;IL6;ITGB3;TNF
GO_Biological_Process_2021,neutrophil migration (GO:1990266),8/77,1.2499955520103148e-05,0.0003362057001958778,0,0,8.345277910495302,94.21639731416384,CXCL6;CCL20;CCL5;CCL2;CXCL3;CXCL2;CX3CL1;CXCL5
GO_Biological_Process_2021,positive regulation of vasculature development (GO:1904018),9/102,1.3738264492879814e-05,0.0003653129421970314,0,0,6.982685009487666,78.17343217160027,IL1A;IL1B;ADM2;SERPINE1;CYP1B1;ANGPTL4;ETS1;HK2;VEGFA
GO_Biological_Process_2021,response to peptide (GO:1901652),6/39,1.611394998728716e-05,0.000423670145733168,0,0,13.015537190082645,143.63719334372075,STAT5A;MMP13;STAT1;FYN;NLRP1;MMP9
GO_Biological_Process_2021,protein mono-ADP-ribosylation (GO:0140289),4/12,1.7275999588337304e-05,0.0004491759892967699,0,0,35.57942238267148,390.1707887210713,TIPARP;PARP14;PARP9;PARP8
GO_Biological_Process_2021,positive regulation of p38MAPK cascade (GO:1900745),5/24,1.804063275000925e-05,0.0004539255982260392,0,0,18.783371472158656,205.16858713909284,BMP2;GADD45A;IL1B;XDH;VEGFA
GO_Biological_Process_2021,negative regulation of cellular process (GO:0048523),22/566,1.803865641307405e-05,0.0004539255982260392,0,0,2.994052350669998,32.70401443782672,IFITM1;MYOCD;APOBEC3G;DUSP1;INHBA;TNFRSF1B;SOD2;DHRS2;ETS1;IFIT3;EREG;IL1A;IL6;BMP2;PODXL;RPS6KA2;IL1B;IRF1;CYP1B1;TXNIP;TLR2;NKX3-1
GO_Biological_Process_2021,protein kinase B signaling (GO:0043491),5/24,1.804063275000925e-05,0.0004539255982260392,0,0,18.783371472158656,205.16858713909284,CCL5;IL1B;CCL2;TNF;NKX3-1
GO_Biological_Process_2021,negative regulation of macromolecule metabolic process (GO:0010605),12/194,2.031838521335881e-05,0.0005057980999921238,0,0,4.788676008006863,51.73678091712913,BMP2;TIPARP;STC2;FGF19;PDGFB;PARP14;PARP9;XDH;TNF;VEGFA;NKX3-1;RBMS3
KEGG_2021_Human,Malaria,6/50,6.896014843687913e-05,0.0005302797621180705,0,0,9.756198347107436,93.48371479531004,IL6;IL1B;CCL2;TNF;ICAM1;TLR2
GO_Biological_Process_2021,regulation of interleukin-1 beta production (GO:0032651),8/83,2.178959938859103e-05,0.0005367122375716107,0,0,7.675311355311355,82.387389183236,GBP5;IL6;IFI16;TNFAIP3;NLRP3;NLRP1;TNF;CX3CL1
GO_Biological_Process_2021,regulation of gene expression (GO:0010468),33/1079,2.2957287571199056e-05,0.000559583884547977,0,0,2.3754433170912232,25.374188893068776,CSF2;BNC2;BNC1;PDGFB;PRDM1;ETS1;TNF;C1QTNF1;CUX2;IFI16;STC2;LAMP3;NFKBIZ;XDH;NKX3-1;TIPARP;DDX58;IL36G;ANK2;INHBA;PARP14;PARP9;VEGFA;IL1A;IL6;BMP2;IL1B;ADM2;FGF19;TRIM14;SNAI2;TLR2;RBMS3
KEGG_2021_Human,MAPK signaling pathway,14/294,7.668384981871412e-05,0.000570016616985775,0,0,3.640262172284644,34.494467039727176,GADD45A;DUSP1;RASGRF2;PLA2G4C;PDGFB;TNF;RASGRP1;EREG;VEGFA;RASGRP3;IL1A;RPS6KA2;IL1B;FGF19
GO_Biological_Process_2021,regulation of MAPK cascade (GO:0043408),11/166,2.3829822475584518e-05,0.0005748637586893584,0,0,5.142270011947431,54.73726707005253,GREM1;IL11;BMP2;IL6;DUSP1;IL1B;PDGFB;LIF;ADRB2;RASGRP1;CX3CL1
GO_Biological_Process_2021,monocyte chemotaxis (GO:0002548),6/42,2.500978654297031e-05,0.00059704830113042,0,0,11.92909090909091,126.40355019288428,IL6;CCL20;CCL5;PDGFB;CCL2;CX3CL1
GO_Biological_Process_2021,response to tumor necrosis factor (GO:0034612),9/110,2.5259735817056228e-05,0.00059704830113042,0,0,6.426980198019802,68.03793339834021,CCL20;CCL5;ANKRD1;CCL2;HAS2;GBP1;CX3CL1;NKX3-1;GBP3
GO_Biological_Process_2021,regulation of protein phosphorylation (GO:0001932),14/266,2.5892225394351863e-05,0.0006058780742278336,0,0,4.050561797752809,42.780283104251936,ITGB3;TNF;RASGRP1;MMP9;VEGFA;C3;MARCO;BMP2;BMPER;IL1B;FGF19;FYN;XDH;NKX3-1
GO_Biological_Process_2021,positive regulation of glial cell proliferation (GO:0060252),3/5,2.6873216255343912e-05,0.0006190964105560275,0,0,106.386690647482,1119.6540067238752,IL6;IL1B;TNF
GO_Biological_Process_2021,negative regulation of signal transduction (GO:0009968),14/267,2.6986253793467865e-05,0.0006190964105560275,0,0,4.034344421252091,42.44204135601439,TNFAIP3;TNF;CX3CL1;PTPRE;BMP2;IL1B;NEDD4;CCL5;GRB10;SNAI2;CHAC1;XDH;TRABD2B;NKX3-1
KEGG_2021_Human,Necroptosis,10/159,8.665685022230653e-05,0.0006233702451475598,0,0,4.846578667128953,45.33273764675055,STAT5A;IL1A;STAT1;IL1B;PLA2G4C;NLRP3;TNFAIP3;TNF;IRF9;BIRC3
GO_Biological_Process_2021,positive regulation of cellular process (GO:0048522),23/625,2.745937606369968e-05,0.0006238343688257984,0,0,2.8309446547683432,29.732853671876835,IL11;CSF2;BNC1;PDGFB;LIF;LAMC2;TNFRSF1B;ETS1;TNF;CX3CL1;CXCL5;EREG;VEGFA;GREM1;IL6;IL1B;FGF19;CCL5;HAS2;IL7R;HBEGF;TLR2;NKX3-1
KEGG_2021_Human,Chemokine signaling pathway,11/192,8.978435816869598e-05,0.0006256847459881001,0,0,4.397749130345815,40.97866521730431,NFKBIA;CXCL6;CCL20;STAT1;CCL5;CCL2;CXCL3;CXCL2;CX3CL1;CXCL5;VAV1
KEGG_2021_Human,Leishmaniasis,7/77,0.00010418476428349152,0.000704036437430867,0,0,7.171167883211679,65.75490990308208,C3;NFKBIA;IL1A;STAT1;IL1B;TNF;TLR2
KEGG_2021_Human,Toll-like receptor signaling pathway,8/104,0.00011040440181070986,0.0007241229883467147,0,0,5.98992673992674,54.57638221617776,NFKBIA;IL6;STAT1;IL1B;CCL5;IRF7;TNF;TLR2
GO_Biological_Process_2021,regulation of endothelial cell apoptotic process (GO:2000351),6/44,3.287212179956423e-05,0.0007396227404901951,0,0,11.300095693779904,116.64959535462542,IL11;SERPINE1;TNFAIP3;CCL2;TNF;ICAM1
GO_Biological_Process_2021,positive regulation of granulocyte macrophage colony-stimulating factor production (GO:0032725),4/14,3.4168895603758414e-05,0.0007568901890294515,0,0,28.460649819494584,292.69486724821576,DDX58;IL23A;IL1B;RASGRP1
GO_Biological_Process_2021,positive regulation of transcription by RNA polymerase II (GO:0045944),29/908,3.428647864834267e-05,0.0007568901890294515,0,0,2.46654748361233,25.35798144972281,SERPINE1;PDGFB;ETS1;TNF;CX3CL1;HELZ2;IFI16;NLRP3;NKX3-1;IL11;MYOCD;STAT1;DDX58;LIF;INHBA;RUNX2;VEGFA;NFKBIA;GREM1;ZEB2;IL6;BMP2;IRF1;TNIP3;MAFF;CREBRF;IRF7;NCOA7;TLR2
GO_Biological_Process_2021,regulation of type I interferon production (GO:0032479),8/89,3.628435554325244e-05,0.0007935083361795393,0,0,7.104599104599105,72.6383014083475,HERC5;IFIH1;IFI16;DDX58;IRF1;IRF7;TNFAIP3;UBE2L6
GO_Biological_Process_2021,tumor necrosis factor-mediated signaling pathway (GO:0033209),9/116,3.854514762251875e-05,0.000835144865154573,0,0,6.064733369983507,61.64001130884021,NFKBIA;TNFSF14;STAT1;TNFRSF9;TRAF1;LTB;TNFRSF1B;TNF;BIRC3
GO_Biological_Process_2021,regulation of peptidyl-tyrosine phosphorylation (GO:0050730),8/92,4.61180586030098e-05,0.0009810568830094812,0,0,6.8498168498168495,68.39066718428818,IL11;IL6;IL23A;ITGB3;PDGFB;LIF;FYN;VEGFA
GO_Biological_Process_2021,regulation of endothelial cell proliferation (GO:0001936),8/92,4.61180586030098e-05,0.0009810568830094812,0,0,6.8498168498168495,68.39066718428818,STAT5A;BMP2;STAT1;ITGB3;PDGFB;FUT1;XDH;VEGFA
GO_Biological_Process_2021,regulation of response to biotic stimulus (GO:0002831),5/29,4.758973657530051e-05,0.0010032430953711,0,0,14.866394927536232,147.96364452309982,HERC5;IRF1;SAMHD1;CX3CL1;BIRC3
GO_Biological_Process_2021,positive regulation of DNA-binding transcription factor activity (GO:0051091),13/246,4.820334046835025e-05,0.0010071055062137,0,0,4.056722823649991,40.32415847162768,MYOCD;DDX58;TRAF1;TNF;CX3CL1;VEGFA;NFKBIA;IL6;IRAK2;IL1B;TRIM14;NLRP3;TLR2
KEGG_2021_Human,Proteoglycans in cancer,11/205,0.00016024981552090225,0.001021020253176,0,0,4.100324551355479,35.83182029657017,PLAU;ITGB3;ITGA2;ANK2;HOXD10;TNF;MMP9;VAV1;HBEGF;TLR2;VEGFA
GO_Biological_Process_2021,positive regulation of protein modification process (GO:0031401),12/214,5.319923208361196e-05,0.0010824887223969,0,0,4.310132872023262,42.41802868537044,C3;MARCO;BMP2;IL1B;FGF19;ITGB3;TNF;RASGRP1;MMP9;TRABD2B;VEGFA;NKX3-1
GO_Biological_Process_2021,cellular response to organic cyclic compound (GO:0071407),10/150,5.3088352315063175e-05,0.0010824887223969,0,0,5.160516605166052,50.79781874925904,TIPARP;IL1B;CCL5;PDGFB;CYP1A1;CYP1B1;CCL2;TNF;SLC5A5;NKX3-1
GO_Biological_Process_2021,regulation of cytokine production (GO:0001817),10/150,5.3088352315063175e-05,0.0010824887223969,0,0,5.160516605166052,50.79781874925904,IFIH1;IL1A;IL6;IFI16;DDX58;IRF7;SNAI2;TNFRSF1B;TNF;EREG
GO_Biological_Process_2021,"positive regulation of transcription, DNA-templated (GO:0045893)",34/1183,5.96842482489536e-05,0.0012039753526082,0,0,2.2247122123444782,21.638535236232663,BNC1;SERPINE1;PDGFB;ETS1;TNF;CX3CL1;HELZ2;IFI16;NLRP3;NKX3-1;IL11;MYOCD;DTX3L;STAT1;DDX58;LIF;INHBA;PARP9;RUNX2;VEGFA;NFKBIA;GREM1;ZEB2;IL6;BMP2;IL1B;IRF1;TNIP3;MAFF;CREBRF;IRF7;NCOA7;TLR2;CREB5
KEGG_2021_Human,Complement and coagulation cascades,7/85,0.00019439482640140555,0.0012041679524309,0,0,6.4330432341381245,54.97433828720908,C3;C1S;PLAU;C1R;SERPINE1;PLAT;CFB
GO_Biological_Process_2021,negative regulation of apoptotic process (GO:0043066),19/485,6.112354014998502e-05,0.0012121108809403,0,0,2.996158634472365,29.07056919544199,BCL2A1;UNC5B;IFI6;ASNS;SOD2;DHRS2;TNF;MMP9;IFIT3;CX3CL1;VEGFA;NFKBIA;GREM1;IL6;LAMP3;SNAI2;CCL2;ANGPTL4;BIRC3
GO_Biological_Process_2021,regulation of granulocyte macrophage colony-stimulating factor production (GO:0032645),4/16,6.076241378222328e-05,0.0012121108809403,0,0,23.71480144404332,230.23607836126652,DDX58;IL23A;IL1B;RASGRP1
GO_Biological_Process_2021,positive regulation of phosphorylation (GO:0042327),13/253,6.421539212513014e-05,0.0012627228367462,0,0,3.936986940298508,38.00478856404626,ITGB3;TNF;RASGRP1;MMP9;EREG;VEGFA;C3;MARCO;BMP2;IL1B;FGF19;CCL5;NKX3-1
GO_Biological_Process_2021,positive regulation of leukocyte cell-cell adhesion (GO:1903039),5/31,6.654405662753451e-05,0.0012976091042369,0,0,13.721432552954292,131.96788535273257,IL6;CCL2;HAS2;ETS1;TNF
GO_Biological_Process_2021,positive regulation of NF-kappaB transcription factor activity (GO:0051092),10/155,7.000796017222216e-05,0.0013538729487851,0,0,4.981295330194682,47.65556229257736,NFKBIA;IL6;IRAK2;IL1B;TRIM14;NLRP3;TRAF1;TNF;CX3CL1;TLR2
GO_Biological_Process_2021,negative regulation of cell adhesion (GO:0007162),7/73,7.403907723687124e-05,0.0014200937765104,0,0,7.607332448573325,72.35271156732483,DUSP1;PODXL;SERPINE1;CYP1B1;SNAI2;B4GALNT2;CX3CL1
GO_Biological_Process_2021,positive regulation of stress-activated MAPK cascade (GO:0032874),8/99,7.794619152427485e-05,0.0014713132772269,0,0,6.32065370526909,59.79017203206467,BMP2;GADD45A;FGF19;IL1B;TRAF1;RASGRP1;XDH;VEGFA
GO_Biological_Process_2021,positive regulation of receptor signaling pathway via STAT (GO:1904894),5/32,7.796702836587393e-05,0.0014713132772269,0,0,13.21256038647343,124.98057536337984,IL6;CCL5;CYP1B1;IL7R;TNF
KEGG_2021_Human,Cytosolic DNA-sensing pathway,6/63,0.0002531669013700595,0.001525843756906,0,0,7.526124401913876,62.32731021265543,NFKBIA;IL6;DDX58;IL1B;CCL5;IRF7
GO_Biological_Process_2021,positive regulation of T cell activation (GO:0050870),7/75,8.806569381897755e-05,0.0016485897882912,0,0,7.382835981107772,68.93669572775877,CD274;IL6;IL23A;IL1B;CCL5;CCL2;PDCD1LG2
GO_Biological_Process_2021,positive regulation of gliogenesis (GO:0014015),3/7,9.210938299951162e-05,0.0017106028271337,0,0,53.18794964028777,494.250816673817,IL6;IL1B;TNF
GO_Biological_Process_2021,positive regulation of chemokine production (GO:0032722),6/53,9.617943747266371e-05,0.0017582803412971,0,0,9.132069632495163,84.46520572506411,IL6;OAS1;IL1B;OAS3;TNF;TLR2
GO_Biological_Process_2021,regulation of T cell proliferation (GO:0042129),7/76,9.58497363623772e-05,0.0017582803412971,0,0,7.275468105363377,67.31793355571556,CD274;IL6;IL23A;IL1B;CCL5;PDCD1LG2;TNFRSF1B
KEGG_2021_Human,Small cell lung cancer,7/92,0.0003174533322014156,0.0018629498179188,0,0,5.901159295835122,47.53489877651976,NFKBIA;COL4A1;GADD45A;ITGA2;LAMC2;TRAF1;BIRC3
GO_Biological_Process_2021,regulation of cell adhesion mediated by integrin (GO:0033628),5/34,0.00010528910785196136,0.0019098954447565,0,0,12.300099950024988,112.65416259788664,PLAU;SERPINE1;LIF;CYP1B1;SNAI2
GO_Biological_Process_2021,regulation of blood vessel endothelial cell migration (GO:0043535),6/55,0.00011863402313507,0.0021191115582905,0,0,8.75844155844156,79.17164553716704,STAT5A;GADD45A;PDGFB;ETS1;TNF;VEGFA
GO_Biological_Process_2021,positive regulation of cellular metabolic process (GO:0031325),8/105,0.00011807686293949276,0.0021191115582905,0,0,5.927872814470753,53.61271771705792,NFKBIA;GREM1;GADD45A;CCL5;PDGFB;INHBA;XDH;VEGFA
GO_Biological_Process_2021,negative regulation of nervous system development (GO:0051961),4/19,0.00012517362117673208,0.0022189869208602,0,0,18.968953068592057,170.45138569457967,IL6;IL1B;TNF;TLR2
GO_Biological_Process_2021,blood vessel morphogenesis (GO:0048514),6/56,0.00013132065395904277,0.0022932114198817,0,0,8.582836363636364,76.71226265035523,CCBE1;LOX;COL4A1;CYP1B1;HAS2;VEGFA
GO_Biological_Process_2021,positive regulation of interleukin-1 beta production (GO:0032731),6/56,0.00013132065395904277,0.0022932114198817,0,0,8.582836363636364,76.71226265035523,GBP5;IL6;IFI16;NLRP3;NLRP1;TNF
GO_Biological_Process_2021,regulation of NIK/NF-kappaB signaling (GO:1901222),7/80,0.0001327913264050849,0.0023017163243548,0,0,6.875412458754124,61.37496190796303,NFKBIA;TNFSF14;IL23A;IL1B;NLRP3;TNF;TLR2
GO_Biological_Process_2021,regulation of apoptotic process (GO:0042981),24/742,0.0001377933859500246,0.0023708567876695,0,0,2.4713265339301778,21.96948790095257,BCL2A1;GADD45A;STAT1;RASGRF2;IFI6;ASNS;IKZF3;DHRS2;TNF;NDRG1;MMP9;IFIT3;CX3CL1;VAV1;VEGFA;NFKBIA;GREM1;IL6;BMP2;RPS6KA2;ANKRD1;CYP1B1;ANGPTL4;BIRC3
KEGG_2021_Human,Osteoclast differentiation,8/127,0.00043550835765636143,0.0024454564122983,0,0,4.826546003016591,37.35262296669098,NFKBIA;IL1A;STAT1;ITGB3;IL1B;FYN;TNF;IRF9
KEGG_2021_Human,Prostate cancer,7/97,0.0004386468900983663,0.0024454564122983,0,0,5.571897810218978,43.08088763160346,NFKBIA;PLAU;PDGFB;PLAT;MMP9;NKX3-1;CREB5
GO_Biological_Process_2021,positive regulation of monocyte chemotactic protein-1 production (GO:0071639),3/8,0.00014584304983598958,0.002472990845045,0,0,42.54820143884892,375.8273917352915,OAS1;IL1B;OAS3
GO_Biological_Process_2021,regulation of vascular wound healing (GO:0061043),3/8,0.00014584304983598958,0.002472990845045,0,0,42.54820143884892,375.8273917352915,SERPINE1;TNFAIP3;TNF
GO_Biological_Process_2021,regulation of smooth muscle cell migration (GO:0014910),4/20,0.0001547445817979085,0.0025500163479373,0,0,17.782490974729242,156.01885739948645,PLAU;CCL5;SERPINE1;PDGFB
GO_Biological_Process_2021,positive regulation of interferon-alpha production (GO:0032727),4/20,0.0001547445817979085,0.0025500163479373,0,0,17.782490974729242,156.01885739948645,IFIH1;DDX58;STAT1;IRF7
GO_Biological_Process_2021,lipopolysaccharide-mediated signaling pathway (GO:0031663),4/20,0.0001547445817979085,0.0025500163479373,0,0,17.782490974729242,156.01885739948645,CCL5;IL1B;CCL2;TNF
GO_Biological_Process_2021,cellular response to interferon-beta (GO:0035458),4/20,0.0001547445817979085,0.0025500163479373,0,0,17.782490974729242,156.01885739948645,IFI16;OAS1;STAT1;IRF1
GO_Biological_Process_2021,positive regulation of calcium ion transport (GO:0051928),5/37,0.0001593631691229532,0.0025896514982479,0,0,11.145267210144928,97.45783733496428,CCL5;PDGFB;STC1;CCL2;ANK2
GO_Biological_Process_2021,positive regulation of signaling receptor activity (GO:2000273),5/37,0.0001593631691229532,0.0025896514982479,0,0,11.145267210144928,97.45783733496428,GREM1;CCL2;ADRB2;EREG;HBEGF
GO_Biological_Process_2021,negative regulation of innate immune response (GO:0045824),5/38,0.00018141888219367253,0.0029277254091944,0,0,10.806982872200264,93.09893625227777,IFI16;OAS1;OAS3;TNFAIP3;SAMHD1
GO_Biological_Process_2021,purinergic nucleotide receptor signaling pathway (GO:0035590),4/21,0.0001890516829132773,0.0030300064247744,0,0,16.735612656614993,143.4826098593451,C3;IL1B;NLRP3;TXNIP
GO_Biological_Process_2021,endothelial cell migration (GO:0043542),5/39,0.00020572858255006,0.0032748631507968,0,0,10.488597612958229,89.03721026713649,FAP;STAT1;CYP1B1;LOXL2;VEGFA
GO_Biological_Process_2021,positive regulation of interleukin-8 production (GO:0032757),6/61,0.0002117923016585129,0.0033486080127089,0,0,7.800595041322314,65.99228887963963,IL6;DDX58;IL1B;SERPINE1;TNF;TLR2
GO_Biological_Process_2021,regulation of glial cell proliferation (GO:0060251),3/9,0.00021649189232148756,0.0033999397854515,0,0,35.45503597122302,299.16808527094366,IL6;IL1B;TNF
GO_Biological_Process_2021,regulation of immune response (GO:0050776),10/179,0.00022921009874177236,0.0035519975566605,0,0,4.268652153977161,35.77502523731029,HERC5;C3;IFITM1;IRF1;IRF7;SAMHD1;ULBP1;TREM1;ICAM1;BIRC3
GO_Biological_Process_2021,regulation of response to cytokine stimulus (GO:0060759),4/22,0.00022852175976190045,0.0035519975566605,0,0,15.80505415162455,132.50766354674954,IFIH1;DDX58;IRAK2;PARP9
GO_Biological_Process_2021,negative regulation of blood coagulation (GO:0030195),5/40,0.00023244201333054651,0.0035549954979965,0,0,10.18840579710145,85.24506445882005,C1QTNF1;PLAU;SERPINE1;PDGFB;PLAT
GO_Biological_Process_2021,positive regulation of interleukin-1 production (GO:0032732),6/62,0.00023175382727548316,0.0035549954979965,0,0,7.660909090909091,64.12054380736184,GBP5;IL6;IFI16;NLRP3;NLRP1;TNF
GO_Biological_Process_2021,positive regulation of signal transduction (GO:0009967),12/252,0.000247982646436322,0.0037680480042921,0,0,3.620631970260223,30.059036186652797,C3;CCBE1;BMP2;IL6;CUX2;IL1B;ITGB3;GRB10;TNFAIP3;IL7R;TLR2;NKX3-1
KEGG_2021_Human,Yersinia infection,8/137,0.0007201537774368509,0.0039169339602053,0,0,4.450123519890962,32.20129755657314,NFKBIA;IL6;RPS6KA2;IL1B;NLRP3;CCL2;TNF;VAV1
GO_Biological_Process_2021,epithelial cell migration (GO:0010631),5/41,0.000261713200458467,0.0039510250907923,0,0,9.904891304347826,81.69813171068836,ZEB2;FAP;STAT1;CYP1B1;LOXL2
GO_Biological_Process_2021,response to cytokine (GO:0034097),9/150,0.00027725799397095404,0.0041588699095643,0,0,4.5943366708385485,37.63019980654308,CD274;IFITM1;IRAK2;STAT1;LAMP3;IL1B;MX2;MX1;XAF1
GO_Biological_Process_2021,positive regulation of protein tyrosine kinase activity (GO:0061098),5/42,0.0002937003341527927,0.0043774444708123,0,0,9.636701919310616,78.37482048346129,PDGFB;NEDD9;FYN;EREG;HBEGF
GO_Biological_Process_2021,positive regulation of vascular endothelial growth factor receptor signaling pathway (GO:0030949),3/10,0.0003060631795846847,0.004476174001426,0,0,30.388489208633093,245.8951157567174,IL1B;ITGB3;GRB10
GO_Biological_Process_2021,negative regulation of hormone secretion (GO:0046888),3/10,0.0003060631795846847,0.004476174001426,0,0,30.388489208633093,245.8951157567174,IL11;IL1B;LIF
GO_Biological_Process_2021,negative regulation of cell adhesion mediated by integrin (GO:0033629),3/10,0.0003060631795846847,0.004476174001426,0,0,30.388489208633093,245.8951157567174,SERPINE1;CYP1B1;SNAI2
GO_Biological_Process_2021,positive regulation of T cell proliferation (GO:0042102),6/66,0.00032686117462468007,0.0047168319757844,0,0,7.148727272727273,57.375506513148615,CD274;IL6;IL23A;IL1B;CCL5;PDCD1LG2
GO_Biological_Process_2021,negative regulation of type I interferon production (GO:0032480),5/43,0.00032856564617643604,0.0047168319757844,0,0,9.382627765064836,75.25593592757666,HERC5;IFIH1;DDX58;TNFAIP3;UBE2L6
GO_Biological_Process_2021,regulation of vascular endothelial growth factor receptor signaling pathway (GO:0030947),4/24,0.00032470060696101647,0.0047168319757844,0,0,14.223104693140794,114.24861045581932,ITGB3;IL1B;NEDD4;GRB10
GO_Biological_Process_2021,positive regulation of protein kinase activity (GO:0045860),9/154,0.0003368727831246787,0.004806599466535,0,0,4.466683569979716,35.7147317023262,IL23A;ITGB3;CCL5;PDGFB;NEDD9;ADRB2;TNF;EREG;VEGFA
GO_Biological_Process_2021,cellular response to organic substance (GO:0071310),8/123,0.00035111970137078274,0.0049795157648947,0,0,4.9954451345755695,39.73568566969369,TIPARP;IL1B;CCL5;PDGFB;CYP1A1;CYP1B1;CCL2;TNF
GO_Biological_Process_2021,response to amyloid-beta (GO:1904645),5/44,0.0003664752829425978,0.0051659768800342,0,0,9.141583054626532,72.32436090716922,MMP13;FYN;ADRB2;MMP9;ICAM1
GO_Biological_Process_2021,regulation of calcium ion import (GO:0090279),4/25,0.0003823024306550593,0.0052622805160755,0,0,13.545126353790614,106.59064330147426,PDGFB;STC1;CCL2;FYN
GO_Biological_Process_2021,regulation of interferon-alpha production (GO:0032647),4/25,0.0003823024306550593,0.0052622805160755,0,0,13.545126353790614,106.59064330147426,IFIH1;DDX58;STAT1;IRF7
GO_Biological_Process_2021,negative regulation of cell junction assembly (GO:1901889),4/25,0.0003823024306550593,0.0052622805160755,0,0,13.545126353790614,106.59064330147426,IL1B;TNF;PHLDB2;TLR2
GO_Biological_Process_2021,MAPK cascade (GO:0000165),13/303,0.00037939972019347765,0.0052622805160755,0,0,3.249832732887288,25.59867322366816,CSF2;RASGRF2;PDGFB;TNF;RASGRP1;EREG;RASGRP3;IL1B;FGF19;CCL5;CCL2;FYN;HBEGF
GO_Biological_Process_2021,negative regulation of cell differentiation (GO:0045596),10/191,0.00038494864994025393,0.0052677183676034,0,0,3.983201157978431,31.317523211655327,ABCA1;NFKBIA;GREM1;IL6;MYOCD;COL5A1;ITGB3;SNAI2;TNF;XDH
KEGG_2021_Human,Tuberculosis,9/180,0.0010364726588362,0.0055031762600112,0,0,3.78250773993808,25.993135996447265,C3;IL1A;IL6;IL23A;IRAK2;STAT1;IL1B;TNF;TLR2
GO_Biological_Process_2021,cellular response to growth factor stimulus (GO:0071363),9/158,0.0004067011879863484,0.0055330277900468,0,0,4.345884326885116,33.930195597219054,BMP2;CCL5;PDGFB;ANKRD1;SNAI2;CCL2;HAS2;RUNX2;VEGFA
GO_Biological_Process_2021,regulation of cardiac muscle cell differentiation (GO:2000725),3/11,0.0004164704427743643,0.0055371638414318,0,0,26.588579136690647,206.9573922010754,GREM1;BMP2;MYOCD
GO_Biological_Process_2021,regulation of monocyte chemotactic protein-1 production (GO:0071637),3/11,0.0004164704427743643,0.0055371638414318,0,0,26.588579136690647,206.9573922010754,OAS1;IL1B;OAS3
GO_Biological_Process_2021,negative regulation of bone remodeling (GO:0046851),3/11,0.0004164704427743643,0.0055371638414318,0,0,26.588579136690647,206.9573922010754,GREM1;IL6;TNFAIP3
GO_Biological_Process_2021,negative regulation of steroid biosynthetic process (GO:0010894),3/11,0.0004164704427743643,0.0055371638414318,0,0,26.588579136690647,206.9573922010754,BMP2;FGF19;SNAI2
GO_Biological_Process_2021,regulation of monocyte chemotaxis (GO:0090025),4/26,0.00044685140490206365,0.0059075270478577,0,0,12.928782408926812,99.72337626216324,GREM1;DUSP1;CCL5;SERPINE1
GO_Biological_Process_2021,regulation of wound healing (GO:0061041),5/47,0.0005001875584564067,0.0065387647306591,0,0,8.48731884057971,64.50809951042612,PLAU;SERPINE1;TNFAIP3;DUOX2;HBEGF
GO_Biological_Process_2021,positive regulation of cell-cell adhesion (GO:0022409),5/47,0.0005001875584564067,0.0065387647306591,0,0,8.48731884057971,64.50809951042612,PODXL;CCL5;IL1B;TNF;CX3CL1
GO_Biological_Process_2021,positive regulation of cellular component movement (GO:0051272),4/27,0.0005188079506300879,0.0065978837199695,0,0,12.366033589703344,93.53639094064432,DUOXA2;ETS1;DUOX2;VEGFA
GO_Biological_Process_2021,positive regulation of nuclear division (GO:0051785),4/27,0.0005188079506300879,0.0065978837199695,0,0,12.366033589703344,93.53639094064432,IL1A;IL1B;PDGFB;EREG
GO_Biological_Process_2021,cytoplasmic pattern recognition receptor signaling pathway (GO:0002753),4/27,0.0005188079506300879,0.0065978837199695,0,0,12.366033589703344,93.53639094064432,IFIH1;IRAK2;DDX58;TNFAIP3
GO_Biological_Process_2021,negative regulation of endothelial cell apoptotic process (GO:2000352),4/27,0.0005188079506300879,0.0065978837199695,0,0,12.366033589703344,93.53639094064432,IL11;SERPINE1;TNFAIP3;ICAM1
GO_Biological_Process_2021,regulation of toll-like receptor signaling pathway (GO:0034121),4/27,0.0005188079506300879,0.0065978837199695,0,0,12.366033589703344,93.53639094064432,IRF1;IRF7;BIRC3;TLR2
GO_Biological_Process_2021,negative regulation of epithelial cell proliferation (GO:0050680),6/72,0.0005239868096210726,0.0066277250514232,0,0,6.496859504132232,49.07756285774028,STAT1;KLF9;SNAI2;XDH;NKX3-1;EREG
GO_Biological_Process_2021,positive regulation of neuroinflammatory response (GO:0150078),3/12,0.0005495361654715129,0.0069135195010932,0,0,23.633093525179856,177.40030334463538,IL6;IL1B;TNF
KEGG_2021_Human,Human cytomegalovirus infection,10/225,0.0013573755431121,0.0070394127003258,0,0,3.347464172316142,22.10063529379005,NFKBIA;IL6;IL1B;ITGB3;CCL5;CCL2;TNF;CX3CL1;VEGFA;CREB5
GO_Biological_Process_2021,intrinsic apoptotic signaling pathway (GO:0097193),7/102,0.0005942239098869779,0.0074357430435054,0,0,5.277295428351902,39.20109275861356,PPP1R15A;BCL2A1;IFI16;IFI6;CYP1B1;CHAC1;TNFRSF1B
GO_Biological_Process_2021,regulation of B cell activation (GO:0050864),4/28,0.0005986364467032053,0.0074511132196037,0,0,11.850180505415162,87.93848402693548,IL6;THEMIS2;TNFAIP3;IKZF3
GO_Biological_Process_2021,cellular response to mechanical stimulus (GO:0071260),5/49,0.0006077607570741684,0.0074850535344923,0,0,8.100708168642951,59.99165139046335,TNFSF14;GADD45A;IL1B;IRF1;ANKRD1
GO_Biological_Process_2021,regulation of cytokine-mediated signaling pathway (GO:0001959),6/74,0.0006069406909149125,0.0074850535344923,0,0,6.305133689839572,46.70262637405905,IRAK2;STAT1;TNFAIP3;TRAF1;TNF;BIRC3
GO_Biological_Process_2021,positive regulation of lymphocyte proliferation (GO:0050671),6/75,0.0006520604583811218,0.0079885940974441,0,0,6.213438735177865,45.57789242994392,CD274;IL6;IL23A;IL1B;CCL5;PDCD1LG2
GO_Biological_Process_2021,regulation of complement activation (GO:0030449),5/50,0.0006676277835550033,0.0081367136120766,0,0,7.920289855072464,57.91141497624296,C3;C1S;C1R;IL1B;CFB
GO_Biological_Process_2021,negative regulation of gene expression (GO:0010629),13/322,0.0006714921279738599,0.008141407147455,0,0,3.047022170699899,22.261569163127643,TIPARP;PDGFB;SAMD4A;PARP14;PARP9;TNF;VEGFA;BMP2;STC2;FGF19;XDH;NKX3-1;RBMS3
GO_Biological_Process_2021,positive regulation of leukocyte migration (GO:0002687),4/29,0.0006868043997908721,0.0082416527974904,0,0,11.375595667870035,82.85370765741511,IL6;TNF;ICAM1;VEGFA
GO_Biological_Process_2021,protein ADP-ribosylation (GO:0006471),4/29,0.0006868043997908721,0.0082416527974904,0,0,11.375595667870035,82.85370765741511,TIPARP;PARP14;PARP9;PARP8
GO_Biological_Process_2021,regulation of epithelial to mesenchymal transition (GO:0010717),6/76,0.0006997358737799097,0.0082718346074626,0,0,6.124363636363636,44.492323596549625,GREM1;BMP2;IL6;IL1B;PHLDB2;LOXL2
GO_Biological_Process_2021,regulation of chemokine (C-X-C motif) ligand 2 production (GO:2000341),3/13,0.0007069944108942401,0.0082718346074626,0,0,21.268705035971223,154.29356115169549,OAS1;OAS3;TNF
GO_Biological_Process_2021,negative regulation of macrophage derived foam cell differentiation (GO:0010745),3/13,0.0007069944108942401,0.0082718346074626,0,0,21.268705035971223,154.29356115169549,ABCA1;NFKBIA;ITGB3
GO_Biological_Process_2021,regulation of leukocyte adhesion to vascular endothelial cell (GO:1904994),3/13,0.0007069944108942401,0.0082718346074626,0,0,21.268705035971223,154.29356115169549,IL6;ETS1;TNF
GO_Biological_Process_2021,positive regulation of calcium ion import (GO:0090280),3/13,0.0007069944108942401,0.0082718346074626,0,0,21.268705035971223,154.29356115169549,PDGFB;STC1;CCL2
GO_Biological_Process_2021,positive regulation of phosphatidylinositol 3-kinase signaling (GO:0014068),6/77,0.0007500643555396682,0.0087320924973274,0,0,6.037797695262484,43.444076991481126,UNC5B;CCL5;NEDD4;PDGFB;TNF;NKX3-1
KEGG_2021_Human,African trypanosomiasis,4/37,0.0017489043577997,0.0088637652679395,0,0,8.61437479488021,54.69064781368553,IL6;IL1B;TNF;ICAM1
GO_Biological_Process_2021,sprouting angiogenesis (GO:0002040),5/52,0.0008004711806181786,0.0092727849635967,0,0,7.582485353068146,54.06547134940018,GREM1;CCBE1;BMPER;LOXL2;VEGFA
GO_Biological_Process_2021,negative regulation of cysteine-type endopeptidase activity (GO:2000117),5/53,0.0008738352405176944,0.0100234042294676,0,0,7.424139492753623,52.285383712705645,IFI16;LAMP3;IFI6;TNF;VEGFA
GO_Biological_Process_2021,positive regulation of NIK/NF-kappaB signaling (GO:1901224),5/53,0.0008738352405176944,0.0100234042294676,0,0,7.424139492753623,52.285383712705645,TNFSF14;IL23A;IL1B;TNF;TLR2
GO_Biological_Process_2021,defense response to bacterium (GO:0042742),9/176,0.0008845140466748426,0.0100964042400933,0,0,3.8738992603029234,27.23534091403136,PGLYRP4;IL6;OAS1;IL23A;OAS3;SERPINE1;NLRP1;GBP4;TLR2
GO_Biological_Process_2021,regulation of macrophage derived foam cell differentiation (GO:0010743),4/31,0.0008900396161361329,0.0101101587464007,0,0,10.531889290012034,73.97856630166602,ABCA1;NFKBIA;CSF2;ITGB3
GO_Biological_Process_2021,negative regulation of cell cycle (GO:0045786),6/80,0.0009179667197108282,0.0103770150923832,0,0,5.792137592137592,40.506442076555125,MYOCD;BMP2;DUSP1;RPS6KA2;INHBA;NKX3-1
KEGG_2021_Human,Staphylococcus aureus infection,6/95,0.0022297333703258,0.0108093595996233,0,0,4.812257405515832,29.38303383921117,C3;C1S;C1R;PTAFR;CFB;ICAM1
KEGG_2021_Human,Focal adhesion,9/201,0.0022183816968178,0.0108093595996233,0,0,3.365176930147059,20.564519878800937,COL4A1;ITGB3;ITGA2;PDGFB;LAMC2;FYN;VAV1;VEGFA;BIRC3
GO_Biological_Process_2021,regulation of interleukin-8 production (GO:0032677),6/81,0.0009799138505739975,0.0110240308189574,0,0,5.714618181818182,39.59113705170334,IL6;DDX58;IL1B;SERPINE1;TNF;TLR2
KEGG_2021_Human,Relaxin signaling pathway,7/129,0.0023364270058213,0.011085600474429,0,0,4.103715448127319,24.864955384511823,NFKBIA;MMP13;COL4A1;MMP1;MMP9;CREB5;VEGFA
GO_Biological_Process_2021,regulation of cellular biosynthetic process (GO:0031326),4/32,0.0010060505623114,0.0112639153866445,0,0,10.155234657039712,70.08861607299487,C3;CCL5;STC2;TNFRSF1B
GO_Biological_Process_2021,positive regulation of cellular biosynthetic process (GO:0031328),9/180,0.0010364726588362,0.0114403114230034,0,0,3.78250773993808,25.993135996447265,IL6;ZEB2;IL1B;CCL5;DUOXA2;PDGFB;SAMD4A;TNF;EREG
GO_Biological_Process_2021,negative regulation of cytokine-mediated signaling pathway (GO:0001960),5/55,0.0010354362520374,0.0114403114230034,0,0,7.126449275362319,48.97960441746774,IL6;OAS1;OAS3;SAMHD1;PARP14
GO_Biological_Process_2021,negative regulation of cysteine-type endopeptidase activity involved in apoptotic process (GO:0043154),5/55,0.0010354362520374,0.0114403114230034,0,0,7.126449275362319,48.97960441746774,LAMP3;IFI6;TNF;MMP9;VEGFA
KEGG_2021_Human,Natural killer cell mediated cytotoxicity,7/131,0.0025479514783123,0.0116803802306015,0,0,4.037114433717918,24.111527016076817,CSF2;RAET1L;FYN;TNF;ULBP1;VAV1;ICAM1
KEGG_2021_Human,Bladder cancer,4/41,0.0025665409475312,0.0116803802306015,0,0,7.68152990535662,45.82183316655407,MMP1;MMP9;VEGFA;HBEGF
KEGG_2021_Human,Human papillomavirus infection,12/331,0.0026345845243794,0.0117033652693319,0,0,2.7129389006071483,16.112224936074618,STAT1;COL4A1;ITGB3;ITGA2;IRF1;MX2;MX1;LAMC2;TNF;IRF9;VEGFA;CREB5
KEGG_2021_Human,Fc epsilon RI signaling pathway,5/68,0.0026765543889503,0.0117033652693319,0,0,5.652173913043479,33.47909775495055,CSF2;PLA2G4C;FYN;TNF;VAV1
GO_Biological_Process_2021,macrophage differentiation (GO:0030225),3/15,0.0011015979599502,0.0117169964831072,0,0,17.722122302158272,120.70525914071374,CSF2;MMP9;VEGFA
GO_Biological_Process_2021,interleukin-27-mediated signaling pathway (GO:0070106),3/15,0.0011015979599502,0.0117169964831072,0,0,17.722122302158272,120.70525914071374,OAS1;STAT1;MX1
GO_Biological_Process_2021,positive regulation of membrane protein ectodomain proteolysis (GO:0051044),3/15,0.0011015979599502,0.0117169964831072,0,0,17.722122302158272,120.70525914071374,IL1B;TNFRSF1B;TNF
GO_Biological_Process_2021,positive regulation of acute inflammatory response (GO:0002675),3/15,0.0011015979599502,0.0117169964831072,0,0,17.722122302158272,120.70525914071374,IL6;IL1B;TNF
GO_Biological_Process_2021,positive regulation of sprouting angiogenesis (GO:1903672),3/15,0.0011015979599502,0.0117169964831072,0,0,17.722122302158272,120.70525914071374,BMPER;FUT1;VEGFA
GO_Biological_Process_2021,cellular response to exogenous dsRNA (GO:0071360),3/15,0.0011015979599502,0.0117169964831072,0,0,17.722122302158272,120.70525914071374,IFIH1;DDX58;IFIT1
GO_Biological_Process_2021,fibrinolysis (GO:0042730),3/15,0.0011015979599502,0.0117169964831072,0,0,17.722122302158272,120.70525914071374,PLAU;SERPINE1;PLAT
GO_Biological_Process_2021,regulation of lymphocyte activation (GO:0051249),3/15,0.0011015979599502,0.0117169964831072,0,0,17.722122302158272,120.70525914071374,THEMIS2;CCL5;IKZF3
GO_Biological_Process_2021,regulation of defense response (GO:0031347),6/83,0.001113406774475,0.0117359092444672,0,0,5.565619834710744,37.84805597049523,HERC5;SEMA7A;IRF1;NLRP1;SAMHD1;BIRC3
GO_Biological_Process_2021,regulation of osteoblast differentiation (GO:0045667),6/83,0.001113406774475,0.0117359092444672,0,0,5.565619834710744,37.84805597049523,GREM1;IFITM1;BMP2;IL6;SNAI2;RUNX2
GO_Biological_Process_2021,positive regulation of receptor signaling pathway via JAK-STAT (GO:0046427),4/33,0.0011322869150772,0.0118813963286134,0,0,9.804556205651688,66.50936264647947,IL6;CCL5;CYP1B1;TNF
KEGG_2021_Human,Graft-versus-host disease,4/42,0.0028057882349087,0.0120325149304742,0,0,7.479004370131104,43.947158959211215,IL1A;IL6;IL1B;TNF
KEGG_2021_Human,Epithelial cell signaling in Helicobacter pylori infection,5/70,0.003037977575771,0.0123176181708534,0,0,5.477703455964326,31.751854580561616,NFKBIA;CCL5;CXCL3;CXCL2;HBEGF
KEGG_2021_Human,RIG-I-like receptor signaling pathway,5/70,0.003037977575771,0.0123176181708534,0,0,5.477703455964326,31.751854580561616,IFIH1;NFKBIA;DDX58;IRF7;TNF
KEGG_2021_Human,Pantothenate and CoA biosynthesis,3/21,0.0030256777226112,0.0123176181708534,0,0,11.81115107913669,68.51200120488858,VNN1;VNN3;BCAT1
GO_Biological_Process_2021,regulation of mitotic nuclear division (GO:0007088),5/57,0.0012182120119066,0.0127259647672387,0,0,6.851658305462653,45.97716960075958,IL1A;DUSP1;IL1B;PDGFB;EREG
GO_Biological_Process_2021,positive regulation of protein catabolic process (GO:0045732),6/85,0.0012604161951644,0.0131083284297104,0,0,5.424165707710012,36.21342965002614,TIPARP;IL1B;NEDD4;TNFAIP3;TNFRSF1B;TNF
GO_Biological_Process_2021,regulation of pathway-restricted SMAD protein phosphorylation (GO:0060393),5/58,0.0013180521733369,0.0134755084820512,0,0,6.722039923434509,44.5778816935758,GREM1;BMP2;BMPER;INHBA;INHBE
GO_Biological_Process_2021,regulation of interferon-gamma production (GO:0032649),6/86,0.0013392640788292,0.0134755084820512,0,0,5.356090909090909,35.43394253913247,CD274;IL23A;IL1B;PDCD1LG2;INHBA;RASGRP1
GO_Biological_Process_2021,positive regulation of endothelial cell migration (GO:0010595),6/86,0.0013392640788292,0.0134755084820512,0,0,5.356090909090909,35.43394253913247,STAT5A;ITGB3;PDGFB;ETS1;FUT1;VEGFA
GO_Biological_Process_2021,eosinophil migration (GO:0072677),3/16,0.0013417920838965,0.0134755084820512,0,0,16.358052019922525,108.18805317353028,CCL5;CCL2;CX3CL1
GO_Biological_Process_2021,negative regulation of type I interferon-mediated signaling pathway (GO:0060339),3/16,0.0013417920838965,0.0134755084820512,0,0,16.358052019922525,108.18805317353028,OAS1;OAS3;SAMHD1
GO_Biological_Process_2021,eosinophil chemotaxis (GO:0048245),3/16,0.0013417920838965,0.0134755084820512,0,0,16.358052019922525,108.18805317353028,CCL5;CCL2;CX3CL1
GO_Biological_Process_2021,regulation of hormone secretion (GO:0046883),3/16,0.0013417920838965,0.0134755084820512,0,0,16.358052019922525,108.18805317353028,IL11;LIF;SCG5
GO_Biological_Process_2021,positive regulation of leukocyte adhesion to vascular endothelial cell (GO:1904996),3/16,0.0013417920838965,0.0134755084820512,0,0,16.358052019922525,108.18805317353028,IL6;ETS1;TNF
KEGG_2021_Human,T cell receptor signaling pathway,6/104,0.0035070227459494,0.0139654655776199,0,0,4.368311688311688,24.69401277661346,NFKBIA;CSF2;FYN;TNF;RASGRP1;VAV1
GO_Biological_Process_2021,positive regulation of protein-containing complex assembly (GO:0031334),7/118,0.0014035046101799,0.0140350461017997,0,0,4.512921680804893,29.6444026638912,ABCA1;GBP5;CSF2;MMP1;TNF;TRABD2B;VEGFA
GO_Biological_Process_2021,positive regulation of reproductive process (GO:2000243),4/35,0.0014173224069762,0.0141129124779761,0,0,9.171072551531385,60.152934785707735,BNC1;ANKRD31;INHBA;VEGFA
GO_Biological_Process_2021,negative regulation of chemokine production (GO:0032682),3/17,0.0016124812073488,0.0155917604346953,0,0,15.18884892086331,97.6640124597334,IL6;OAS1;OAS3
GO_Biological_Process_2021,regulation of endothelial cell migration (GO:0010594),6/89,0.0015985289629003,0.0155917604346953,0,0,5.16170865279299,33.23454624347169,BMPER;ITGB3;STC1;ETS1;FUT1;VEGFA
GO_Biological_Process_2021,negative regulation of interleukin-10 production (GO:0032693),3/17,0.0016124812073488,0.0155917604346953,0,0,15.18884892086331,97.6640124597334,CD274;IL23A;PDCD1LG2
GO_Biological_Process_2021,positive regulation of cytokine production involved in inflammatory response (GO:1900017),3/17,0.0016124812073488,0.0155917604346953,0,0,15.18884892086331,97.6640124597334,GBP5;IL6;TNF
GO_Biological_Process_2021,positive regulation of mitotic nuclear division (GO:0045840),4/36,0.0015770614049429,0.0155917604346953,0,0,8.884025270758123,57.32143708129617,IL1A;IL1B;PDGFB;EREG
GO_Biological_Process_2021,regulation of establishment of endothelial barrier (GO:1903140),3/17,0.0016124812073488,0.0155917604346953,0,0,15.18884892086331,97.6640124597334,IL1B;TNF;VEGFA
GO_Biological_Process_2021,regulation of cysteine-type endopeptidase activity involved in apoptotic process (GO:0043281),6/89,0.0015985289629003,0.0155917604346953,0,0,5.16170865279299,33.23454624347169,LAMP3;IFI6;NLRP3;TNF;NKX3-1;VEGFA
KEGG_2021_Human,Th17 cell differentiation,6/107,0.0040343549976359,0.0157835292012776,0,0,4.237911791179118,23.36322138488912,STAT5A;NFKBIA;IL6;IL23A;STAT1;IL1B
GO_Biological_Process_2021,negative regulation of epithelial cell apoptotic process (GO:1904036),4/37,0.0017489043577997,0.0168413012232566,0,0,8.61437479488021,54.69064781368553,IL11;SERPINE1;TNFAIP3;ICAM1
GO_Biological_Process_2021,positive regulation of cysteine-type endopeptidase activity (GO:2001056),5/62,0.0017786291835206,0.0169877236303604,0,0,6.249046529366895,39.56841478873752,IFI16;NLRP3;FYN;TNF;NKX3-1
GO_Biological_Process_2021,I-kappaB kinase/NF-kappaB signaling (GO:0007249),5/62,0.0017786291835206,0.0169877236303604,0,0,6.249046529366895,39.56841478873752,NFKBIA;IRAK2;TNF;BIRC3;TLR2
GO_Biological_Process_2021,cellular response to dsRNA (GO:0071359),3/18,0.0019149945955117,0.01710338684541,0,0,14.175539568345323,88.71110042385895,IFIH1;DDX58;IFIT1
GO_Biological_Process_2021,response to interferon-alpha (GO:0035455),3/18,0.0019149945955117,0.01710338684541,0,0,14.175539568345323,88.71110042385895,IFITM1;MX2;LAMP3
GO_Biological_Process_2021,positive regulation of cell adhesion mediated by integrin (GO:0033630),3/18,0.0019149945955117,0.01710338684541,0,0,14.175539568345323,88.71110042385895,PODXL;CCL5;LIF
GO_Biological_Process_2021,chronic inflammatory response (GO:0002544),2/5,0.001912744172921,0.01710338684541,0,0,47.11111111111112,294.8786359108991,VNN1;TNF
GO_Biological_Process_2021,renal tubule development (GO:0061326),2/5,0.001912744172921,0.01710338684541,0,0,47.11111111111112,294.8786359108991,COL4A1;STAT1
GO_Biological_Process_2021,regulation of ribonuclease activity (GO:0060700),2/5,0.001912744172921,0.01710338684541,0,0,47.11111111111112,294.8786359108991,OAS1;OAS3
GO_Biological_Process_2021,postsynaptic neurotransmitter receptor internalization (GO:0098884),2/5,0.001912744172921,0.01710338684541,0,0,47.11111111111112,294.8786359108991,MX2;MX1
GO_Biological_Process_2021,postsynaptic endocytosis (GO:0140239),2/5,0.001912744172921,0.01710338684541,0,0,47.11111111111112,294.8786359108991,MX2;MX1
GO_Biological_Process_2021,positive regulation of transcription from RNA polymerase II promoter involved in heart development (GO:1901228),2/5,0.001912744172921,0.01710338684541,0,0,47.11111111111112,294.8786359108991,GREM1;MYOCD
GO_Biological_Process_2021,reelin-mediated signaling pathway (GO:0038026),2/5,0.001912744172921,0.01710338684541,0,0,47.11111111111112,294.8786359108991,STAT5A;VLDLR
GO_Biological_Process_2021,regulation of fever generation (GO:0031620),2/5,0.001912744172921,0.01710338684541,0,0,47.11111111111112,294.8786359108991,IL1B;TNF
GO_Biological_Process_2021,negative regulation of insulin-like growth factor receptor signaling pathway (GO:0043569),2/5,0.001912744172921,0.01710338684541,0,0,47.11111111111112,294.8786359108991,BMP2;NKX3-1
GO_Biological_Process_2021,positive regulation of interleukin-18 production (GO:0032741),2/5,0.001912744172921,0.01710338684541,0,0,47.11111111111112,294.8786359108991,GBP5;TLR2
GO_Biological_Process_2021,response to salt stress (GO:0009651),2/5,0.001912744172921,0.01710338684541,0,0,47.11111111111112,294.8786359108991,KMO;TNF
GO_Biological_Process_2021,positive regulation of heat generation (GO:0031652),2/5,0.001912744172921,0.01710338684541,0,0,47.11111111111112,294.8786359108991,IL1B;TNF
GO_Biological_Process_2021,peptidyl-lysine oxidation (GO:0018057),2/5,0.001912744172921,0.01710338684541,0,0,47.11111111111112,294.8786359108991,LOX;LOXL2
GO_Biological_Process_2021,regulation of hydrogen peroxide biosynthetic process (GO:0010728),2/5,0.001912744172921,0.01710338684541,0,0,47.11111111111112,294.8786359108991,DUOXA2;FYN
GO_Biological_Process_2021,regulation of apoptotic signaling pathway (GO:2001233),4/38,0.0019333151891021,0.0172013594771823,0,0,8.360586111700998,52.24128146346517,TRAF1;TNF;CX3CL1;NKX3-1
KEGG_2021_Human,PI3K-Akt signaling pathway,12/354,0.0045084713705696,0.01733429509719,0,0,2.527489728037566,13.65298674674806,IL6;COL4A1;FGF19;ITGB3;ITGA2;PDGFB;LAMC2;IL7R;EREG;TLR2;VEGFA;CREB5
GO_Biological_Process_2021,positive regulation of protein kinase B signaling (GO:0051897),8/161,0.0020281470131536,0.0179767576165895,0,0,3.747468218056453,23.23667399078392,FGF19;PDGFB;FYN;TNF;CX3CL1;VAV1;EREG;HBEGF
GO_Biological_Process_2021,antimicrobial humoral immune response mediated by antimicrobial peptide (GO:0061844),5/64,0.0020486126742718,0.0180896364445134,0,0,6.036600343895849,37.37013256803055,CXCL6;PGLYRP4;CXCL3;CXCL2;CXCL5
KEGG_2021_Human,Toxoplasmosis,6/112,0.0050405232358413,0.0190514691795359,0,0,4.036981132075471,21.35662080592743,NFKBIA;STAT1;LAMC2;TNF;BIRC3;TLR2
GO_Biological_Process_2021,regulation of lymphocyte proliferation (GO:0050670),3/19,0.0022505876098936,0.0197984022825229,0,0,13.288893884892088,81.01659122004901,LST1;TNFRSF1B;IKZF3
GO_Biological_Process_2021,positive regulation of macromolecule biosynthetic process (GO:0010557),7/129,0.0023364270058213,0.0204460024645428,0,0,4.103715448127319,24.864955384511823,IL6;IL1B;PDGFB;SAMD4A;CCL2;EREG;TLR2
GO_Biological_Process_2021,lymphocyte migration (GO:0072676),4/40,0.0023416789147425,0.0204460024645428,0,0,7.895306859205776,47.82098243935979,CCL20;CCL5;CCL2;CX3CL1
GO_Biological_Process_2021,regulation of response to external stimulus (GO:0032101),7/130,0.0024404248949072,0.0212289749222415,0,0,4.070144205091686,24.48429076626598,HERC5;SEMA7A;IRF1;NLRP1;SAMHD1;CX3CL1;BIRC3
GO_Biological_Process_2021,positive regulation of nucleic acid-templated transcription (GO:1903508),16/511,0.0024789112250724,0.0214046209102193,0,0,2.34483704974271,14.068871847501796,MYOCD;DTX3L;STAT1;PDGFB;INHBA;PARP9;ETS1;TNF;RUNX2;IL6;BMP2;IL1B;IRF1;IRF7;NKX3-1;CREB5
GO_Biological_Process_2021,regulation of MAP kinase activity (GO:0043405),6/97,0.002477010287071,0.0214046209102193,0,0,4.706013986013986,28.239392128370174,DUSP1;IL1B;PDGFB;TNF;RASGRP1;VEGFA
KEGG_2021_Human,Phagosome,7/152,0.005764770342733,0.0214257297738245,0,0,3.448728920211427,17.78161169608885,C3;MARCO;C1R;ITGB3;ITGA2;OLR1;TLR2
GO_Biological_Process_2021,positive regulation of catabolic process (GO:0009896),5/67,0.0025080314469402,0.021576447006765,0,0,5.743630201028518,34.39433443238773,TIPARP;IL1B;NEDD4;TNFAIP3;TNF
GO_Biological_Process_2021,negative regulation of cell-cell adhesion (GO:0022408),4/41,0.0025665409475312,0.021998922407411,0,0,7.68152990535662,45.82183316655407,BMP2;PODXL;B4GALNT2;VEGFA
GO_Biological_Process_2021,cardiac epithelial to mesenchymal transition (GO:0060317),3/20,0.0026204439301813,0.0223789737103077,0,0,12.5065594583157,74.3441363267078,BMP2;HAS2;SNAI2
GO_Biological_Process_2021,regulation of protein kinase B signaling (GO:0051896),9/207,0.0027033507382054,0.0230030571905481,0,0,3.2621991978609626,19.290242667568396,FGF19;PDGFB;FYN;XDH;TNF;CX3CL1;VAV1;EREG;HBEGF
GO_Biological_Process_2021,regulation of cell adhesion (GO:0030155),7/133,0.0027739057185876,0.0230156260598689,0,0,3.9726277372262775,23.38884161258628,PLAU;PODXL;DUSP1;CCL5;TNF;FUT1;VEGFA
GO_Biological_Process_2021,regulation of immature T cell proliferation in thymus (GO:0033084),2/6,0.0028425281757701,0.0230156260598689,0,0,35.331541218637994,207.15099623055715,IL1A;IL1B
GO_Biological_Process_2021,positive regulation of fever generation (GO:0031622),2/6,0.0028425281757701,0.0230156260598689,0,0,35.331541218637994,207.15099623055715,IL1B;TNF
GO_Biological_Process_2021,negative regulation of monocyte chemotaxis (GO:0090027),2/6,0.0028425281757701,0.0230156260598689,0,0,35.331541218637994,207.15099623055715,GREM1;DUSP1
GO_Biological_Process_2021,regulation of glutamate receptor signaling pathway (GO:1900449),2/6,0.0028425281757701,0.0230156260598689,0,0,35.331541218637994,207.15099623055715,FYN;CX3CL1
GO_Biological_Process_2021,positive regulation of epithelial to mesenchymal transition (GO:0010718),4/42,0.0028057882349087,0.0230156260598689,0,0,7.479004370131104,43.947158959211215,BMP2;IL6;IL1B;LOXL2
GO_Biological_Process_2021,venous blood vessel morphogenesis (GO:0048845),2/6,0.0028425281757701,0.0230156260598689,0,0,35.331541218637994,207.15099623055715,CCBE1;VEGFA
GO_Biological_Process_2021,regulation of nuclease activity (GO:0032069),2/6,0.0028425281757701,0.0230156260598689,0,0,35.331541218637994,207.15099623055715,OAS1;OAS3
GO_Biological_Process_2021,regulation of chemokine production (GO:0032642),4/42,0.0028057882349087,0.0230156260598689,0,0,7.479004370131104,43.947158959211215,IL6;SNAI2;TNF;TLR2
GO_Biological_Process_2021,positive regulation of cell-cell adhesion mediated by integrin (GO:0033634),2/6,0.0028425281757701,0.0230156260598689,0,0,35.331541218637994,207.15099623055715,PODXL;CCL5
GO_Biological_Process_2021,positive regulation of I-kappaB phosphorylation (GO:1903721),2/6,0.0028425281757701,0.0230156260598689,0,0,35.331541218637994,207.15099623055715,TNF;CX3CL1
GO_Biological_Process_2021,regulation of vitamin D biosynthetic process (GO:0060556),2/6,0.0028425281757701,0.0230156260598689,0,0,35.331541218637994,207.15099623055715,SNAI2;TNF
GO_Biological_Process_2021,detection of virus (GO:0009597),2/6,0.0028425281757701,0.0230156260598689,0,0,35.331541218637994,207.15099623055715,IFIH1;DDX58
GO_Biological_Process_2021,ISG15-protein conjugation (GO:0032020),2/6,0.0028425281757701,0.0230156260598689,0,0,35.331541218637994,207.15099623055715,HERC5;UBE2L6
GO_Biological_Process_2021,cell chemotaxis (GO:0060326),5/69,0.0028531306705178,0.023021812996592,0,0,5.563575634057971,32.59887239125396,CCL20;PDGFB;CX3CL1;HBEGF;VEGFA
GO_Biological_Process_2021,positive regulation of T cell cytokine production (GO:0002726),3/21,0.0030256777226112,0.0240819247309878,0,0,11.81115107913669,68.51200120488858,IL6;IL1B;NLRP3
GO_Biological_Process_2021,positive regulation of transcription from RNA polymerase II promoter involved in cellular response to chemical stimulus (GO:1901522),3/21,0.0030256777226112,0.0240819247309878,0,0,11.81115107913669,68.51200120488858,BMP2;RUNX2;VEGFA
GO_Biological_Process_2021,negative regulation of cell communication (GO:0010648),3/21,0.0030256777226112,0.0240819247309878,0,0,11.81115107913669,68.51200120488858,IL11;IL1B;LIF
GO_Biological_Process_2021,negative regulation of programmed cell death (GO:0043069),13/381,0.0029998199171949,0.0240819247309878,0,0,2.5507280175210902,14.817696901861416,BCL2A1;IFI6;ASNS;DHRS2;MMP9;IFIT3;CX3CL1;VEGFA;NFKBIA;GREM1;IL6;ANGPTL4;BIRC3
GO_Biological_Process_2021,positive regulation of cellular protein localization (GO:1903829),5/71,0.0032313123902332,0.0255448344363033,0,0,5.394433465085639,30.93635798523242,DTX3L;LIF;FYN;PARP9;TNF
GO_Biological_Process_2021,myeloid leukocyte differentiation (GO:0002573),5/71,0.0032313123902332,0.0255448344363033,0,0,5.394433465085639,30.93635798523242,CSF2;IFI16;MMP9;DHRS2;VEGFA
GO_Biological_Process_2021,regulation of cell cycle (GO:0051726),11/296,0.0032502154141272,0.0256077578082749,0,0,2.7780896686159844,15.915770176459398,PPP1R15A;BMP2;FAP;GADD45A;DUSP1;RPS6KA2;IRF1;MX2;INHBA;NKX3-1;BIRC3
GO_Biological_Process_2021,lymphocyte chemotaxis (GO:0048247),4/44,0.0033292030569739,0.0258815121372724,0,0,7.104332129963899,40.53037341178255,CCL20;CCL5;CCL2;CX3CL1
GO_Biological_Process_2021,branching morphogenesis of an epithelial tube (GO:0048754),4/44,0.0033292030569739,0.0258815121372724,0,0,7.104332129963899,40.53037341178255,BMP2;COL4A1;NKX3-1;VEGFA
GO_Biological_Process_2021,positive regulation of osteoblast differentiation (GO:0045669),4/44,0.0033292030569739,0.0258815121372724,0,0,7.104332129963899,40.53037341178255,IFITM1;BMP2;IL6;RUNX2
GO_Biological_Process_2021,positive regulation of receptor-mediated endocytosis (GO:0048260),4/44,0.0033292030569739,0.0258815121372724,0,0,7.104332129963899,40.53037341178255,C3;GREM1;SERPINE1;VEGFA
GO_Biological_Process_2021,regulation of membrane protein ectodomain proteolysis (GO:0051043),3/22,0.0034673357593582,0.0268661115129081,0,0,11.188943581976524,63.37830262434684,IL1B;TNFRSF1B;TNF
GO_Biological_Process_2021,zymogen activation (GO:0031638),4/45,0.0036142385844397,0.0277289124183246,0,0,6.930703530862023,38.97047318625568,IFI16;C1R;PLAU;PLAT
GO_Biological_Process_2021,regulation of receptor signaling pathway via JAK-STAT (GO:0046425),4/45,0.0036142385844397,0.0277289124183246,0,0,6.930703530862023,38.97047318625568,IL6;CCL5;CYP1B1;TNF
GO_Biological_Process_2021,positive regulation of response to biotic stimulus (GO:0002833),4/45,0.0036142385844397,0.0277289124183246,0,0,6.930703530862023,38.97047318625568,GBP5;CCL5;DDX60;EREG
GO_Biological_Process_2021,endothelial cell morphogenesis (GO:0001886),2/7,0.0039427014417714,0.027814984292866,0,0,28.26379928315412,156.46525966219988,COL22A1;STC1
GO_Biological_Process_2021,regulation of smooth muscle cell differentiation (GO:0051150),2/7,0.0039427014417714,0.027814984292866,0,0,28.26379928315412,156.46525966219988,MYOCD;EREG
GO_Biological_Process_2021,regulation of transcription from RNA polymerase II promoter involved in myocardial precursor cell differentiation (GO:0003256),2/7,0.0039427014417714,0.027814984292866,0,0,28.26379928315412,156.46525966219988,GREM1;MYOCD
GO_Biological_Process_2021,hyaluronan biosynthetic process (GO:0030213),2/7,0.0039427014417714,0.027814984292866,0,0,28.26379928315412,156.46525966219988,IL1B;HAS2
GO_Biological_Process_2021,RIG-I signaling pathway (GO:0039529),2/7,0.0039427014417714,0.027814984292866,0,0,28.26379928315412,156.46525966219988,DDX58;OAS3
GO_Biological_Process_2021,smooth muscle cell migration (GO:0014909),2/7,0.0039427014417714,0.027814984292866,0,0,28.26379928315412,156.46525966219988,ITGB3;PLAT
GO_Biological_Process_2021,pantothenate metabolic process (GO:0015939),2/7,0.0039427014417714,0.027814984292866,0,0,28.26379928315412,156.46525966219988,VNN1;VNN3
GO_Biological_Process_2021,positive regulation of vascular associated smooth muscle cell differentiation (GO:1905065),2/7,0.0039427014417714,0.027814984292866,0,0,28.26379928315412,156.46525966219988,MYOCD;SOD2
GO_Biological_Process_2021,"complement activation, alternative pathway (GO:0006957)",2/7,0.0039427014417714,0.027814984292866,0,0,28.26379928315412,156.46525966219988,C3;CFB
GO_Biological_Process_2021,regulation of natural killer cell chemotaxis (GO:2000501),2/7,0.0039427014417714,0.027814984292866,0,0,28.26379928315412,156.46525966219988,CCL5;CCL2
GO_Biological_Process_2021,positive regulation of JNK cascade (GO:0046330),5/73,0.0036443140562374,0.027814984292866,0,0,5.23524083546462,29.3937157587212,GADD45A;IL1B;FGF19;TRAF1;RASGRP1
GO_Biological_Process_2021,positive regulation of activation of Janus kinase activity (GO:0010536),2/7,0.0039427014417714,0.027814984292866,0,0,28.26379928315412,156.46525966219988,IL23A;CCL5
GO_Biological_Process_2021,positive regulation of T-helper 17 cell differentiation (GO:2000321),2/7,0.0039427014417714,0.027814984292866,0,0,28.26379928315412,156.46525966219988,IL23A;NFKBIZ
GO_Biological_Process_2021,chemical homeostasis within a tissue (GO:0048875),2/7,0.0039427014417714,0.027814984292866,0,0,28.26379928315412,156.46525966219988,OAS1;VEGFA
GO_Biological_Process_2021,positive regulation of cardiac muscle cell differentiation (GO:2000727),2/7,0.0039427014417714,0.027814984292866,0,0,28.26379928315412,156.46525966219988,GREM1;MYOCD
GO_Biological_Process_2021,positive regulation of podosome assembly (GO:0071803),2/7,0.0039427014417714,0.027814984292866,0,0,28.26379928315412,156.46525966219988,CSF2;TNF
GO_Biological_Process_2021,regulation of interferon-gamma-mediated signaling pathway (GO:0060334),3/23,0.0039463994808681,0.027814984292866,0,0,10.628956834532374,58.830762058430814,STAT1;PARP14;PARP9
GO_Biological_Process_2021,regulation of cysteine-type endopeptidase activity (GO:2000116),3/23,0.0039463994808681,0.027814984292866,0,0,10.628956834532374,58.830762058430814,IFI16;FYN;BIRC3
GO_Biological_Process_2021,positive regulation of protein autophosphorylation (GO:0031954),3/23,0.0039463994808681,0.027814984292866,0,0,10.628956834532374,58.830762058430814,GREM1;PDGFB;VEGFA
GO_Biological_Process_2021,negative regulation of phosphoprotein phosphatase activity (GO:0032515),3/23,0.0039463994808681,0.027814984292866,0,0,10.628956834532374,58.830762058430814,PPP1R15A;PPP4R4;TNF
GO_Biological_Process_2021,regulation of calcidiol 1-monooxygenase activity (GO:0060558),2/7,0.0039427014417714,0.027814984292866,0,0,28.26379928315412,156.46525966219988,IL1B;TNF
GO_Biological_Process_2021,regulation by virus of viral protein levels in host cell (GO:0046719),2/7,0.0039427014417714,0.027814984292866,0,0,28.26379928315412,156.46525966219988,STAT1;IFIT1
GO_Biological_Process_2021,positive regulation of protein serine/threonine kinase activity (GO:0071902),6/106,0.0038524698849619,0.027814984292866,0,0,4.280509090909091,23.79552471457556,IL1B;PDGFB;ADRB2;TNF;RASGRP1;VEGFA
GO_Biological_Process_2021,regulation of phosphatidylinositol 3-kinase signaling (GO:0014066),6/106,0.0038524698849619,0.027814984292866,0,0,4.280509090909091,23.79552471457556,UNC5B;CCL5;NEDD4;PDGFB;TNF;NKX3-1
GO_Biological_Process_2021,surfactant homeostasis (GO:0043129),2/7,0.0039427014417714,0.027814984292866,0,0,28.26379928315412,156.46525966219988,OAS1;VEGFA
GO_Biological_Process_2021,synaptic vesicle budding from presynaptic endocytic zone membrane (GO:0016185),2/7,0.0039427014417714,0.027814984292866,0,0,28.26379928315412,156.46525966219988,MX2;MX1
GO_Biological_Process_2021,regulation of I-kappaB phosphorylation (GO:1903719),2/7,0.0039427014417714,0.027814984292866,0,0,28.26379928315412,156.46525966219988,TNF;CX3CL1
GO_Biological_Process_2021,regulation of transcription by RNA polymerase II (GO:0006357),46/2206,0.0040561545844993,0.0285027078910763,0,0,1.591241134751773,8.763792216728948,SERPINE1;PRDM1;IKZF3;HOXD10;ETS1;TNF;CX3CL1;LOXL2;HELZ2;CUX2;IFI16;ANKRD1;NLRP3;NKX3-1;STAT5A;ZNF441;IL11;MYOCD;ZNF382;GADD45A;STAT1;DDX58;LIF;INHBA;PARP9;SOD2;RUNX2;VEGFA;NFKBIA;ETV7;GREM1;ZEB2;IL6;BMP2;MAF;IRF1;TNIP3;MAFF;KLF9;CREBRF;IRF7;SNAI2;NCOA7;IRF9;TLR2;CREB5
GO_Biological_Process_2021,positive regulation of immune response (GO:0050778),5/75,0.0040938687923288,0.0286815957306868,0,0,5.085144927536232,27.95947356660575,GBP5;IL23A;CCL5;NLRP3;EREG
KEGG_2021_Human,PD-L1 expression and PD-1 checkpoint pathway in cancer,5/89,0.008407047911046,0.0307339620354635,0,0,4.234601449275362,20.235825951924745,NFKBIA;CD274;STAT1;RASGRP1;TLR2
GO_Biological_Process_2021,cardiac muscle cell differentiation (GO:0055007),3/24,0.0044637870158497,0.0311798854241448,0,0,10.12230215827338,54.77944732034653,MYOCD;BMP2;VEGFA
GO_Biological_Process_2021,positive regulation of apoptotic process (GO:0043065),11/310,0.0045944663689168,0.031528009686995,0,0,2.6461042982782117,14.243721873531891,IL6;BMP2;FAP;GADD45A;RPS6KA2;RASGRF2;ANKRD1;CYP1B1;TNF;VAV1;NKX3-1
GO_Biological_Process_2021,regulation of interleukin-2 production (GO:0032663),4/48,0.0045677340905115,0.031528009686995,0,0,6.457170987856909,34.79600280185136,IL1A;IL1B;TNFAIP3;GBP1
GO_Biological_Process_2021,positive regulation of blood vessel endothelial cell migration (GO:0043536),4/48,0.0045677340905115,0.031528009686995,0,0,6.457170987856909,34.79600280185136,STAT5A;PDGFB;ETS1;VEGFA
GO_Biological_Process_2021,regulation of interleukin-10 production (GO:0032653),4/48,0.0045677340905115,0.031528009686995,0,0,6.457170987856909,34.79600280185136,CD274;IL6;IL23A;PDCD1LG2
GO_Biological_Process_2021,regulation of I-kappaB kinase/NF-kappaB signaling (GO:0043122),9/224,0.0045437409159101,0.031528009686995,0,0,3.001641586867305,16.1908685749415,STAT1;IL1B;TNIP3;TRIM14;TNFAIP3;TRAF1;TNF;CX3CL1;BIRC3
GO_Biological_Process_2021,positive regulation of endothelial cell proliferation (GO:0001938),5/77,0.0045817012190142,0.031528009686995,0,0,4.94338768115942,26.623528412130085,STAT5A;BMP2;ITGB3;PDGFB;VEGFA
GO_Biological_Process_2021,negative regulation of protein serine/threonine kinase activity (GO:0071901),5/78,0.0048405071855386,0.0331192596905276,0,0,4.875421878102045,25.98958581573855,MYOCD;DUSP1;GADD45A;HEG1;IL1B
GO_Biological_Process_2021,response to hydrogen peroxide (GO:0042542),4/49,0.0049197328445043,0.0335631920004089,0,0,6.313357400722022,33.55234453421352,IL6;TNFAIP3;CYP1B1;FYN
GO_Biological_Process_2021,regulation of RNA biosynthetic process (GO:2001141),2/8,0.005208326870295,0.0338541246569178,0,0,23.551971326164875,123.82440947518111,IL1B;TNFRSF1B
GO_Biological_Process_2021,negative regulation of NF-kappaB transcription factor activity (GO:0032088),5/79,0.0051095234080757,0.0338541246569178,0,0,4.809292988640815,25.376951739631988,NFKBIA;IRAK2;TNFAIP3;CYP1B1;NLRP3
GO_Biological_Process_2021,purine ribonucleoside monophosphate catabolic process (GO:0009169),2/8,0.005208326870295,0.0338541246569178,0,0,23.551971326164875,123.82440947518111,AMPD3;XDH
GO_Biological_Process_2021,regulation of activation of Janus kinase activity (GO:0010533),2/8,0.005208326870295,0.0338541246569178,0,0,23.551971326164875,123.82440947518111,IL23A;CCL5
GO_Biological_Process_2021,regulation of apoptotic cell clearance (GO:2000425),2/8,0.005208326870295,0.0338541246569178,0,0,23.551971326164875,123.82440947518111,C3;CCL2
GO_Biological_Process_2021,regulation of extracellular matrix constituent secretion (GO:0003330),2/8,0.005208326870295,0.0338541246569178,0,0,23.551971326164875,123.82440947518111,BMP2;TNFRSF1B
GO_Biological_Process_2021,regulation of interleukin-18 production (GO:0032661),2/8,0.005208326870295,0.0338541246569178,0,0,23.551971326164875,123.82440947518111,GBP5;TLR2
GO_Biological_Process_2021,dynamin family protein polymerization involved in membrane fission (GO:0003373),2/8,0.005208326870295,0.0338541246569178,0,0,23.551971326164875,123.82440947518111,MX2;MX1
GO_Biological_Process_2021,dynamin family protein polymerization involved in mitochondrial fission (GO:0003374),2/8,0.005208326870295,0.0338541246569178,0,0,23.551971326164875,123.82440947518111,MX2;MX1
GO_Biological_Process_2021,synaptic vesicle budding (GO:0070142),2/8,0.005208326870295,0.0338541246569178,0,0,23.551971326164875,123.82440947518111,MX2;MX1
GO_Biological_Process_2021,positive regulation of T-helper 2 cell cytokine production (GO:2000553),2/8,0.005208326870295,0.0338541246569178,0,0,23.551971326164875,123.82440947518111,IL6;NLRP3
GO_Biological_Process_2021,positive regulation of apoptotic cell clearance (GO:2000427),2/8,0.005208326870295,0.0338541246569178,0,0,23.551971326164875,123.82440947518111,C3;CCL2
GO_Biological_Process_2021,negative regulation of amyloid-beta clearance (GO:1900222),2/8,0.005208326870295,0.0338541246569178,0,0,23.551971326164875,123.82440947518111,MYOCD;TNF
GO_Biological_Process_2021,negative regulation of keratinocyte proliferation (GO:0010839),2/8,0.005208326870295,0.0338541246569178,0,0,23.551971326164875,123.82440947518111,KLF9;SNAI2
GO_Biological_Process_2021,receptor signaling pathway via STAT (GO:0097696),3/25,0.0050203551472577,0.0338541246569178,0,0,9.661706998037934,51.15153673092176,STAT5A;STAT1;CCL2
GO_Biological_Process_2021,negative regulation of signaling (GO:0023057),3/25,0.0050203551472577,0.0338541246569178,0,0,9.661706998037934,51.15153673092176,IL11;IL1B;LIF
GO_Biological_Process_2021,sequestering of BMP from receptor via BMP binding (GO:0038098),2/8,0.005208326870295,0.0338541246569178,0,0,23.551971326164875,123.82440947518111,GREM1;BMP2
GO_Biological_Process_2021,regulation of cellular component movement (GO:0051270),4/50,0.0052894822629671,0.0342863947239424,0,0,6.175796578245174,32.37374125278574,ETS1;EREG;HBEGF;VEGFA
GO_Biological_Process_2021,positive regulation of cell adhesion (GO:0045785),5/80,0.0053889612967211,0.034834722194275,0,0,4.744927536231884,24.7846669337649,CCL5;PDGFB;LIF;TNF;VEGFA
GO_Biological_Process_2021,negative regulation of interleukin-1 beta production (GO:0032691),3/26,0.0056169012320174,0.0358134846946071,0,0,9.241163590866435,47.8874800789193,TNFAIP3;NLRP3;CX3CL1
GO_Biological_Process_2021,regulation of chondrocyte differentiation (GO:0032330),3/26,0.0056169012320174,0.0358134846946071,0,0,9.241163590866435,47.8874800789193,GREM1;SNAI2;LOXL2
GO_Biological_Process_2021,endothelial cell development (GO:0001885),3/26,0.0056169012320174,0.0358134846946071,0,0,9.241163590866435,47.8874800789193,COL22A1;STC1;ICAM1
GO_Biological_Process_2021,negative regulation of cell development (GO:0010721),3/26,0.0056169012320174,0.0358134846946071,0,0,9.241163590866435,47.8874800789193,IL6;IL1B;TNF
GO_Biological_Process_2021,mononuclear cell differentiation (GO:1903131),3/26,0.0056169012320174,0.0358134846946071,0,0,9.241163590866435,47.8874800789193,CSF2;IFI16;VEGFA
KEGG_2021_Human,TGF-beta signaling pathway,5/94,0.0105100839974916,0.0378023988942039,0,0,3.995684741898714,18.20202259440288,GREM1;BMP2;INHBA;TNF;INHBE
GO_Biological_Process_2021,myeloid cell differentiation (GO:0030099),4/52,0.0060837808113318,0.0386849105937949,0,0,5.917870036101083,30.19373592878169,IL11;CSF2;IFI16;INHBA
GO_Biological_Process_2021,regulation of vasculature development (GO:1901342),3/27,0.0062541650728126,0.0394467554457727,0,0,8.855665467625899,44.9381419446762,IL6;BMPER;ETS1
GO_Biological_Process_2021,negative regulation of insulin receptor signaling pathway (GO:0046627),3/27,0.0062541650728126,0.0394467554457727,0,0,8.855665467625899,44.9381419446762,PTPRE;IL1B;GRB10
GO_Biological_Process_2021,positive regulation of erythrocyte differentiation (GO:0045648),3/27,0.0062541650728126,0.0394467554457727,0,0,8.855665467625899,44.9381419446762,STAT1;INHBA;ETS1
GO_Biological_Process_2021,negative regulation of leukocyte proliferation (GO:0070664),2/9,0.0066345715680242,0.040012622343239,0,0,20.18637992831541,101.24400499196727,GREM1;TNFAIP3
GO_Biological_Process_2021,synapse pruning (GO:0098883),2/9,0.0066345715680242,0.040012622343239,0,0,20.18637992831541,101.24400499196727,C3;CX3CL1
GO_Biological_Process_2021,interleukin-9-mediated signaling pathway (GO:0038113),2/9,0.0066345715680242,0.040012622343239,0,0,20.18637992831541,101.24400499196727,STAT5A;STAT1
GO_Biological_Process_2021,negative regulation of bone resorption (GO:0045779),2/9,0.0066345715680242,0.040012622343239,0,0,20.18637992831541,101.24400499196727,IL6;TNFAIP3
GO_Biological_Process_2021,mesodermal cell differentiation (GO:0048333),2/9,0.0066345715680242,0.040012622343239,0,0,20.18637992831541,101.24400499196727,ITGA2;ITGB3
GO_Biological_Process_2021,cellular response to interleukin-9 (GO:0071355),2/9,0.0066345715680242,0.040012622343239,0,0,20.18637992831541,101.24400499196727,STAT5A;STAT1
GO_Biological_Process_2021,regulation of endothelial cell development (GO:1901550),2/9,0.0066345715680242,0.040012622343239,0,0,20.18637992831541,101.24400499196727,IL1B;TNF
GO_Biological_Process_2021,"regulation of CD8-positive, alpha-beta T cell activation (GO:2001185)",2/9,0.0066345715680242,0.040012622343239,0,0,20.18637992831541,101.24400499196727,CD274;IRF1
GO_Biological_Process_2021,regulation of cell differentiation (GO:0045595),7/156,0.0066213179832991,0.040012622343239,0,0,3.355459756037819,16.83588791845326,GREM1;CSF2;LIF;SNAI2;TNF;PHLDB2;RUNX2
GO_Biological_Process_2021,positive regulation of phagocytosis (GO:0050766),4/53,0.0065090837268996,0.040012622343239,0,0,5.796802475502837,29.184330053097167,C3;IL1B;CCL2;TNF
GO_Biological_Process_2021,regulation of immune effector process (GO:0002697),4/53,0.0065090837268996,0.040012622343239,0,0,5.796802475502837,29.184330053097167,C3;C1S;C1R;CFB
GO_Biological_Process_2021,response to type I interferon (GO:0034340),2/9,0.0066345715680242,0.040012622343239,0,0,20.18637992831541,101.24400499196727,MX1;IFIT1
GO_Biological_Process_2021,"complement activation, classical pathway (GO:0006958)",2/9,0.0066345715680242,0.040012622343239,0,0,20.18637992831541,101.24400499196727,C1S;C1R
GO_Biological_Process_2021,negative regulation of smooth muscle cell differentiation (GO:0051151),2/9,0.0066345715680242,0.040012622343239,0,0,20.18637992831541,101.24400499196727,PDGFB;EREG
GO_Biological_Process_2021,positive regulation of chromatin binding (GO:0035563),2/9,0.0066345715680242,0.040012622343239,0,0,20.18637992831541,101.24400499196727,DTX3L;PARP9
GO_Biological_Process_2021,plasminogen activation (GO:0031639),2/9,0.0066345715680242,0.040012622343239,0,0,20.18637992831541,101.24400499196727,PLAU;PLAT
GO_Biological_Process_2021,negative regulation of systemic arterial blood pressure (GO:0003085),2/9,0.0066345715680242,0.040012622343239,0,0,20.18637992831541,101.24400499196727,ADRB2;SOD2
GO_Biological_Process_2021,leukocyte cell-cell adhesion (GO:0007159),3/28,0.0069328307484783,0.0414033792716125,0,0,8.501007194244604,42.262647363215976,CCL5;OLR1;ICAM1
GO_Biological_Process_2021,regulation of humoral immune response (GO:0002920),4/54,0.0069536444674118,0.0414033792716125,0,0,5.68057761732852,28.223889524461484,C3;C1S;C1R;CFB
GO_Biological_Process_2021,negative regulation of oxidative stress-induced cell death (GO:1903202),3/28,0.0069328307484783,0.0414033792716125,0,0,8.501007194244604,42.262647363215976,VNN1;FYN;SOD2
GO_Biological_Process_2021,negative regulation of cellular response to insulin stimulus (GO:1900077),3/28,0.0069328307484783,0.0414033792716125,0,0,8.501007194244604,42.262647363215976,PTPRE;IL1B;GRB10
GO_Biological_Process_2021,positive regulation of leukocyte chemotaxis (GO:0002690),4/54,0.0069536444674118,0.0414033792716125,0,0,5.68057761732852,28.223889524461484,IL6;CCL5;SERPINE1;VEGFA
KEGG_2021_Human,Human T-cell leukemia virus 1 infection,8/219,0.0125044764556341,0.0442618769778797,0,0,2.709303334895752,11.871269302518776,STAT5A;NFKBIA;IL6;CSF2;ETS1;TNF;ICAM1;CREB5
GO_Biological_Process_2021,negative regulation of interferon-gamma production (GO:0032689),3/29,0.0076535283928003,0.0452253950483658,0,0,8.173630326508025,39.82673721114748,CD274;INHBA;PDCD1LG2
GO_Biological_Process_2021,negative regulation of wound healing (GO:0061045),3/29,0.0076535283928003,0.0452253950483658,0,0,8.173630326508025,39.82673721114748,SERPINE1;TNF;PHLDB2
GO_Biological_Process_2021,regulation of ubiquitin-protein transferase activity (GO:0051438),3/29,0.0076535283928003,0.0452253950483658,0,0,8.173630326508025,39.82673721114748,ARRDC4;DTX3L;ARRDC3
GO_Biological_Process_2021,regulation of anatomical structure morphogenesis (GO:0022603),6/123,0.0078856663919398,0.0464797464915344,0,0,3.655384615384616,17.701962324096556,IL6;BMPER;NEDD4;TNFAIP3;ETS1;PHLDB2
GO_Biological_Process_2021,muscle cell migration (GO:0014812),2/10,0.0082167049247533,0.0470099988359971,0,0,17.662186379928315,84.80650704581747,ITGB3;PLAT
GO_Biological_Process_2021,granulocyte activation (GO:0036230),2/10,0.0082167049247533,0.0470099988359971,0,0,17.662186379928315,84.80650704581747,CXCL6;CCL5
GO_Biological_Process_2021,regulation of podosome assembly (GO:0071801),2/10,0.0082167049247533,0.0470099988359971,0,0,17.662186379928315,84.80650704581747,CSF2;TNF
GO_Biological_Process_2021,positive regulation of T cell apoptotic process (GO:0070234),2/10,0.0082167049247533,0.0470099988359971,0,0,17.662186379928315,84.80650704581747,CD274;CCL5
GO_Biological_Process_2021,omega-hydroxylase P450 pathway (GO:0097267),2/10,0.0082167049247533,0.0470099988359971,0,0,17.662186379928315,84.80650704581747,CYP1A1;CYP1B1
GO_Biological_Process_2021,neuron remodeling (GO:0016322),2/10,0.0082167049247533,0.0470099988359971,0,0,17.662186379928315,84.80650704581747,C3;CX3CL1
GO_Biological_Process_2021,regulation of cell-cell adhesion mediated by integrin (GO:0033632),2/10,0.0082167049247533,0.0470099988359971,0,0,17.662186379928315,84.80650704581747,PODXL;CCL5
GO_Biological_Process_2021,regulation of actin filament-based movement (GO:1903115),2/10,0.0082167049247533,0.0470099988359971,0,0,17.662186379928315,84.80650704581747,STC1;ANK2
GO_Biological_Process_2021,protein poly-ADP-ribosylation (GO:0070212),2/10,0.0082167049247533,0.0470099988359971,0,0,17.662186379928315,84.80650704581747,PARP14;PARP9
GO_Biological_Process_2021,axon guidance (GO:0007411),8/203,0.0081526080957701,0.0470099988359971,0,0,2.9340095801634263,14.110876700701091,SEMA7A;UNC5B;GRB10;LAMC2;FYN;VLDLR;MYPN;VEGFA
GO_Biological_Process_2021,negative regulation of extracellular matrix organization (GO:1903054),2/10,0.0082167049247533,0.0470099988359971,0,0,17.662186379928315,84.80650704581747,FAP;TNFRSF1B
GO_Biological_Process_2021,myeloid dendritic cell differentiation (GO:0043011),2/10,0.0082167049247533,0.0470099988359971,0,0,17.662186379928315,84.80650704581747,CSF2;DHRS2
GO_Biological_Process_2021,regulation of reactive oxygen species metabolic process (GO:2000377),4/57,0.0084063891072431,0.0474587857568804,0,0,5.358218105033717,25.60565578855688,GADD45A;PDGFB;CYP1B1;XDH
GO_Biological_Process_2021,regulation of type I interferon-mediated signaling pathway (GO:0060338),3/30,0.0084168359355151,0.0474587857568804,0,0,7.870503597122302,37.60149858469775,OAS1;OAS3;SAMHD1
GO_Biological_Process_2021,negative regulation of interleukin-1 production (GO:0032692),3/30,0.0084168359355151,0.0474587857568804,0,0,7.870503597122302,37.60149858469775,TNFAIP3;NLRP3;CX3CL1
GO_Biological_Process_2021,positive regulation of proteolysis (GO:0045862),4/57,0.0084063891072431,0.0474587857568804,0,0,5.358218105033717,25.60565578855688,CCBE1;IL1B;TNFRSF1B;TNF
GO_Biological_Process_2021,renal system development (GO:0072001),4/57,0.0084063891072431,0.0474587857568804,0,0,5.358218105033717,25.60565578855688,MYOCD;STAT1;HAS2;VEGFA
GO_Biological_Process_2021,alpha-amino acid catabolic process (GO:1901606),3/30,0.0084168359355151,0.0474587857568804,0,0,7.870503597122302,37.60149858469775,CBS;KMO;DDO
GO_Biological_Process_2021,regulation of protein secretion (GO:0050708),6/125,0.0085062170549706,0.0478474709342097,0,0,3.593582887700535,17.130458568010212,IL1A;IL6;IL1B;CCL5;ANKRD1;TNF
GO_Biological_Process_2021,cellular amino acid catabolic process (GO:0009063),5/90,0.0088019983590607,0.0493925087774634,0,0,4.1845694799659,19.80463208493504,CBS;PIPOX;KMO;BCAT1;DDO
GO_Biological_Process_2021,regulation of tumor necrosis factor-mediated signaling pathway (GO:0010803),4/58,0.0089314524643207,0.049999040111269,0,0,5.258724428399519,24.8115886893806,TNFAIP3;TRAF1;TNF;BIRC3
GO_Biological_Process_2021,toll-like receptor signaling pathway (GO:0002224),5/91,0.0092095890594594,0.050902068548266,0,0,4.135701044826424,19.386140205884058,OAS1;IRAK2;TNIP3;BIRC3;TLR2
GO_Biological_Process_2021,MyD88-independent toll-like receptor signaling pathway (GO:0002756),3/31,0.0092232807967798,0.050902068548266,0,0,7.5890287769784175,35.56237455181818,TNIP3;IRF7;BIRC3
GO_Biological_Process_2021,negative regulation of interleukin-6 production (GO:0032715),3/31,0.0092232807967798,0.050902068548266,0,0,7.5890287769784175,35.56237455181818,TNFAIP3;TNF;CX3CL1
GO_Biological_Process_2021,positive regulation of locomotion (GO:0040017),3/31,0.0092232807967798,0.050902068548266,0,0,7.5890287769784175,35.56237455181818,DUOXA2;PDGFB;DUOX2
GO_Biological_Process_2021,positive regulation of mononuclear cell migration (GO:0071677),3/31,0.0092232807967798,0.050902068548266,0,0,7.5890287769784175,35.56237455181818,CCL5;SERPINE1;TNF
GO_Biological_Process_2021,receptor signaling pathway via JAK-STAT (GO:0007259),3/31,0.0092232807967798,0.050902068548266,0,0,7.5890287769784175,35.56237455181818,STAT5A;STAT1;CCL2
GO_Biological_Process_2021,positive regulation of cellular component biogenesis (GO:0044089),5/92,0.0096300093759725,0.0530216986818252,0,0,4.087956021989005,18.979852788970486,MMP1;TNF;CX3CL1;TRABD2B;VEGFA
GO_Biological_Process_2021,regulation of T cell mediated immunity (GO:0002709),2/11,0.0099500967145924,0.0531580509409736,0,0,15.698924731182796,72.37475904717225,IL1B;TNFRSF1B
GO_Biological_Process_2021,regulation of T cell apoptotic process (GO:0070232),2/11,0.0099500967145924,0.0531580509409736,0,0,15.698924731182796,72.37475904717225,CD274;CCL5
GO_Biological_Process_2021,cellular response to UV-A (GO:0071492),2/11,0.0099500967145924,0.0531580509409736,0,0,15.698924731182796,72.37475904717225,MMP1;MMP9
GO_Biological_Process_2021,regulation of T-helper 2 cell cytokine production (GO:2000551),2/11,0.0099500967145924,0.0531580509409736,0,0,15.698924731182796,72.37475904717225,IL6;NLRP3
GO_Biological_Process_2021,response to corticosteroid (GO:0031960),2/11,0.0099500967145924,0.0531580509409736,0,0,15.698924731182796,72.37475904717225,IL6;TNF
GO_Biological_Process_2021,positive regulation of epidermal growth factor-activated receptor activity (GO:0045741),2/11,0.0099500967145924,0.0531580509409736,0,0,15.698924731182796,72.37475904717225,EREG;HBEGF
GO_Biological_Process_2021,negative regulation of activated T cell proliferation (GO:0046007),2/11,0.0099500967145924,0.0531580509409736,0,0,15.698924731182796,72.37475904717225,CD274;PDCD1LG2
GO_Biological_Process_2021,monocyte differentiation (GO:0030224),2/11,0.0099500967145924,0.0531580509409736,0,0,15.698924731182796,72.37475904717225,IFI16;VEGFA
GO_Biological_Process_2021,positive regulation of nitric-oxide synthase biosynthetic process (GO:0051770),2/11,0.0099500967145924,0.0531580509409736,0,0,15.698924731182796,72.37475904717225,CCL2;TLR2
GO_Biological_Process_2021,protein oxidation (GO:0018158),2/11,0.0099500967145924,0.0531580509409736,0,0,15.698924731182796,72.37475904717225,LOX;LOXL2
GO_Biological_Process_2021,angiogenesis involved in wound healing (GO:0060055),2/11,0.0099500967145924,0.0531580509409736,0,0,15.698924731182796,72.37475904717225,ITGB3;VEGFA
GO_Biological_Process_2021,humoral immune response mediated by circulating immunoglobulin (GO:0002455),2/11,0.0099500967145924,0.0531580509409736,0,0,15.698924731182796,72.37475904717225,C1S;C1R
GO_Biological_Process_2021,positive regulation of neuroblast proliferation (GO:0002052),2/11,0.0099500967145924,0.0531580509409736,0,0,15.698924731182796,72.37475904717225,CX3CL1;VEGFA
KEGG_2021_Human,Apoptosis,6/142,0.0152624997041764,0.0531802724067399,0,0,3.141657754010695,13.139532599226888,NFKBIA;BCL2A1;GADD45A;TRAF1;TNF;BIRC3
GO_Biological_Process_2021,positive regulation of interleukin-10 production (GO:0032733),3/32,0.0100733415408175,0.0533294552160927,0,0,7.32696601339618,33.68838444078939,CD274;IL6;IL23A
GO_Biological_Process_2021,positive regulation of immune effector process (GO:0002699),3/32,0.0100733415408175,0.0533294552160927,0,0,7.32696601339618,33.68838444078939,IL23A;IL1B;DDX60
GO_Biological_Process_2021,positive regulation of peptidyl-serine phosphorylation (GO:0033138),5/93,0.0100634462262836,0.0533294552160927,0,0,4.041296113306983,18.58529687220944,IL11;IL6;LIF;TNF;VEGFA
GO_Biological_Process_2021,Notch signaling pathway (GO:0007219),4/60,0.0100447366661385,0.0533294552160927,0,0,5.0703971119133575,23.32740893249108,BMP2;DTX3L;STAT1;SNAI2
GO_Biological_Process_2021,negative regulation of inflammatory response (GO:0050728),8/212,0.0104302680802679,0.0550944183020923,0,0,2.8032751562163325,12.791465940636124,IL6;TNFAIP6;ADM2;NLRP3;TNFAIP3;FYN;ADRB2;TNFRSF1B
GO_Biological_Process_2021,positive regulation of epithelial cell migration (GO:0010634),5/94,0.0105100839974916,0.0552665091104056,0,0,3.995684741898714,18.20202259440288,ITGB3;ETS1;MMP9;FUT1;VEGFA
GO_Biological_Process_2021,hemopoiesis (GO:0030097),5/94,0.0105100839974916,0.0552665091104056,0,0,3.995684741898714,18.20202259440288,CSF2;IFI16;PDGFB;INHBA;RUNX2
GO_Biological_Process_2021,signal transduction by p53 class mediator (GO:0072331),3/33,0.0109674494901328,0.0572853388547117,0,0,7.0823741007194245,31.961504492450448,GREM1;IFI16;NDRG1
GO_Biological_Process_2021,apoptotic mitochondrial changes (GO:0008637),3/33,0.0109674494901328,0.0572853388547117,0,0,7.0823741007194245,31.961504492450448,IFI6;SOD2;HK2
GO_Biological_Process_2021,regulation of sprouting angiogenesis (GO:1903670),3/33,0.0109674494901328,0.0572853388547117,0,0,7.0823741007194245,31.961504492450448,BMPER;FUT1;VEGFA
GO_Biological_Process_2021,negative regulation of multicellular organismal process (GO:0051241),8/214,0.0109947284559222,0.0572999211288597,0,0,2.775774387424873,12.519684452796472,BMP2;MYOCD;IL1B;ARRDC3;STC1;TNF;LOXL2;NKX3-1
GO_Biological_Process_2021,supramolecular fiber organization (GO:0097435),11/351,0.0111759421838277,0.0581148993559042,0,0,2.322102396514161,10.435509199018972,GREM1;LOX;COL5A1;COL4A1;COL22A1;PXDN;CYP1B1;UBE2L6;LAMC2;RND3;LOXL2
GO_Biological_Process_2021,regulation of neurogenesis (GO:0050767),4/62,0.0112442571213049,0.0583404914941319,0,0,4.8950578862193455,21.968519316643786,IL6;IL1B;TNF;CX3CL1
GO_Biological_Process_2021,regulation of cell motility (GO:2000145),6/133,0.0113410673485467,0.0587126052999984,0,0,3.3658410880458125,15.076695669462923,DDX58;FGF19;DUOXA2;DUOX2;EREG;HBEGF
KEGG_2021_Human,Ras signaling pathway,8/232,0.0171368013512491,0.0587924107896699,0,0,2.5503663003663,10.37113342587658,FGF19;RASGRF2;PLA2G4C;PDGFB;ETS1;RASGRP1;VEGFA;RASGRP3
GO_Biological_Process_2021,cardiocyte differentiation (GO:0035051),2/12,0.0118302152346148,0.0590254603593178,0,0,14.12831541218638,62.68872581171272,BMP2;MYOCD
GO_Biological_Process_2021,negative regulation of leukocyte chemotaxis (GO:0002689),2/12,0.0118302152346148,0.0590254603593178,0,0,14.12831541218638,62.68872581171272,GREM1;DUSP1
GO_Biological_Process_2021,regulation of astrocyte differentiation (GO:0048710),2/12,0.0118302152346148,0.0590254603593178,0,0,14.12831541218638,62.68872581171272,BMP2;IL6
GO_Biological_Process_2021,negative regulation of extrinsic apoptotic signaling pathway via death domain receptors (GO:1902042),3/34,0.0119059902947,0.0590254603593178,0,0,6.85356231144117,30.36617187478908,SERPINE1;TNFAIP3;ICAM1
GO_Biological_Process_2021,positive regulation of pri-miRNA transcription by RNA polymerase II (GO:1902895),3/34,0.0119059902947,0.0590254603593178,0,0,6.85356231144117,30.36617187478908,PDGFB;ETS1;TNF
GO_Biological_Process_2021,positive regulation of interleukin-12 production (GO:0032735),3/34,0.0119059902947,0.0590254603593178,0,0,6.85356231144117,30.36617187478908,IL23A;LTB;TLR2
GO_Biological_Process_2021,negative regulation of glucose transmembrane transport (GO:0010829),2/12,0.0118302152346148,0.0590254603593178,0,0,14.12831541218638,62.68872581171272,IL1B;GRB10
GO_Biological_Process_2021,thyroid hormone generation (GO:0006590),2/12,0.0118302152346148,0.0590254603593178,0,0,14.12831541218638,62.68872581171272,DUOX2;SLC5A5
GO_Biological_Process_2021,macrophage chemotaxis (GO:0048246),2/12,0.0118302152346148,0.0590254603593178,0,0,14.12831541218638,62.68872581171272,CCL5;CCL2
GO_Biological_Process_2021,regulation of natural killer cell activation (GO:0032814),2/12,0.0118302152346148,0.0590254603593178,0,0,14.12831541218638,62.68872581171272,IL23A;PRDM1
GO_Biological_Process_2021,regulation of chromatin binding (GO:0035561),2/12,0.0118302152346148,0.0590254603593178,0,0,14.12831541218638,62.68872581171272,DTX3L;PARP9
GO_Biological_Process_2021,negative regulation of production of miRNAs involved in gene silencing by miRNA (GO:1903799),2/12,0.0118302152346148,0.0590254603593178,0,0,14.12831541218638,62.68872581171272,IL6;TNF
GO_Biological_Process_2021,positive regulation of cardiocyte differentiation (GO:1905209),2/12,0.0118302152346148,0.0590254603593178,0,0,14.12831541218638,62.68872581171272,GREM1;MYOCD
GO_Biological_Process_2021,positive regulation of T-helper 1 type immune response (GO:0002827),2/12,0.0118302152346148,0.0590254603593178,0,0,14.12831541218638,62.68872581171272,IL23A;IL1B
GO_Biological_Process_2021,protein auto-ADP-ribosylation (GO:0070213),2/12,0.0118302152346148,0.0590254603593178,0,0,14.12831541218638,62.68872581171272,TIPARP;PARP8
GO_Biological_Process_2021,regulation of activated T cell proliferation (GO:0046006),3/34,0.0119059902947,0.0590254603593178,0,0,6.85356231144117,30.36617187478908,CD274;IL23A;PDCD1LG2
GO_Biological_Process_2021,cellular response to reactive oxygen species (GO:0034614),4/63,0.0118770804276229,0.0590254603593178,0,0,4.811846050296763,21.331610058092085,IL6;TNFAIP3;CYP1B1;MMP9
GO_Biological_Process_2021,positive regulation of T-helper 17 type immune response (GO:2000318),2/12,0.0118302152346148,0.0590254603593178,0,0,14.12831541218638,62.68872581171272,IL23A;NFKBIZ
GO_Biological_Process_2021,positive regulation of epidermal growth factor receptor signaling pathway (GO:0045742),3/34,0.0119059902947,0.0590254603593178,0,0,6.85356231144117,30.36617187478908,MMP9;EREG;HBEGF
GO_Biological_Process_2021,epithelial tube morphogenesis (GO:0060562),3/34,0.0119059902947,0.0590254603593178,0,0,6.85356231144117,30.36617187478908,PODXL;COL4A1;NKX3-1
GO_Biological_Process_2021,regulation of peptidyl-serine phosphorylation (GO:0033135),5/98,0.012432239124011,0.0615041005289342,0,0,3.823048153342683,16.773479456488754,IL11;IL6;LIF;TNF;VEGFA
KEGG_2021_Human,Insulin resistance,5/108,0.0182457186708766,0.0616484130849318,0,0,3.4501196003939776,13.813674487513843,NFKBIA;IL6;RPS6KA2;TNF;CREB5
GO_Biological_Process_2021,negative regulation of intrinsic apoptotic signaling pathway (GO:2001243),4/64,0.0125323131005619,0.0618683811293564,0,0,4.731407942238267,20.72094048710696,VNN1;SNAI2;SOD2;MMP9
GO_Biological_Process_2021,positive regulation of developmental process (GO:0051094),7/177,0.0127435176327478,0.0627785921276422,0,0,2.937805925289824,12.816861558255578,BMP2;PDGFB;AMTN;VLDLR;TNF;PHLDB2;VEGFA
GO_Biological_Process_2021,response to exogenous dsRNA (GO:0043330),3/35,0.0128893054703241,0.0628353641678303,0,0,6.639051258992806,28.88888445806229,IFIH1;DDX58;IFIT1
GO_Biological_Process_2021,cellular response to hydrogen peroxide (GO:0070301),3/35,0.0128893054703241,0.0628353641678303,0,0,6.639051258992806,28.88888445806229,IL6;TNFAIP3;CYP1B1
GO_Biological_Process_2021,cellular response to amyloid-beta (GO:1904646),3/35,0.0128893054703241,0.0628353641678303,0,0,6.639051258992806,28.88888445806229,FYN;ADRB2;ICAM1
GO_Biological_Process_2021,negative regulation of neurogenesis (GO:0050768),3/35,0.0128893054703241,0.0628353641678303,0,0,6.639051258992806,28.88888445806229,IL6;IL1B;TNF
GO_Biological_Process_2021,positive regulation of lymphocyte activation (GO:0051251),3/35,0.0128893054703241,0.0628353641678303,0,0,6.639051258992806,28.88888445806229,IL6;IL23A;CCL2
GO_Biological_Process_2021,positive regulation of adaptive immune response based on somatic recombination of immune receptors built from immunoglobulin superfamily domains (GO:0002824),2/13,0.0138526254623283,0.0660596423888774,0,0,12.843271423916583,54.95996096374267,IL23A;IL1B
GO_Biological_Process_2021,AMP metabolic process (GO:0046033),2/13,0.0138526254623283,0.0660596423888774,0,0,12.843271423916583,54.95996096374267,AMPD3;XDH
GO_Biological_Process_2021,endoderm formation (GO:0001706),3/36,0.013917693887913,0.0660596423888774,0,0,6.437540876389797,27.517875579829443,DUSP1;INHBA;MMP9
GO_Biological_Process_2021,positive regulation of myeloid leukocyte differentiation (GO:0002763),3/36,0.013917693887913,0.0660596423888774,0,0,6.437540876389797,27.517875579829443,IL23A;LIF;TNF
GO_Biological_Process_2021,positive regulation of innate immune response (GO:0045089),3/36,0.013917693887913,0.0660596423888774,0,0,6.437540876389797,27.517875579829443,GBP5;CCL5;EREG
GO_Biological_Process_2021,regulation of fibrinolysis (GO:0051917),2/13,0.0138526254623283,0.0660596423888774,0,0,12.843271423916583,54.95996096374267,FAP;SERPINE1
GO_Biological_Process_2021,regulation of nucleocytoplasmic transport (GO:0046822),2/13,0.0138526254623283,0.0660596423888774,0,0,12.843271423916583,54.95996096374267,MX2;NEDD4
GO_Biological_Process_2021,regulation of receptor signaling pathway via STAT (GO:1904892),2/13,0.0138526254623283,0.0660596423888774,0,0,12.843271423916583,54.95996096374267,IL6;IL7R
GO_Biological_Process_2021,negative regulation of mononuclear cell migration (GO:0071676),2/13,0.0138526254623283,0.0660596423888774,0,0,12.843271423916583,54.95996096374267,GREM1;DUSP1
GO_Biological_Process_2021,aortic valve development (GO:0003176),3/36,0.013917693887913,0.0660596423888774,0,0,6.437540876389797,27.517875579829443,BMP2;SNAI2;TNFRSF1B
GO_Biological_Process_2021,extracellular matrix disassembly (GO:0022617),4/66,0.0139110506982008,0.0660596423888774,0,0,4.578316059159194,19.572629603327268,MMP13;MMP1;MMP9;MMP10
GO_Biological_Process_2021,regulation of protein localization (GO:0032880),4/66,0.0139110506982008,0.0660596423888774,0,0,4.578316059159194,19.572629603327268,MAP2;ITGB3;TRIM14;NKX3-1
GO_Biological_Process_2021,cellular component disassembly (GO:0022411),4/66,0.0139110506982008,0.0660596423888774,0,0,4.578316059159194,19.572629603327268,MMP13;MMP1;MMP9;MMP10
GO_Biological_Process_2021,positive regulation of cell cycle process (GO:0090068),5/101,0.0140210961639122,0.0664157186711634,0,0,3.703011775362319,15.801463018781952,IL1A;IL1B;ANKRD31;PDGFB;EREG
KEGG_2021_Human,Chemical carcinogenesis,8/239,0.0200888587510554,0.0668629179326174,0,0,2.4721944721944724,9.660322171607763,HSD11B1;STAT5A;RPS6KA2;CYP1A1;CYP1B1;ADRB2;VEGFA;CREB5
KEGG_2021_Human,Tryptophan metabolism,3/42,0.021046285900082,0.0687980482164632,0,0,5.445489762036525,21.02520574102489,CYP1A1;CYP1B1;KMO
KEGG_2021_Human,Thyroid hormone synthesis,4/75,0.0212872884615962,0.0687980482164632,0,0,3.9961356587176486,15.383704338265616,DUOXA2;DUOX2;CREB5;SLC5A5
GO_Biological_Process_2021,regulation of epidermal growth factor receptor signaling pathway (GO:0042058),4/67,0.0146350534614918,0.0690444054433283,0,0,4.505415162454874,19.032386140463636,IFI6;MMP9;EREG;HBEGF
GO_Biological_Process_2021,vascular endothelial growth factor receptor signaling pathway (GO:0048010),4/67,0.0146350534614918,0.0690444054433283,0,0,4.505415162454874,19.032386140463636,ITGB3;FYN;VAV1;VEGFA
GO_Biological_Process_2021,positive regulation of myeloid cell differentiation (GO:0045639),3/37,0.0149914132349977,0.0701598139397895,0,0,6.2478840457046125,26.242847984328534,STAT1;INHBA;ETS1
GO_Biological_Process_2021,negative regulation of endothelial cell proliferation (GO:0001937),3/37,0.0149914132349977,0.0701598139397895,0,0,6.2478840457046125,26.242847984328534,STAT1;CCL2;XDH
GO_Biological_Process_2021,regulation of erythrocyte differentiation (GO:0045646),3/37,0.0149914132349977,0.0701598139397895,0,0,6.2478840457046125,26.242847984328534,STAT1;INHBA;ETS1
GO_Biological_Process_2021,regulation of vascular associated smooth muscle cell proliferation (GO:1904705),3/37,0.0149914132349977,0.0701598139397895,0,0,6.2478840457046125,26.242847984328534,PDGFB;SOD2;MMP9
KEGG_2021_Human,Type I diabetes mellitus,3/43,0.0223952703351636,0.0713449326391641,0,0,5.30908273381295,20.16870353461557,IL1A;IL1B;TNF
GO_Biological_Process_2021,myeloid dendritic cell activation (GO:0001773),2/14,0.0160129872582539,0.0724765767588283,0,0,11.772401433691757,48.67128887614372,CSF2;DHRS2
GO_Biological_Process_2021,response to UV-A (GO:0070141),2/14,0.0160129872582539,0.0724765767588283,0,0,11.772401433691757,48.67128887614372,MMP1;MMP9
GO_Biological_Process_2021,regulation of response to interferon-gamma (GO:0060330),2/14,0.0160129872582539,0.0724765767588283,0,0,11.772401433691757,48.67128887614372,STAT1;PARP9
GO_Biological_Process_2021,regulation of nitric-oxide synthase biosynthetic process (GO:0051769),2/14,0.0160129872582539,0.0724765767588283,0,0,11.772401433691757,48.67128887614372,CCL2;TLR2
GO_Biological_Process_2021,cellular metal ion homeostasis (GO:0006875),5/104,0.0157411186805344,0.0724765767588283,0,0,3.590250329380764,14.9048487253053,STC2;TMPRSS3;CCL5;STC1;ANK2
GO_Biological_Process_2021,positive regulation of protein-containing complex disassembly (GO:0043243),2/14,0.0160129872582539,0.0724765767588283,0,0,11.772401433691757,48.67128887614372,ADRB2;TNF
GO_Biological_Process_2021,negative regulation of cartilage development (GO:0061037),2/14,0.0160129872582539,0.0724765767588283,0,0,11.772401433691757,48.67128887614372,GREM1;SNAI2
GO_Biological_Process_2021,vasodilation (GO:0042311),2/14,0.0160129872582539,0.0724765767588283,0,0,11.772401433691757,48.67128887614372,ADRB2;SOD2
GO_Biological_Process_2021,branching involved in blood vessel morphogenesis (GO:0001569),2/14,0.0160129872582539,0.0724765767588283,0,0,11.772401433691757,48.67128887614372,COL4A1;VEGFA
GO_Biological_Process_2021,sequestering of extracellular ligand from receptor (GO:0035581),2/14,0.0160129872582539,0.0724765767588283,0,0,11.772401433691757,48.67128887614372,GREM1;BMP2
GO_Biological_Process_2021,negative regulation of neuroinflammatory response (GO:0150079),2/14,0.0160129872582539,0.0724765767588283,0,0,11.772401433691757,48.67128887614372,TNFRSF1B;CX3CL1
GO_Biological_Process_2021,ovarian follicle development (GO:0001541),2/14,0.0160129872582539,0.0724765767588283,0,0,11.772401433691757,48.67128887614372,INHBA;VEGFA
GO_Biological_Process_2021,positive regulation of lymphocyte migration (GO:2000403),2/14,0.0160129872582539,0.0724765767588283,0,0,11.772401433691757,48.67128887614372,CCL20;CCL5
GO_Biological_Process_2021,positive regulation of type 2 immune response (GO:0002830),2/14,0.0160129872582539,0.0724765767588283,0,0,11.772401433691757,48.67128887614372,IL6;NLRP3
GO_Biological_Process_2021,positive regulation of T-helper cell differentiation (GO:0045624),2/14,0.0160129872582539,0.0724765767588283,0,0,11.772401433691757,48.67128887614372,NFKBIZ;NLRP3
GO_Biological_Process_2021,negative regulation of cell activation (GO:0050866),2/14,0.0160129872582539,0.0724765767588283,0,0,11.772401433691757,48.67128887614372,C1QTNF1;PDGFB
GO_Biological_Process_2021,receptor-mediated endocytosis (GO:0006898),6/143,0.0157495008337515,0.0724765767588283,0,0,3.1185666887856667,12.9450038164782,MARCO;MX2;NEDD4;MX1;ADRB2;VLDLR
GO_Biological_Process_2021,response to cAMP (GO:0051591),3/38,0.016110681430051,0.0724980664352297,0,0,6.069064748201439,25.054754825015547,STAT1;DUOX2;SLC5A5
GO_Biological_Process_2021,negative regulation of endothelial cell migration (GO:0010596),3/38,0.016110681430051,0.0724980664352297,0,0,6.069064748201439,25.054754825015547,GADD45A;STC1;TNF
GO_Biological_Process_2021,regulation of axon extension (GO:0030516),3/38,0.016110681430051,0.0724980664352297,0,0,6.069064748201439,25.054754825015547,SEMA7A;MAP2;NRCAM
GO_Biological_Process_2021,positive regulation of MAP kinase activity (GO:0043406),4/69,0.0161534985108857,0.0725512217187573,0,0,4.36634268258817,18.013864701895468,PDGFB;TNF;RASGRP1;VEGFA
GO_Biological_Process_2021,negative regulation of cell migration (GO:0030336),6/144,0.0162471581229595,0.0728320881374046,0,0,3.095810276679842,12.75423455946215,IFITM1;SERPINE1;CYP1B1;STC1;PHLDB2;CX3CL1
GO_Biological_Process_2021,regulation of JNK cascade (GO:0046328),5/105,0.0163443389596201,0.0731276351156999,0,0,3.5541666666666667,14.621392713559802,GADD45A;FGF19;IL1B;TRAF1;RASGRP1
KEGG_2021_Human,Shigellosis,8/246,0.0233864096620814,0.0734530895020303,0,0,2.398620986856281,9.008261479574138,C3;NFKBIA;CSF2;IL1B;CCL5;NLRP3;TNF;HK2
GO_Biological_Process_2021,defense response to Gram-positive bacterium (GO:0050830),4/70,0.0169483801549909,0.0755413515479598,0,0,4.299967180833606,17.53347314506295,PGLYRP4;IL6;GBP4;TLR2
GO_Biological_Process_2021,positive regulation of cell-substrate adhesion (GO:0010811),4/70,0.0169483801549909,0.0755413515479598,0,0,4.299967180833606,17.53347314506295,PDGFB;NEDD9;FUT1;CX3CL1
KEGG_2021_Human,Salmonella infection,8/249,0.0249099760296248,0.0762659861160586,0,0,2.3683978538750323,8.74527807781337,NFKBIA;IL6;PODXL;IL1B;NLRP3;TNF;TLR2;BIRC3
KEGG_2021_Human,Viral carcinogenesis,7/203,0.0249659954550326,0.0762659861160586,0,0,2.5447080291970803,9.390584787280115,C3;STAT5A;NFKBIA;IRF7;TRAF1;IRF9;CREB5
GO_Biological_Process_2021,regulation of nitric-oxide synthase activity (GO:0050999),3/39,0.0172756780159664,0.0762737482214366,0,0,5.900179856115108,23.94561834213944,IL1A;IL1B;TNF
GO_Biological_Process_2021,negative regulation of lymphocyte proliferation (GO:0050672),3/39,0.0172756780159664,0.0762737482214366,0,0,5.900179856115108,23.94561834213944,CD274;LST1;PDCD1LG2
GO_Biological_Process_2021,negative regulation of secretion by cell (GO:1903531),3/39,0.0172756780159664,0.0762737482214366,0,0,5.900179856115108,23.94561834213944,IL11;LIF;TNFRSF1B
GO_Biological_Process_2021,odontogenesis (GO:0042476),3/39,0.0172756780159664,0.0762737482214366,0,0,5.900179856115108,23.94561834213944,BMP2;AMTN;INHBA
GO_Biological_Process_2021,regulation of viral entry into host cell (GO:0046596),3/39,0.0172756780159664,0.0762737482214366,0,0,5.900179856115108,23.94561834213944,IFITM1;TRIM14;PTX3
GO_Biological_Process_2021,negative regulation of neuron apoptotic process (GO:0043524),4/71,0.017767311174113,0.0781494514049333,0,0,4.235573037340374,17.071032226304922,UNC5B;CCL2;SOD2;CX3CL1
GO_Biological_Process_2021,response to metal ion (GO:0010038),4/71,0.017767311174113,0.0781494514049333,0,0,4.235573037340374,17.071032226304922,IL1A;NEDD4;NDRG1;LOXL2
GO_Biological_Process_2021,positive regulation of heterotypic cell-cell adhesion (GO:0034116),2/15,0.018307053588486,0.0788922751327024,0,0,10.866280672732286,43.47021736188609,IL1B;TNF
GO_Biological_Process_2021,regulation of extracellular matrix disassembly (GO:0010715),2/15,0.018307053588486,0.0788922751327024,0,0,10.866280672732286,43.47021736188609,IL6;FAP
GO_Biological_Process_2021,regulation of macrophage differentiation (GO:0045649),2/15,0.018307053588486,0.0788922751327024,0,0,10.866280672732286,43.47021736188609,LIF;INHBA
GO_Biological_Process_2021,negative regulation of chondrocyte differentiation (GO:0032331),2/15,0.018307053588486,0.0788922751327024,0,0,10.866280672732286,43.47021736188609,GREM1;SNAI2
GO_Biological_Process_2021,negative regulation of protein processing (GO:0010955),2/15,0.018307053588486,0.0788922751327024,0,0,10.866280672732286,43.47021736188609,SERPINE1;CHAC1
GO_Biological_Process_2021,macrophage migration (GO:1905517),2/15,0.018307053588486,0.0788922751327024,0,0,10.866280672732286,43.47021736188609,CCL5;CCL2
GO_Biological_Process_2021,positive regulation of osteoclast differentiation (GO:0045672),2/15,0.018307053588486,0.0788922751327024,0,0,10.866280672732286,43.47021736188609,IL23A;TNF
GO_Biological_Process_2021,positive regulation of pattern recognition receptor signaling pathway (GO:0062208),2/15,0.018307053588486,0.0788922751327024,0,0,10.866280672732286,43.47021736188609,DDX60;TLR2
GO_Biological_Process_2021,T cell proliferation (GO:0042098),2/15,0.018307053588486,0.0788922751327024,0,0,10.866280672732286,43.47021736188609,TNFSF14;RASGRP1
GO_Biological_Process_2021,regulation of microglial cell activation (GO:1903978),2/15,0.018307053588486,0.0788922751327024,0,0,10.866280672732286,43.47021736188609,IL6;CX3CL1
GO_Biological_Process_2021,positive regulation of response to cytokine stimulus (GO:0060760),2/15,0.018307053588486,0.0788922751327024,0,0,10.866280672732286,43.47021736188609,IFIH1;DDX58
GO_Biological_Process_2021,negative regulation of I-kappaB kinase/NF-kappaB signaling (GO:0043124),3/40,0.0184865455013372,0.0792280521485884,0,0,5.740423877114525,22.908378920394583,STAT1;TNIP3;TNFAIP3
GO_Biological_Process_2021,positive regulation of cation channel activity (GO:2001259),3/40,0.0184865455013372,0.0792280521485884,0,0,5.740423877114525,22.908378920394583,CCL2;ANK2;ADRB2
GO_Biological_Process_2021,positive regulation of wound healing (GO:0090303),3/40,0.0184865455013372,0.0792280521485884,0,0,5.740423877114525,22.908378920394583,SERPINE1;DUOX2;HBEGF
GO_Biological_Process_2021,positive regulation of secretion by cell (GO:1903532),4/72,0.0186104868415656,0.0794681372431816,0,0,4.173072839244001,16.625647585948116,IL1A;BMP2;IL1B;ANKRD1
GO_Biological_Process_2021,extrinsic apoptotic signaling pathway (GO:0097191),4/72,0.0186104868415656,0.0794681372431816,0,0,4.173072839244001,16.625647585948116,BCL2A1;INHBA;TNFRSF1B;TNF
GO_Biological_Process_2021,positive regulation of hydrolase activity (GO:0051345),6/149,0.0188989088851226,0.0805527263956045,0,0,2.9868022886204706,11.853576156941129,BMP2;CCL20;CCL5;CCL2;RASGRP1;CX3CL1
KEGG_2021_Human,B cell receptor signaling pathway,4/81,0.0273174988344015,0.0823216518928587,0,0,3.6836232359698062,13.261882775873122,NFKBIA;IFITM1;VAV1;RASGRP3
GO_Biological_Process_2021,response to molecule of bacterial origin (GO:0002237),4/73,0.0194780926870824,0.0828704307050416,0,0,4.1123842410924505,16.196480976116053,IL6;IL1B;TNFAIP3;CXCL2
KEGG_2021_Human,Peroxisome,4/82,0.0284117342509476,0.0844775565061509,0,0,3.636212163287976,12.94838076166936,PIPOX;SOD2;XDH;DDO
GO_Biological_Process_2021,positive regulation of programmed cell death (GO:0043068),9/286,0.0202251546201316,0.0852544199595512,0,0,2.3223879804629437,9.059236458336034,IL6;BMP2;GADD45A;RPS6KA2;RASGRF2;ANKRD1;CYP1B1;TNF;VAV1
GO_Biological_Process_2021,neutrophil activation (GO:0042119),2/16,0.0207306687850361,0.0852544199595512,0,0,10.089605734767025,39.10873538410232,CXCL6;CCL5
GO_Biological_Process_2021,negative regulation of epithelial cell differentiation (GO:0030857),2/16,0.0207306687850361,0.0852544199595512,0,0,10.089605734767025,39.10873538410232,MMP9;XDH
GO_Biological_Process_2021,proteolysis (GO:0006508),9/287,0.0206330277334264,0.0852544199595512,0,0,2.3139150444350403,8.979985427761813,FAP;PLAU;MMP1;TMPRSS3;OLR1;PLAT;NLRP1;MMP9;TRABD2B
GO_Biological_Process_2021,axonogenesis (GO:0007409),8/240,0.0205383465296223,0.0852544199595512,0,0,2.461412151067324,9.563722339955468,SEMA7A;ACTBL2;UNC5B;GRB10;NRCAM;FYN;VLDLR;MYPN
GO_Biological_Process_2021,positive regulation of double-strand break repair via nonhomologous end joining (GO:2001034),2/16,0.0207306687850361,0.0852544199595512,0,0,10.089605734767025,39.10873538410232,DTX3L;PARP9
GO_Biological_Process_2021,negative regulation of protein binding (GO:0032091),4/74,0.0203703045188108,0.0852544199595512,0,0,4.053429602888087,15.782746019111938,MAP2;PDGFB;ADRB2;IFIT1
GO_Biological_Process_2021,negative regulation of platelet activation (GO:0010544),2/16,0.0207306687850361,0.0852544199595512,0,0,10.089605734767025,39.10873538410232,C1QTNF1;PDGFB
GO_Biological_Process_2021,regulation of defense response to virus (GO:0050688),2/16,0.0207306687850361,0.0852544199595512,0,0,10.089605734767025,39.10873538410232,HERC5;TNFAIP3
GO_Biological_Process_2021,regulation of peptide hormone secretion (GO:0090276),4/74,0.0203703045188108,0.0852544199595512,0,0,4.053429602888087,15.782746019111938,IL6;IL1B;CCL5;TNF
GO_Biological_Process_2021,regulation of Wnt signaling pathway (GO:0030111),5/111,0.0202876198526259,0.0852544199595512,0,0,3.351961990702762,13.065091207160442,BMP2;GRB10;TNFAIP3;TRABD2B;TLR2
GO_Biological_Process_2021,protein localization to endoplasmic reticulum (GO:0070972),2/16,0.0207306687850361,0.0852544199595512,0,0,10.089605734767025,39.10873538410232,PPP1R15A;ANK2
GO_Biological_Process_2021,response to organophosphorus (GO:0046683),2/16,0.0207306687850361,0.0852544199595512,0,0,10.089605734767025,39.10873538410232,STAT1;DUOX2
GO_Biological_Process_2021,nucleotide catabolic process (GO:0009166),2/16,0.0207306687850361,0.0852544199595512,0,0,10.089605734767025,39.10873538410232,SAMHD1;XDH
GO_Biological_Process_2021,positive regulation of myeloid leukocyte cytokine production involved in immune response (GO:0061081),2/16,0.0207306687850361,0.0852544199595512,0,0,10.089605734767025,39.10873538410232,SEMA7A;DDX58
GO_Biological_Process_2021,platelet-derived growth factor receptor signaling pathway (GO:0048008),2/16,0.0207306687850361,0.0852544199595512,0,0,10.089605734767025,39.10873538410232,PDGFB;PLAT
GO_Biological_Process_2021,regulation of amyloid-beta clearance (GO:1900221),2/16,0.0207306687850361,0.0852544199595512,0,0,10.089605734767025,39.10873538410232,MYOCD;TNF
GO_Biological_Process_2021,basement membrane organization (GO:0071711),2/16,0.0207306687850361,0.0852544199595512,0,0,10.089605734767025,39.10873538410232,COL4A1;PXDN
GO_Biological_Process_2021,odontogenesis of dentin-containing tooth (GO:0042475),2/16,0.0207306687850361,0.0852544199595512,0,0,10.089605734767025,39.10873538410232,BMP2;AMTN
GO_Biological_Process_2021,regulation of nervous system development (GO:0051960),3/42,0.021046285900082,0.086249227681597,0,0,5.445489762036525,21.02520574102489,IL1B;TNFRSF1B;CX3CL1
GO_Biological_Process_2021,regulation of extrinsic apoptotic signaling pathway via death domain receptors (GO:1902041),3/42,0.021046285900082,0.086249227681597,0,0,5.445489762036525,21.02520574102489,SERPINE1;TNFAIP3;ICAM1
GO_Biological_Process_2021,neutrophil mediated immunity (GO:0002446),13/488,0.0211005832150088,0.0863205676977636,0,0,1.9652160251374704,7.582696808963142,SERPINA3;TNFAIP6;PTAFR;AMPD3;TNFRSF1B;MMP9;C3;IL6;VNN1;PLAU;OLR1;PTX3;TLR2
GO_Biological_Process_2021,integrin-mediated signaling pathway (GO:0007229),4/75,0.0212872884615962,0.0869323821991889,0,0,3.9961356587176486,15.383704338265616,SEMA7A;ITGB3;ITGA2;NEDD9
GO_Biological_Process_2021,membrane organization (GO:0061024),8/242,0.0214586984083851,0.08747971128157,0,0,2.440123978585517,9.37404175653348,RTP4;MX2;MX1;ANK2;ADRB2;IL7R;EREG;HBEGF
GO_Biological_Process_2021,negative regulation of intracellular signal transduction (GO:1902532),7/198,0.0221597475862282,0.0901805380030855,0,0,2.6119922039209693,9.950326334672956,DUSP1;STAT1;TNIP3;NLRP3;TNFAIP3;XDH;MMP9
GO_Biological_Process_2021,water-soluble vitamin metabolic process (GO:0006767),4/76,0.0222292009795835,0.090306128979558,0,0,3.94043321299639,14.998662029899712,VNN1;MTHFD2;VNN3;ALDH1L2
KEGG_2021_Human,Platelet activation,5/124,0.0308402626380295,0.0904918232668498,0,0,2.9838022165387894,10.380451619446362,ITGB3;ITGA2;PLA2G4C;FYN;RASGRP1
GO_Biological_Process_2021,regulation of cytokine production involved in inflammatory response (GO:1900015),3/43,0.0223952703351636,0.0908231067318594,0,0,5.30908273381295,20.16870353461557,GBP5;IL6;TNF
GO_Biological_Process_2021,positive regulation of cellular component organization (GO:0051130),5/114,0.0224735908821768,0.090825911337295,0,0,3.2592075521872093,12.370043268703917,PPP1R15A;MMP1;TNF;TRABD2B;VEGFA
GO_Biological_Process_2021,negative regulation of cell motility (GO:2000146),5/114,0.0224735908821768,0.090825911337295,0,0,3.2592075521872093,12.370043268703917,IFITM1;SERPINE1;CYP1B1;STC1;CX3CL1
KEGG_2021_Human,One carbon pool by folate,2/20,0.0316406074339888,0.0916344864646689,0,0,7.845878136200717,27.09428032338758,MTHFD2;ALDH1L2
GO_Biological_Process_2021,regulation of neuroblast proliferation (GO:1902692),2/17,0.0232797668269534,0.0924866797539406,0,0,9.416487455197132,35.4075999641093,CX3CL1;VEGFA
GO_Biological_Process_2021,positive regulation of smooth muscle cell migration (GO:0014911),2/17,0.0232797668269534,0.0924866797539406,0,0,9.416487455197132,35.4075999641093,CCL5;PDGFB
GO_Biological_Process_2021,epithelial cell morphogenesis (GO:0003382),2/17,0.0232797668269534,0.0924866797539406,0,0,9.416487455197132,35.4075999641093,COL22A1;STC1
GO_Biological_Process_2021,regulation of osteoblast proliferation (GO:0033688),2/17,0.0232797668269534,0.0924866797539406,0,0,9.416487455197132,35.4075999641093,GREM1;BMP2
GO_Biological_Process_2021,muscle tissue morphogenesis (GO:0060415),2/17,0.0232797668269534,0.0924866797539406,0,0,9.416487455197132,35.4075999641093,BMP2;ANKRD1
GO_Biological_Process_2021,negative regulation of viral entry into host cell (GO:0046597),2/17,0.0232797668269534,0.0924866797539406,0,0,9.416487455197132,35.4075999641093,IFITM1;PTX3
GO_Biological_Process_2021,negative regulation of developmental process (GO:0051093),4/77,0.0231961889334769,0.0924866797539406,0,0,3.886256861678453,14.626966432865588,GREM1;BMP2;LOXL2;NKX3-1
GO_Biological_Process_2021,response to purine-containing compound (GO:0014074),2/17,0.0232797668269534,0.0924866797539406,0,0,9.416487455197132,35.4075999641093,STAT1;DUOX2
GO_Biological_Process_2021,cell surface receptor signaling pathway involved in heart development (GO:0061311),2/17,0.0232797668269534,0.0924866797539406,0,0,9.416487455197132,35.4075999641093,BMP2;SNAI2
GO_Biological_Process_2021,regulation of cell killing (GO:0031341),2/17,0.0232797668269534,0.0924866797539406,0,0,9.416487455197132,35.4075999641093,IL11;ICAM1
GO_Biological_Process_2021,positive regulation of cell-matrix adhesion (GO:0001954),3/44,0.0237903511769277,0.0943549521254423,0,0,5.179329706966135,19.362795627108014,FUT1;CX3CL1;VEGFA
GO_Biological_Process_2021,regulation of protein-containing complex assembly (GO:0043254),5/116,0.0240125648558805,0.0950751298862274,0,0,3.200156678417548,11.933954041617977,ABCA1;MMP1;TNF;TRABD2B;VEGFA
GO_Biological_Process_2021,protein modification process (GO:0036211),4/78,0.0241883896177533,0.0956095130161197,0,0,3.833544736071812,14.268003176583232,LOX;PLAT;UBE2L6;LOXL2
GO_Biological_Process_2021,endothelial cell proliferation (GO:0001935),2/18,0.0259503696590901,0.0992220016376977,0,0,8.827508960573477,32.23426181422417,BMPER;LOXL2
GO_Biological_Process_2021,release of cytochrome c from mitochondria (GO:0001836),2/18,0.0259503696590901,0.0992220016376977,0,0,8.827508960573477,32.23426181422417,IFI6;SOD2
GO_Biological_Process_2021,regulation of adaptive immune response (GO:0002819),2/18,0.0259503696590901,0.0992220016376977,0,0,8.827508960573477,32.23426181422417,IRF1;IRF7
GO_Biological_Process_2021,positive regulation of extracellular matrix organization (GO:1903055),2/18,0.0259503696590901,0.0992220016376977,0,0,8.827508960573477,32.23426181422417,BMP2;IL6
GO_Biological_Process_2021,regulation of oxidative stress-induced intrinsic apoptotic signaling pathway (GO:1902175),2/18,0.0259503696590901,0.0992220016376977,0,0,8.827508960573477,32.23426181422417,VNN1;SOD2
GO_Biological_Process_2021,carbohydrate derivative transport (GO:1901264),2/18,0.0259503696590901,0.0992220016376977,0,0,8.827508960573477,32.23426181422417,VLDLR;SLC15A3
GO_Biological_Process_2021,cell migration involved in sprouting angiogenesis (GO:0002042),2/18,0.0259503696590901,0.0992220016376977,0,0,8.827508960573477,32.23426181422417,GREM1;VEGFA
GO_Biological_Process_2021,interleukin-6-mediated signaling pathway (GO:0070102),2/18,0.0259503696590901,0.0992220016376977,0,0,8.827508960573477,32.23426181422417,IL6;STAT1
GO_Biological_Process_2021,regulation of insulin receptor signaling pathway (GO:0046626),3/45,0.025231504833187,0.0992220016376977,0,0,5.055755395683454,18.603470371292158,PTPRE;IL1B;GRB10
GO_Biological_Process_2021,positive regulation of glial cell differentiation (GO:0045687),2/18,0.0259503696590901,0.0992220016376977,0,0,8.827508960573477,32.23426181422417,BMP2;TNFRSF1B
GO_Biological_Process_2021,positive regulation of cartilage development (GO:0061036),2/18,0.0259503696590901,0.0992220016376977,0,0,8.827508960573477,32.23426181422417,BMP2;LOXL2
GO_Biological_Process_2021,positive chemotaxis (GO:0050918),2/18,0.0259503696590901,0.0992220016376977,0,0,8.827508960573477,32.23426181422417,CX3CL1;VEGFA
GO_Biological_Process_2021,negative regulation of lipid catabolic process (GO:0050995),2/18,0.0259503696590901,0.0992220016376977,0,0,8.827508960573477,32.23426181422417,IL1B;TNF
GO_Biological_Process_2021,mitochondrial fission (GO:0000266),2/18,0.0259503696590901,0.0992220016376977,0,0,8.827508960573477,32.23426181422417,MX2;MX1
GO_Biological_Process_2021,negative regulation of response to external stimulus (GO:0032102),5/118,0.0256179163346567,0.0992220016376977,0,0,3.143196101064512,11.518126805646784,TNFAIP6;IFI16;SERPINE1;NLRP3;TNFAIP3
GO_Biological_Process_2021,regulation of production of miRNAs involved in gene silencing by miRNA (GO:1903798),2/18,0.0259503696590901,0.0992220016376977,0,0,8.827508960573477,32.23426181422417,IL6;TNF
GO_Biological_Process_2021,regulation of B cell differentiation (GO:0045577),2/18,0.0259503696590901,0.0992220016376977,0,0,8.827508960573477,32.23426181422417,INHBA;IKZF3
GO_Biological_Process_2021,positive regulation of chemotaxis (GO:0050921),3/45,0.025231504833187,0.0992220016376977,0,0,5.055755395683454,18.603470371292158,IL6;PDGFB;VEGFA
GO_Biological_Process_2021,regulation of pri-miRNA transcription by RNA polymerase II (GO:1902893),3/45,0.025231504833187,0.0992220016376977,0,0,5.055755395683454,18.603470371292158,PDGFB;ETS1;TNF
GO_Biological_Process_2021,neuron maturation (GO:0042551),2/18,0.0259503696590901,0.0992220016376977,0,0,8.827508960573477,32.23426181422417,C3;CX3CL1
KEGG_2021_Human,Ovarian steroidogenesis,3/51,0.0348410396317445,0.0996096389471672,0,0,4.422437050359712,14.84594112855729,PLA2G4C;CYP1A1;CYP1B1
GO_Biological_Process_2021,negative regulation of cellular response to growth factor stimulus (GO:0090288),4/80,0.0262489309114207,0.1001998341480008,0,0,3.732281968459054,13.585991628870618,GREM1;BMP2;BMPER;NEDD4
KEGG_2021_Human,ECM-receptor interaction,4/88,0.0355205918671712,0.1002669871693568,0,0,3.375451263537906,11.26605026243802,COL4A1;ITGB3;ITGA2;LAMC2
GO_Biological_Process_2021,positive regulation of cysteine-type endopeptidase activity involved in apoptotic process (GO:0043280),5/119,0.0264457462242099,0.1007867201378686,0,0,3.115465293668955,11.317426019399749,NLRP3;NLRP1;TNF;XDH;NKX3-1
GO_Biological_Process_2021,positive regulation of response to stimulus (GO:0048584),3/46,0.0267186780700126,0.1014962770841389,0,0,4.937928726786013,17.8871155161692,IFIH1;DDX58;NKX3-1
GO_Biological_Process_2021,alpha-amino acid metabolic process (GO:1901605),3/46,0.0267186780700126,0.1014962770841389,0,0,4.937928726786013,17.8871155161692,CBS;ASNS;KMO
GO_Biological_Process_2021,"negative regulation of transcription, DNA-templated (GO:0045892)",21/948,0.0269404910261208,0.1021730129677839,0,0,1.6373412994772218,5.9175559299640845,CSF2;GADD45A;STAT1;PDGFB;PRDM1;PARP9;TNF;RUNX2;EREG;VEGFA;LOXL2;ETV7;ZEB2;BMP2;CUX2;IFI16;IRF1;IRF7;SNAI2;L3MBTL4;NKX3-1
GO_Biological_Process_2021,activation of cysteine-type endopeptidase activity involved in apoptotic process (GO:0006919),4/81,0.0273174988344015,0.1034351897613262,0,0,3.6836232359698062,13.261882775873122,NLRP1;TNF;XDH;NKX3-1
GO_Biological_Process_2021,transmembrane receptor protein tyrosine kinase signaling pathway (GO:0007169),11/404,0.0282456177597421,0.1049115291380343,0,0,2.003449250777495,7.145936760105096,FGF19;ITGB3;PDGFB;GRB10;NEDD9;PLAT;FYN;ADRB2;MMP9;VAV1;VEGFA
GO_Biological_Process_2021,regulation of DNA binding (GO:0051101),3/47,0.0282517891527189,0.1049115291380343,0,0,4.825457815565729,17.210470561236054,NFKBIA;IFI16;MMP9
GO_Biological_Process_2021,regulation of protein localization to nucleus (GO:1900180),3/47,0.0282517891527189,0.1049115291380343,0,0,4.825457815565729,17.210470561236054,DTX3L;LIF;PARP9
GO_Biological_Process_2021,epithelial to mesenchymal transition (GO:0001837),3/47,0.0282517891527189,0.1049115291380343,0,0,4.825457815565729,17.210470561236054,BMP2;SNAI2;LOXL2
GO_Biological_Process_2021,positive regulation of monocyte chemotaxis (GO:0090026),2/19,0.0287385855459316,0.1049115291380343,0,0,8.307822053552604,29.48873579842936,CCL5;SERPINE1
GO_Biological_Process_2021,positive regulation of oxidoreductase activity (GO:0051353),2/19,0.0287385855459316,0.1049115291380343,0,0,8.307822053552604,29.48873579842936,PDP1;TNF
GO_Biological_Process_2021,regulation of vascular endothelial growth factor signaling pathway (GO:1900746),2/19,0.0287385855459316,0.1049115291380343,0,0,8.307822053552604,29.48873579842936,CCBE1;XDH
GO_Biological_Process_2021,epoxygenase P450 pathway (GO:0019373),2/19,0.0287385855459316,0.1049115291380343,0,0,8.307822053552604,29.48873579842936,CYP1A1;CYP1B1
GO_Biological_Process_2021,interleukin-7-mediated signaling pathway (GO:0038111),2/19,0.0287385855459316,0.1049115291380343,0,0,8.307822053552604,29.48873579842936,STAT5A;IL7R
GO_Biological_Process_2021,regulation of RIG-I signaling pathway (GO:0039535),2/19,0.0287385855459316,0.1049115291380343,0,0,8.307822053552604,29.48873579842936,DDX60;BIRC3
GO_Biological_Process_2021,folic acid metabolic process (GO:0046655),2/19,0.0287385855459316,0.1049115291380343,0,0,8.307822053552604,29.48873579842936,MTHFD2;ALDH1L2
GO_Biological_Process_2021,regulation of cyclin-dependent protein serine/threonine kinase activity (GO:0000079),4/82,0.0284117342509476,0.1049115291380343,0,0,3.636212163287976,12.94838076166936,HERC5;MYOCD;GADD45A;PDGFB
GO_Biological_Process_2021,positive regulation of pathway-restricted SMAD protein phosphorylation (GO:0010862),3/47,0.0282517891527189,0.1049115291380343,0,0,4.825457815565729,17.210470561236054,BMP2;INHBA;INHBE
GO_Biological_Process_2021,positive regulation of macrophage migration (GO:1905523),2/19,0.0287385855459316,0.1049115291380343,0,0,8.307822053552604,29.48873579842936,CCL5;CX3CL1
GO_Biological_Process_2021,negative regulation of oxidative stress-induced intrinsic apoptotic signaling pathway (GO:1902176),2/19,0.0287385855459316,0.1049115291380343,0,0,8.307822053552604,29.48873579842936,VNN1;SOD2
GO_Biological_Process_2021,striated muscle cell differentiation (GO:0051146),2/19,0.0287385855459316,0.1049115291380343,0,0,8.307822053552604,29.48873579842936,MYOCD;BMP2
GO_Biological_Process_2021,regulation of glucose transmembrane transport (GO:0010827),2/19,0.0287385855459316,0.1049115291380343,0,0,8.307822053552604,29.48873579842936,C3;IL1B
GO_Biological_Process_2021,regulation of insulin-like growth factor receptor signaling pathway (GO:0043567),2/19,0.0287385855459316,0.1049115291380343,0,0,8.307822053552604,29.48873579842936,BMP2;NKX3-1
GO_Biological_Process_2021,regulation of peptidyl-serine phosphorylation of STAT protein (GO:0033139),2/19,0.0287385855459316,0.1049115291380343,0,0,8.307822053552604,29.48873579842936,GADD45A;LIF
GO_Biological_Process_2021,regulation of T cell activation (GO:0050863),3/47,0.0282517891527189,0.1049115291380343,0,0,4.825457815565729,17.210470561236054,CCL5;CCL2;TNFRSF1B
GO_Biological_Process_2021,regulation of bicellular tight junction assembly (GO:2000810),2/19,0.0287385855459316,0.1049115291380343,0,0,8.307822053552604,29.48873579842936,SNAI2;TNF
GO_Biological_Process_2021,aspartate family amino acid catabolic process (GO:0009068),2/19,0.0287385855459316,0.1049115291380343,0,0,8.307822053552604,29.48873579842936,PIPOX;DDO
GO_Biological_Process_2021,cellular response to interleukin-7 (GO:0098761),2/19,0.0287385855459316,0.1049115291380343,0,0,8.307822053552604,29.48873579842936,STAT5A;IL7R
KEGG_2021_Human,Hypertrophic cardiomyopathy,4/90,0.0380985977788998,0.1061998413086834,0,0,3.296616572915792,10.77195113282712,IL6;ITGB3;ITGA2;TNF
GO_Biological_Process_2021,negative regulation of tumor necrosis factor superfamily cytokine production (GO:1903556),3/48,0.0298307289137868,0.108728825012868,0,0,4.717985611510791,16.57058570917663,CD274;TNFAIP3;CX3CL1
GO_Biological_Process_2021,positive regulation of cell differentiation (GO:0045597),8/258,0.0298951126202773,0.1087410125572392,0,0,2.282080586080586,8.010240396911879,IFITM1;BMP2;IL6;CSF2;IL1B;NRCAM;RUNX2;LOXL2
GO_Biological_Process_2021,positive regulation of epithelial cell proliferation (GO:0050679),5/123,0.0299270137123342,0.1087410125572392,0,0,3.009242200933432,10.559412038682238,STAT5A;BMP2;ITGB3;PDGFB;VEGFA
KEGG_2021_Human,Prion disease,8/273,0.0396587332467888,0.1091839199263445,0,0,2.151247494643721,6.943031027179345,IL1A;IL6;IL1B;CCL5;NDUFA4L2;FYN;TNF;CREB5
KEGG_2021_Human,Th1 and Th2 cell differentiation,4/92,0.0407812323930278,0.1109050588249416,0,0,3.221365277321956,10.30686545617659,STAT5A;NFKBIA;MAF;STAT1
GO_Biological_Process_2021,eye morphogenesis (GO:0048592),2/20,0.0316406074339888,0.1123505635744065,0,0,7.845878136200717,27.09428032338758,COL5A1;VEGFA
GO_Biological_Process_2021,folic acid-containing compound metabolic process (GO:0006760),2/20,0.0316406074339888,0.1123505635744065,0,0,7.845878136200717,27.09428032338758,MTHFD2;ALDH1L2
GO_Biological_Process_2021,regulation of smooth muscle contraction (GO:0006940),2/20,0.0316406074339888,0.1123505635744065,0,0,7.845878136200717,27.09428032338758,MYOCD;ADRB2
GO_Biological_Process_2021,mesoderm formation (GO:0001707),2/20,0.0316406074339888,0.1123505635744065,0,0,7.845878136200717,27.09428032338758,ITGA2;ITGB3
GO_Biological_Process_2021,regulation of T cell migration (GO:2000404),2/20,0.0316406074339888,0.1123505635744065,0,0,7.845878136200717,27.09428032338758,CCL20;CCL5
GO_Biological_Process_2021,negative regulation of viral life cycle (GO:1903901),2/20,0.0316406074339888,0.1123505635744065,0,0,7.845878136200717,27.09428032338758,IFITM1;PTX3
GO_Biological_Process_2021,receptor internalization (GO:0031623),3/49,0.0314553618567604,0.1123505635744065,0,0,4.615186111979981,15.964786364802723,MX2;NEDD4;MX1
GO_Biological_Process_2021,oligosaccharide metabolic process (GO:0009311),3/49,0.0314553618567604,0.1123505635744065,0,0,4.615186111979981,15.964786364802723,ST6GALNAC3;FUT1;B4GALNT2
GO_Biological_Process_2021,positive regulation of reactive oxygen species metabolic process (GO:2000379),3/49,0.0314553618567604,0.1123505635744065,0,0,4.615186111979981,15.964786364802723,GADD45A;PDGFB;XDH
GO_Biological_Process_2021,regulation of acute inflammatory response (GO:0002673),2/20,0.0316406074339888,0.1123505635744065,0,0,7.845878136200717,27.09428032338758,IL6;NLRP3
GO_Biological_Process_2021,regulation of lymphocyte differentiation (GO:0045619),2/20,0.0316406074339888,0.1123505635744065,0,0,7.845878136200717,27.09428032338758,PRDM1;IKZF3
GO_Biological_Process_2021,regulation of protein kinase A signaling (GO:0010738),2/20,0.0316406074339888,0.1123505635744065,0,0,7.845878136200717,27.09428032338758,AKAP12;ADRB2
GO_Biological_Process_2021,positive regulation of nitrogen compound metabolic process (GO:0051173),2/20,0.0316406074339888,0.1123505635744065,0,0,7.845878136200717,27.09428032338758,PDGFB;TNF
GO_Biological_Process_2021,toll-like receptor 4 signaling pathway (GO:0034142),2/20,0.0316406074339888,0.1123505635744065,0,0,7.845878136200717,27.09428032338758,OAS1;TNIP3
GO_Biological_Process_2021,mesoderm development (GO:0007498),2/20,0.0316406074339888,0.1123505635744065,0,0,7.845878136200717,27.09428032338758,IKZF3;VEGFA
GO_Biological_Process_2021,platelet degranulation (GO:0002576),5/125,0.0317708490862034,0.1126421013056303,0,0,2.958786231884058,10.20546353446538,SERPINA3;ITGB3;SERPINE1;PDGFB;VEGFA
GO_Biological_Process_2021,negative regulation of defense response (GO:0031348),4/85,0.031849304017042,0.1127494272312835,0,0,3.501002807862013,12.067045539571964,TNFAIP6;IFI16;TNFAIP3;NLRP3
GO_Biological_Process_2021,cellular protein modification process (GO:0006464),22/1025,0.0323643906239138,0.1143998097582452,0,0,1.5850209987797226,5.4377260173572886,TIPARP;DUSP1;PDGFB;UBE2L6;PLAT;PARP14;PARP9;FUT1;PARP8;LOXL2;HERC5;C3;PDP1;PTPRE;IL6;BMP2;LOX;STC2;ADM2;AMTN;CCL2;FYN
GO_Biological_Process_2021,"regulation of transcription, DNA-templated (GO:0006355)",42/2244,0.0325409562854962,0.1148504339488101,0,0,1.3979569733106838,4.788360216477377,CSF2;BNC2;BNC1;PDGFB;PRDM1;IKZF3;HOXD10;ETS1;TNF;LOXL2;CUX2;IFI16;ANKRD1;NKX3-1;STAT5A;ZNF441;MYOCD;ZNF382;DTX3L;STAT1;INHBA;PARP9;SOD2;RUNX2;EREG;VEGFA;ETV7;ZEB2;IL6;BMP2;MAF;IL1B;IRF1;MAFF;KLF9;CREBRF;IRF7;SNAI2;NCOA7;L3MBTL4;IRF9;CREB5
GO_Biological_Process_2021,negative regulation of transcription by RNA polymerase II (GO:0000122),16/684,0.032852056275973,0.1157738127797845,0,0,1.721929725454751,5.881665859194636,GADD45A;STAT1;PDGFB;PRDM1;PARP9;TNF;VEGFA;LOXL2;ETV7;ZEB2;BMP2;CUX2;IFI16;NEDD4;IRF7;SNAI2
GO_Biological_Process_2021,protein polyubiquitination (GO:0000209),9/314,0.0340139575789029,0.1196882116310269,0,0,2.1061475409836063,7.120851814996642,HERC5;DTX3L;NEDD4;TRIM14;TNFAIP3;TRIM36;UBE2L6;TRAF1;HERC6
GO_Biological_Process_2021,negative regulation of ion transmembrane transporter activity (GO:0032413),2/21,0.0346527113549086,0.120845520969428,0,0,7.432559894359555,24.99108558405785,NEDD4;MMP9
GO_Biological_Process_2021,retinol metabolic process (GO:0042572),2/21,0.0346527113549086,0.120845520969428,0,0,7.432559894359555,24.99108558405785,CYP1A1;CYP1B1
GO_Biological_Process_2021,regulation of lipid catabolic process (GO:0050994),2/21,0.0346527113549086,0.120845520969428,0,0,7.432559894359555,24.99108558405785,IL1B;TNF
GO_Biological_Process_2021,positive regulation of vascular associated smooth muscle cell proliferation (GO:1904707),2/21,0.0346527113549086,0.120845520969428,0,0,7.432559894359555,24.99108558405785,PDGFB;MMP9
GO_Biological_Process_2021,positive regulation of phosphatase activity (GO:0010922),2/21,0.0346527113549086,0.120845520969428,0,0,7.432559894359555,24.99108558405785,PPP1R15A;BMP2
GO_Biological_Process_2021,negative regulation of reproductive process (GO:2000242),2/21,0.0346527113549086,0.120845520969428,0,0,7.432559894359555,24.99108558405785,DUSP1;NKX3-1
GO_Biological_Process_2021,regulation of interleukin-12 production (GO:0032655),3/51,0.0348410396317445,0.1209614729054634,0,0,4.422437050359712,14.84594112855729,IL23A;LTB;TLR2
GO_Biological_Process_2021,intrinsic apoptotic signaling pathway in response to DNA damage (GO:0008630),3/51,0.0348410396317445,0.1209614729054634,0,0,4.422437050359712,14.84594112855729,BCL2A1;IFI16;TNFRSF1B
GO_Biological_Process_2021,mesenchymal cell differentiation (GO:0048762),3/51,0.0348410396317445,0.1209614729054634,0,0,4.422437050359712,14.84594112855729,BMP2;SNAI2;LOXL2
GO_Biological_Process_2021,negative regulation of binding (GO:0051100),4/88,0.0355205918671712,0.1229822640959788,0,0,3.375451263537906,11.26605026243802,NFKBIA;IFI16;PDGFB;IFIT1
GO_Biological_Process_2021,protein deubiquitination (GO:0016579),8/267,0.0355282096277272,0.1229822640959788,0,0,2.2017622017622016,7.348223395407863,IFIH1;NFKBIA;DDX58;TNIP3;NLRP3;TNFAIP3;ADRB2;BIRC3
GO_Biological_Process_2021,negative regulation of cellular biosynthetic process (GO:0031327),3/52,0.0366016908712085,0.1261383750200707,0,0,4.331963001027749,14.32866438305221,FGF19;SNAI2;FYN
GO_Biological_Process_2021,negative regulation of BMP signaling pathway (GO:0030514),3/52,0.0366016908712085,0.1261383750200707,0,0,4.331963001027749,14.32866438305221,GREM1;BMP2;BMPER
GO_Biological_Process_2021,protein homotetramerization (GO:0051289),3/52,0.0366016908712085,0.1261383750200707,0,0,4.331963001027749,14.32866438305221,GBP5;SAMHD1;SOD2
GO_Biological_Process_2021,negative regulation of interleukin-2 production (GO:0032703),2/22,0.0377712548763402,0.1282797335422877,0,0,7.060573476702509,23.1318996740414,TNFAIP3;GBP1
GO_Biological_Process_2021,negative regulation of B cell activation (GO:0050869),2/22,0.0377712548763402,0.1282797335422877,0,0,7.060573476702509,23.1318996740414,TNFAIP3;INHBA
GO_Biological_Process_2021,negative regulation of protein dephosphorylation (GO:0035308),2/22,0.0377712548763402,0.1282797335422877,0,0,7.060573476702509,23.1318996740414,PPP1R15A;PPP4R4
GO_Biological_Process_2021,negative regulation of lymphocyte activation (GO:0051250),2/22,0.0377712548763402,0.1282797335422877,0,0,7.060573476702509,23.1318996740414,LST1;TNFAIP3
GO_Biological_Process_2021,peptidyl-threonine dephosphorylation (GO:0035970),2/22,0.0377712548763402,0.1282797335422877,0,0,7.060573476702509,23.1318996740414,PDP1;DUSP1
GO_Biological_Process_2021,positive regulation of axon extension (GO:0045773),2/22,0.0377712548763402,0.1282797335422877,0,0,7.060573476702509,23.1318996740414,SEMA7A;VEGFA
GO_Biological_Process_2021,regulation of platelet activation (GO:0010543),2/22,0.0377712548763402,0.1282797335422877,0,0,7.060573476702509,23.1318996740414,C1QTNF1;PDGFB
GO_Biological_Process_2021,positive regulation of neural precursor cell proliferation (GO:2000179),2/22,0.0377712548763402,0.1282797335422877,0,0,7.060573476702509,23.1318996740414,CX3CL1;VEGFA
GO_Biological_Process_2021,female gonad development (GO:0008585),2/22,0.0377712548763402,0.1282797335422877,0,0,7.060573476702509,23.1318996740414,INHBA;VEGFA
GO_Biological_Process_2021,microglial cell activation (GO:0001774),2/22,0.0377712548763402,0.1282797335422877,0,0,7.060573476702509,23.1318996740414,TNF;CX3CL1
GO_Biological_Process_2021,positive regulation of binding (GO:0051099),4/90,0.0380985977788998,0.1292039402936605,0,0,3.296616572915792,10.77195113282712,BMP2;DTX3L;PARP9;MMP9
GO_Biological_Process_2021,cardiac muscle tissue development (GO:0048738),3/53,0.0384072500273163,0.1298742269709831,0,0,4.245107913669065,13.836967596669922,MYOCD;BMP2;ANKRD1
GO_Biological_Process_2021,heart morphogenesis (GO:0003007),3/53,0.0384072500273163,0.1298742269709831,0,0,4.245107913669065,13.836967596669922,BMP2;ANKRD1;VEGFA
GO_Biological_Process_2021,neutrophil degranulation (GO:0043312),12/481,0.0400206499313714,0.1351346621059296,0,0,1.8309937302335904,5.892796450269605,C3;SERPINA3;VNN1;TNFAIP6;PLAU;PTAFR;OLR1;PTX3;AMPD3;TNFRSF1B;MMP9;TLR2
GO_Biological_Process_2021,negative regulation of immune response (GO:0050777),6/178,0.0401649213640513,0.1354263919191357,0,0,2.4795348837209303,7.971112704810129,IL6;IFI16;ADM2;TNFAIP3;FYN;ADRB2
GO_Biological_Process_2021,positive regulation of receptor internalization (GO:0002092),2/23,0.0409926755397273,0.1358680747350736,0,0,6.724014336917563,21.478935035451904,GREM1;VEGFA
GO_Biological_Process_2021,positive regulation of morphogenesis of an epithelium (GO:1905332),2/23,0.0409926755397273,0.1358680747350736,0,0,6.724014336917563,21.478935035451904,LIF;VEGFA
GO_Biological_Process_2021,positive regulation of interleukin-17 production (GO:0032740),2/23,0.0409926755397273,0.1358680747350736,0,0,6.724014336917563,21.478935035451904,IL6;IL23A
GO_Biological_Process_2021,positive regulation of histone acetylation (GO:0035066),2/23,0.0409926755397273,0.1358680747350736,0,0,6.724014336917563,21.478935035451904,IL1B;LIF
GO_Biological_Process_2021,positive regulation of transmembrane receptor protein serine/threonine kinase signaling pathway (GO:0090100),4/92,0.0407812323930278,0.1358680747350736,0,0,3.221365277321956,10.30686545617659,ZEB2;BMP2;INHBA;INHBE
GO_Biological_Process_2021,regulation of calcium ion transmembrane transport (GO:1903169),2/23,0.0409926755397273,0.1358680747350736,0,0,6.724014336917563,21.478935035451904,ANK2;FYN
GO_Biological_Process_2021,positive regulation of epithelial cell apoptotic process (GO:1904037),2/23,0.0409926755397273,0.1358680747350736,0,0,6.724014336917563,21.478935035451904,IL6;CCL2
GO_Biological_Process_2021,oligosaccharide biosynthetic process (GO:0009312),2/23,0.0409926755397273,0.1358680747350736,0,0,6.724014336917563,21.478935035451904,FUT1;B4GALNT2
GO_Biological_Process_2021,blood vessel endothelial cell migration (GO:0043534),2/23,0.0409926755397273,0.1358680747350736,0,0,6.724014336917563,21.478935035451904,GREM1;VEGFA
GO_Biological_Process_2021,regulation of mononuclear cell migration (GO:0071675),2/23,0.0409926755397273,0.1358680747350736,0,0,6.724014336917563,21.478935035451904,CCL5;TNF
GO_Biological_Process_2021,response to copper ion (GO:0046688),2/23,0.0409926755397273,0.1358680747350736,0,0,6.724014336917563,21.478935035451904,IL1A;LOXL2
GO_Biological_Process_2021,hyaluronan metabolic process (GO:0030212),2/23,0.0409926755397273,0.1358680747350736,0,0,6.724014336917563,21.478935035451904,IL1B;HAS2
GO_Biological_Process_2021,protein modification by small protein removal (GO:0070646),8/276,0.0418395647957651,0.1384788990411464,0,0,2.12683833579356,6.750399547052491,IFIH1;NFKBIA;DDX58;TNIP3;NLRP3;TNFAIP3;ADRB2;BIRC3
GO_Biological_Process_2021,regulation of epithelial cell proliferation (GO:0050678),4/93,0.0421618087522396,0.1391691036503087,0,0,3.1850079097878554,10.084500952631048,FUT1;NKX3-1;EREG;VEGFA
GO_Biological_Process_2021,neutrophil activation involved in immune response (GO:0002283),12/485,0.0421670489265251,0.1391691036503087,0,0,1.8151323907353996,5.746920056693013,C3;SERPINA3;VNN1;TNFAIP6;PLAU;PTAFR;OLR1;PTX3;AMPD3;TNFRSF1B;MMP9;TLR2
GO_Biological_Process_2021,organic substance transport (GO:0071702),5/136,0.0431704814287689,0.1422801782300271,0,0,2.708817347051665,8.512724837389596,ARRDC4;ABCA1;ABCA10;ARRDC3;TXNIP
GO_Biological_Process_2021,interleukin-1-mediated signaling pathway (GO:0070498),4/94,0.0435685537728568,0.1433901769739592,0,0,3.1494584837545125,9.86857504502466,NFKBIA;IL1A;IRAK2;IL1B
GO_Biological_Process_2021,dendritic cell differentiation (GO:0097028),2/24,0.0443134893314436,0.1438190915888741,0,0,6.418051482567612,20.001640186039108,CSF2;DHRS2
GO_Biological_Process_2021,regulation of cytokine production involved in immune response (GO:0002718),2/24,0.0443134893314436,0.1438190915888741,0,0,6.418051482567612,20.001640186039108,TNFRSF1B;TNF
GO_Biological_Process_2021,regulation of keratinocyte proliferation (GO:0010837),2/24,0.0443134893314436,0.1438190915888741,0,0,6.418051482567612,20.001640186039108,KLF9;SNAI2
GO_Biological_Process_2021,regulation of monooxygenase activity (GO:0032768),2/24,0.0443134893314436,0.1438190915888741,0,0,6.418051482567612,20.001640186039108,IL1A;IL1B
GO_Biological_Process_2021,extracellular matrix assembly (GO:0085029),2/24,0.0443134893314436,0.1438190915888741,0,0,6.418051482567612,20.001640186039108,PXDN;HAS2
GO_Biological_Process_2021,"nucleotide-binding domain, leucine rich repeat containing receptor signaling pathway (GO:0035872)",2/24,0.0443134893314436,0.1438190915888741,0,0,6.418051482567612,20.001640186039108,IRAK2;TNFAIP3
GO_Biological_Process_2021,negative regulation of lipid metabolic process (GO:0045833),2/24,0.0443134893314436,0.1438190915888741,0,0,6.418051482567612,20.001640186039108,IL1B;TNF
GO_Biological_Process_2021,purine ribonucleotide catabolic process (GO:0009154),2/24,0.0443134893314436,0.1438190915888741,0,0,6.418051482567612,20.001640186039108,AMPD3;XDH
GO_Biological_Process_2021,carbohydrate biosynthetic process (GO:0016051),2/24,0.0443134893314436,0.1438190915888741,0,0,6.418051482567612,20.001640186039108,FUT1;B4GALNT2
GO_Biological_Process_2021,regulation of axon extension involved in axon guidance (GO:0048841),2/24,0.0443134893314436,0.1438190915888741,0,0,6.418051482567612,20.001640186039108,SEMA7A;VEGFA
KEGG_2021_Human,Steroid hormone biosynthesis,3/61,0.0544340410226967,0.1462504957597755,0,0,3.658087323244852,10.647834620588997,HSD11B1;CYP1A1;CYP1B1
GO_Biological_Process_2021,regulation of intracellular signal transduction (GO:1902531),11/437,0.0455423504954686,0.1476026317997183,0,0,1.84509650495566,5.699710872398656,AKAP12;NFKBIA;IL1B;RASGRF2;PRDM1;TRAF1;TNF;GBP1;VAV1;VEGFA;BIRC3
GO_Biological_Process_2021,positive regulation of interferon-gamma production (GO:0032729),3/57,0.0460732177416515,0.148705282090296,0,0,3.929856115107914,12.09422438023228,IL23A;IL1B;RASGRP1
GO_Biological_Process_2021,cellular response to peptide (GO:1901653),3/57,0.0460732177416515,0.148705282090296,0,0,3.929856115107914,12.09422438023228,FYN;ADRB2;ICAM1
GO_Biological_Process_2021,arachidonic acid metabolic process (GO:0019369),3/57,0.0460732177416515,0.148705282090296,0,0,3.929856115107914,12.09422438023228,PLA2G4C;CYP1A1;CYP1B1
GO_Biological_Process_2021,negative regulation of cellular macromolecule biosynthetic process (GO:2000113),13/547,0.0461962739149645,0.1488970812135221,0,0,1.7427259768572867,5.358631662152833,CSF2;PDGFB;SAMD4A;TNF;RUNX2;EREG;LOXL2;BMP2;IFI16;IRF1;ANKRD1;L3MBTL4;NKX3-1
GO_Biological_Process_2021,regulation of protein processing (GO:0070613),2/25,0.0477302892367681,0.1525804328060619,0,0,6.138694093813308,18.67506818756704,CCBE1;CHAC1
GO_Biological_Process_2021,in utero embryonic development (GO:0001701),2/25,0.0477302892367681,0.1525804328060619,0,0,6.138694093813308,18.67506818756704,BMP2;VEGFA
GO_Biological_Process_2021,negative regulation of ion transport (GO:0043271),2/25,0.0477302892367681,0.1525804328060619,0,0,6.138694093813308,18.67506818756704,NEDD4;STC1
GO_Biological_Process_2021,positive regulation of T cell migration (GO:2000406),2/25,0.0477302892367681,0.1525804328060619,0,0,6.138694093813308,18.67506818756704,CCL20;CCL5
GO_Biological_Process_2021,regulation of heterotypic cell-cell adhesion (GO:0034114),2/25,0.0477302892367681,0.1525804328060619,0,0,6.138694093813308,18.67506818756704,IL1B;TNF
GO_Biological_Process_2021,receptor catabolic process (GO:0032801),2/25,0.0477302892367681,0.1525804328060619,0,0,6.138694093813308,18.67506818756704,NEDD4;VLDLR
GO_Biological_Process_2021,regulation of calcium ion transport (GO:0051924),3/58,0.0480991348626394,0.1527163847741875,0,0,3.858207979071288,11.707697729129585,CCL5;STC1;ANK2
GO_Biological_Process_2021,positive regulation of protein binding (GO:0032092),3/58,0.0480991348626394,0.1527163847741875,0,0,3.858207979071288,11.707697729129585,BMP2;DTX3L;MMP9
GO_Biological_Process_2021,regulation of phagocytosis (GO:0050764),3/58,0.0480991348626394,0.1527163847741875,0,0,3.858207979071288,11.707697729129585,IL1B;TNF;TLR2
GO_Biological_Process_2021,receptor metabolic process (GO:0043112),3/58,0.0480991348626394,0.1527163847741875,0,0,3.858207979071288,11.707697729129585,MX2;NEDD4;MX1
GO_Biological_Process_2021,calcium ion homeostasis (GO:0055074),4/97,0.0479456300978026,0.1527163847741875,0,0,3.047397228368464,9.257040822764909,STC2;CCL5;STC1;ANK2
GO_Biological_Process_2021,positive regulation of cellular catabolic process (GO:0031331),5/141,0.0490681799635047,0.1555820340306248,0,0,2.608562446717817,7.8636276293097875,DTX3L;IL1B;TRIM14;TNFRSF1B;TNF
GO_Biological_Process_2021,regulation of neuron apoptotic process (GO:0043523),4/98,0.0494568398973535,0.1563905477835232,0,0,3.01482448728781,9.064536850559794,UNC5B;CCL2;SOD2;TNF
GO_Biological_Process_2021,negative regulation of neuron death (GO:1901215),4/98,0.0494568398973535,0.1563905477835232,0,0,3.01482448728781,9.064536850559794,UNC5B;CCL2;TNFRSF1B;SOD2
GO_Biological_Process_2021,response to reactive oxygen species (GO:0000302),3/59,0.050168155542775,0.1584257543456054,0,0,3.789118705035971,11.338463347271652,FYN;SOD2;MMP9
GO_Biological_Process_2021,protein localization to organelle (GO:0033365),5/142,0.0503019651265695,0.1586342296444377,0,0,2.5893896117634614,7.741526953891683,PPP1R15A;GBP5;LAMP3;ANK2;GBP1
KEGG_2021_Human,Pathogenic Escherichia coli infection,6/197,0.0600649090641391,0.1594580323964645,0,0,2.230709186101856,6.273489213785265,NFKBIA;IL6;IL1B;NLRP3;FYN;TNF
GO_Biological_Process_2021,regulation of synapse organization (GO:0050807),2/26,0.0512397437484225,0.1600814424183027,0,0,5.882616487455197,17.478664253150303,NEDD4;TNF
GO_Biological_Process_2021,positive regulation of interleukin-2 production (GO:0032743),2/26,0.0512397437484225,0.1600814424183027,0,0,5.882616487455197,17.478664253150303,IL1A;IL1B
GO_Biological_Process_2021,organelle fission (GO:0048285),2/26,0.0512397437484225,0.1600814424183027,0,0,5.882616487455197,17.478664253150303,MX2;MX1
GO_Biological_Process_2021,regulation of viral life cycle (GO:1903900),2/26,0.0512397437484225,0.1600814424183027,0,0,5.882616487455197,17.478664253150303,LAMP3;TRIM14
GO_Biological_Process_2021,regulation of potassium ion transmembrane transporter activity (GO:1901016),2/26,0.0512397437484225,0.1600814424183027,0,0,5.882616487455197,17.478664253150303,NEDD4;ANK2
GO_Biological_Process_2021,cellular response to drug (GO:0035690),2/26,0.0512397437484225,0.1600814424183027,0,0,5.882616487455197,17.478664253150303,IL1B;NKX3-1
GO_Biological_Process_2021,regulation of GTPase activity (GO:0043087),6/189,0.0510848656524755,0.1600814424183027,0,0,2.3291803278688525,6.927604178832631,CCL20;CCL5;CCL2;RASGRP1;CX3CL1;VAV1
GO_Biological_Process_2021,negative regulation of DNA-binding transcription factor activity (GO:0043433),5/143,0.0515538672185972,0.1606338872057492,0,0,2.570494643982357,7.621845777784812,NFKBIA;IRAK2;CYP1B1;NLRP3;TNFAIP3
GO_Biological_Process_2021,nitrogen compound transport (GO:0071705),5/143,0.0515538672185972,0.1606338872057492,0,0,2.570494643982357,7.621845777784812,ARRDC4;SLC6A15;ARRDC3;TXNIP;SLC15A3
KEGG_2021_Human,"Parathyroid hormone synthesis, secretion and action",4/106,0.0624781803918258,0.163913343851496,0,0,2.777235081758335,7.701100406877157,MMP13;RUNX2;CREB5;HBEGF
GO_Biological_Process_2021,negative regulation of Wnt signaling pathway (GO:0030178),6/191,0.0532473343169671,0.1656898434863074,0,0,2.303764127764128,6.7564967937389895,GREM1;BMP2;GRB10;SNAI2;TRABD2B;RBMS3
GO_Biological_Process_2021,positive regulation of mitotic cell cycle (GO:0045931),2/27,0.0548385954220207,0.1681812756061974,0,0,5.647025089605735,16.395352619591588,ASNS;NKX3-1
GO_Biological_Process_2021,positive regulation of striated muscle cell differentiation (GO:0051155),2/27,0.0548385954220207,0.1681812756061974,0,0,5.647025089605735,16.395352619591588,GREM1;MYOCD
GO_Biological_Process_2021,positive regulation of nitric oxide biosynthetic process (GO:0045429),2/27,0.0548385954220207,0.1681812756061974,0,0,5.647025089605735,16.395352619591588,IL1B;TNF
GO_Biological_Process_2021,regulation of cardiac muscle cell contraction (GO:0086004),2/27,0.0548385954220207,0.1681812756061974,0,0,5.647025089605735,16.395352619591588,STC1;ANK2
GO_Biological_Process_2021,regulation of epidermal growth factor-activated receptor activity (GO:0007176),2/27,0.0548385954220207,0.1681812756061974,0,0,5.647025089605735,16.395352619591588,EREG;HBEGF
GO_Biological_Process_2021,camera-type eye development (GO:0043010),2/27,0.0548385954220207,0.1681812756061974,0,0,5.647025089605735,16.395352619591588,CYP1B1;VEGFA
GO_Biological_Process_2021,regulation of blood coagulation (GO:0030193),2/27,0.0548385954220207,0.1681812756061974,0,0,5.647025089605735,16.395352619591588,FAP;SERPINE1
GO_Biological_Process_2021,negative regulation of catalytic activity (GO:0043086),2/27,0.0548385954220207,0.1681812756061974,0,0,5.647025089605735,16.395352619591588,IFIT1;PARP9
GO_Biological_Process_2021,response to glucocorticoid (GO:0051384),2/27,0.0548385954220207,0.1681812756061974,0,0,5.647025089605735,16.395352619591588,IL6;TNF
GO_Biological_Process_2021,positive regulation of calcium ion transmembrane transport (GO:1904427),2/27,0.0548385954220207,0.1681812756061974,0,0,5.647025089605735,16.395352619591588,ANK2;CX3CL1
GO_Biological_Process_2021,acute inflammatory response (GO:0002526),2/27,0.0548385954220207,0.1681812756061974,0,0,5.647025089605735,16.395352619591588,IL6;VNN1
GO_Biological_Process_2021,regulation of protein catabolic process (GO:0042176),4/102,0.0557613768660727,0.1705642115903401,0,0,2.89118102114492,8.34589656295132,TIPARP;NEDD4;TNFAIP3;TNF
GO_Biological_Process_2021,positive regulation of cellular protein metabolic process (GO:0032270),4/102,0.0557613768660727,0.1705642115903401,0,0,2.89118102114492,8.34589656295132,NFKBIA;IL6;SAMD4A;INHBA
KEGG_2021_Human,"Neomycin, kanamycin and gentamicin biosynthesis",1/5,0.0683098854719964,0.1711584770815191,0,0,17.602678571428573,47.240322332490905,HK2
KEGG_2021_Human,Acute myeloid leukemia,3/67,0.0682254276080357,0.1711584770815191,0,0,3.314129946043165,8.898233246103892,STAT5A;CSF2;BCL2A1
KEGG_2021_Human,Non-alcoholic fatty liver disease,5/155,0.0679890246000488,0.1711584770815191,0,0,2.363405797101449,6.353801391409974,IL1A;IL6;IL1B;NDUFA4L2;TNF
KEGG_2021_Human,HIF-1 signaling pathway,4/109,0.0677829309121195,0.1711584770815191,0,0,2.6974729241877258,7.260099669676898,IL6;SERPINE1;HK2;VEGFA
KEGG_2021_Human,Cellular senescence,5/156,0.0694758491566528,0.1721457151325955,0,0,2.34763412995489,6.260614544586392,IL1A;IL6;GADD45A;SERPINE1;ETS1
KEGG_2021_Human,Adipocytokine signaling pathway,3/69,0.0731421038477629,0.1753837543876466,0,0,3.213374754741661,8.40410320597618,NFKBIA;TNFRSF1B;TNF
KEGG_2021_Human,Renal cell carcinoma,3/69,0.0731421038477629,0.1753837543876466,0,0,3.213374754741661,8.40410320597618,PDGFB;ETS1;VEGFA
KEGG_2021_Human,MicroRNAs in cancer,8/310,0.0721881583049709,0.1753837543876466,0,0,1.8840938311136988,4.952301556962929,ZEB2;PLAU;ITGB3;PDGFB;CYP1B1;HOXD10;MMP9;VEGFA
GO_Biological_Process_2021,nucleotide-binding oligomerization domain containing signaling pathway (GO:0070423),2/28,0.0585236595053299,0.1769319938533231,0,0,5.429556106975462,15.410840333611906,IRAK2;TNFAIP3
GO_Biological_Process_2021,negative regulation of phosphatase activity (GO:0010923),2/28,0.0585236595053299,0.1769319938533231,0,0,5.429556106975462,15.410840333611906,PPP1R15A;PPP4R4
GO_Biological_Process_2021,positive regulation of monooxygenase activity (GO:0032770),2/28,0.0585236595053299,0.1769319938533231,0,0,5.429556106975462,15.410840333611906,IL1B;TNF
GO_Biological_Process_2021,positive regulation of fibroblast proliferation (GO:0048146),2/28,0.0585236595053299,0.1769319938533231,0,0,5.429556106975462,15.410840333611906,PDGFB;EREG
GO_Biological_Process_2021,positive regulation of response to wounding (GO:1903036),2/28,0.0585236595053299,0.1769319938533231,0,0,5.429556106975462,15.410840333611906,DUOX2;HBEGF
GO_Biological_Process_2021,positive regulation of nitric oxide metabolic process (GO:1904407),2/28,0.0585236595053299,0.1769319938533231,0,0,5.429556106975462,15.410840333611906,IL1B;TNF
GO_Biological_Process_2021,sarcomere organization (GO:0045214),2/28,0.0585236595053299,0.1769319938533231,0,0,5.429556106975462,15.410840333611906,ANKRD1;MYPN
GO_Biological_Process_2021,"regulation of DNA damage response, signal transduction by p53 class mediator (GO:0043516)",2/28,0.0585236595053299,0.1769319938533231,0,0,5.429556106975462,15.410840333611906,ANKRD1;SNAI2
GO_Biological_Process_2021,cellular response to interleukin-6 (GO:0071354),2/28,0.0585236595053299,0.1769319938533231,0,0,5.429556106975462,15.410840333611906,IL6;STAT1
GO_Biological_Process_2021,negative regulation of endopeptidase activity (GO:0010951),3/63,0.0588677895199704,0.1777427451312655,0,0,3.5357913669064747,10.014991876246087,SERPINA3;IFI16;SERPINE1
GO_Biological_Process_2021,steroid metabolic process (GO:0008202),4/104,0.0590685652385493,0.1778898875909981,0,0,2.833068592057762,8.014910795541256,HSD11B1;CYP1A1;CYP1B1;DHRS2
GO_Biological_Process_2021,regulation of insulin secretion (GO:0050796),4/104,0.0590685652385493,0.1778898875909981,0,0,2.833068592057762,8.014910795541256,IL6;IL1B;CCL5;TNF
KEGG_2021_Human,Prolactin signaling pathway,3/70,0.0756582430478024,0.1794871085070207,0,0,3.1652528723290025,8.171191707881633,STAT5A;STAT1;IRF1
KEGG_2021_Human,Rap1 signaling pathway,6/210,0.0765404215676587,0.179668568521978,0,0,2.0871657754010697,5.363883071935636,FGF19;ITGB3;PDGFB;VAV1;VEGFA;RASGRP3
GO_Biological_Process_2021,regulation of T-helper 1 cell cytokine production (GO:2000554),1/5,0.0683098854719964,0.1826801508622532,0,0,17.602678571428573,47.240322332490905,IL1B
GO_Biological_Process_2021,regulation of germinal center formation (GO:0002634),1/5,0.0683098854719964,0.1826801508622532,0,0,17.602678571428573,47.240322332490905,TNFAIP3
GO_Biological_Process_2021,BMP signaling pathway involved in heart development (GO:0061312),1/5,0.0683098854719964,0.1826801508622532,0,0,17.602678571428573,47.240322332490905,BMP2
GO_Biological_Process_2021,regulation of basement membrane assembly involved in embryonic body morphogenesis (GO:1904259),1/5,0.0683098854719964,0.1826801508622532,0,0,17.602678571428573,47.240322332490905,PHLDB2
GO_Biological_Process_2021,regulation of astrocyte activation (GO:0061888),1/5,0.0683098854719964,0.1826801508622532,0,0,17.602678571428573,47.240322332490905,IL6
GO_Biological_Process_2021,regulation of NK T cell proliferation (GO:0051140),1/5,0.0683098854719964,0.1826801508622532,0,0,17.602678571428573,47.240322332490905,IL23A
GO_Biological_Process_2021,SA node cell to atrial cardiac muscle cell signaling (GO:0086018),1/5,0.0683098854719964,0.1826801508622532,0,0,17.602678571428573,47.240322332490905,ANK2
GO_Biological_Process_2021,inosine metabolic process (GO:0046102),1/5,0.0683098854719964,0.1826801508622532,0,0,17.602678571428573,47.240322332490905,XDH
GO_Biological_Process_2021,positive regulation of endothelial cell chemotaxis by VEGF-activated vascular endothelial growth factor receptor signaling pathway (GO:0038033),1/5,0.0683098854719964,0.1826801508622532,0,0,17.602678571428573,47.240322332490905,VEGFA
GO_Biological_Process_2021,protein K29-linked deubiquitination (GO:0035523),1/5,0.0683098854719964,0.1826801508622532,0,0,17.602678571428573,47.240322332490905,TNFAIP3
GO_Biological_Process_2021,positive regulation of vascular associated smooth muscle cell apoptotic process (GO:1905461),1/5,0.0683098854719964,0.1826801508622532,0,0,17.602678571428573,47.240322332490905,SOD2
GO_Biological_Process_2021,positive regulation of transcription from RNA polymerase II promoter in response to hypoxia (GO:0061419),1/5,0.0683098854719964,0.1826801508622532,0,0,17.602678571428573,47.240322332490905,VEGFA
GO_Biological_Process_2021,positive regulation of T-helper 1 cell cytokine production (GO:2000556),1/5,0.0683098854719964,0.1826801508622532,0,0,17.602678571428573,47.240322332490905,IL1B
GO_Biological_Process_2021,regulation of glomerular mesangial cell proliferation (GO:0072124),1/5,0.0683098854719964,0.1826801508622532,0,0,17.602678571428573,47.240322332490905,PDGFB
GO_Biological_Process_2021,uridine transport (GO:0015862),1/5,0.0683098854719964,0.1826801508622532,0,0,17.602678571428573,47.240322332490905,SLC28A3
GO_Biological_Process_2021,metanephric mesenchymal cell differentiation (GO:0072162),1/5,0.0683098854719964,0.1826801508622532,0,0,17.602678571428573,47.240322332490905,STAT1
GO_Biological_Process_2021,regulation of retinal ganglion cell axon guidance (GO:0090259),1/5,0.0683098854719964,0.1826801508622532,0,0,17.602678571428573,47.240322332490905,VEGFA
GO_Biological_Process_2021,regulation of receptor catabolic process (GO:2000644),1/5,0.0683098854719964,0.1826801508622532,0,0,17.602678571428573,47.240322332490905,DTX3L
GO_Biological_Process_2021,regulation of phosphatidylinositol biosynthetic process (GO:0010511),1/5,0.0683098854719964,0.1826801508622532,0,0,17.602678571428573,47.240322332490905,PDGFB
GO_Biological_Process_2021,regulation of nucleotide-binding oligomerization domain containing signaling pathway (GO:0070424),1/5,0.0683098854719964,0.1826801508622532,0,0,17.602678571428573,47.240322332490905,BIRC3
GO_Biological_Process_2021,DNA protection (GO:0042262),1/5,0.0683098854719964,0.1826801508622532,0,0,17.602678571428573,47.240322332490905,CBS
GO_Biological_Process_2021,salivary gland development (GO:0007431),1/5,0.0683098854719964,0.1826801508622532,0,0,17.602678571428573,47.240322332490905,NKX3-1
GO_Biological_Process_2021,negative regulation of myosin-light-chain-phosphatase activity (GO:0035509),1/5,0.0683098854719964,0.1826801508622532,0,0,17.602678571428573,47.240322332490905,TNF
GO_Biological_Process_2021,negative regulation of macrophage differentiation (GO:0045650),1/5,0.0683098854719964,0.1826801508622532,0,0,17.602678571428573,47.240322332490905,INHBA
GO_Biological_Process_2021,positive regulation of cell cycle (GO:0045787),3/66,0.0658258563047015,0.1826801508622532,0,0,3.366906474820144,9.16048575800539,PDGFB;ASNS;NKX3-1
GO_Biological_Process_2021,negative regulation of B cell differentiation (GO:0045578),1/5,0.0683098854719964,0.1826801508622532,0,0,17.602678571428573,47.240322332490905,INHBA
GO_Biological_Process_2021,positive regulation of cell death (GO:0010942),3/66,0.0658258563047015,0.1826801508622532,0,0,3.366906474820144,9.16048575800539,FYN;TNF;NKX3-1
GO_Biological_Process_2021,vascular endothelial growth factor receptor-2 signaling pathway (GO:0036324),1/5,0.0683098854719964,0.1826801508622532,0,0,17.602678571428573,47.240322332490905,VEGFA
GO_Biological_Process_2021,coronary artery morphogenesis (GO:0060982),1/5,0.0683098854719964,0.1826801508622532,0,0,17.602678571428573,47.240322332490905,VEGFA
GO_Biological_Process_2021,regulation of interleukin-1 alpha production (GO:0032650),1/5,0.0683098854719964,0.1826801508622532,0,0,17.602678571428573,47.240322332490905,CX3CL1
GO_Biological_Process_2021,regulation of protein localization to membrane (GO:1905475),2/30,0.0661400408110582,0.1826801508622532,0,0,5.041218637992832,13.69185380769529,FYN;GBP1
GO_Biological_Process_2021,positive regulation of extrinsic apoptotic signaling pathway (GO:2001238),2/29,0.062291822489818,0.1826801508622532,0,0,5.228195937873357,14.513080446679124,INHBA;TNF
GO_Biological_Process_2021,receptor-mediated virion attachment to host cell (GO:0046813),1/5,0.0683098854719964,0.1826801508622532,0,0,17.602678571428573,47.240322332490905,ICAM1
GO_Biological_Process_2021,pyrimidine nucleoside transport (GO:0015864),1/5,0.0683098854719964,0.1826801508622532,0,0,17.602678571428573,47.240322332490905,SLC28A3
GO_Biological_Process_2021,negative regulation of lipid transport (GO:0032369),1/5,0.0683098854719964,0.1826801508622532,0,0,17.602678571428573,47.240322332490905,ITGB3
GO_Biological_Process_2021,negative regulation of hydrogen peroxide metabolic process (GO:0010727),1/5,0.0683098854719964,0.1826801508622532,0,0,17.602678571428573,47.240322332490905,FYN
GO_Biological_Process_2021,negative regulation of gonadotropin secretion (GO:0032277),1/5,0.0683098854719964,0.1826801508622532,0,0,17.602678571428573,47.240322332490905,INHBA
GO_Biological_Process_2021,negative regulation of cysteine-type endopeptidase activity involved in apoptotic signaling pathway (GO:2001268),1/5,0.0683098854719964,0.1826801508622532,0,0,17.602678571428573,47.240322332490905,MMP9
GO_Biological_Process_2021,homoserine metabolic process (GO:0009092),1/5,0.0683098854719964,0.1826801508622532,0,0,17.602678571428573,47.240322332490905,CBS
GO_Biological_Process_2021,regulation of adherens junction organization (GO:1903391),1/5,0.0683098854719964,0.1826801508622532,0,0,17.602678571428573,47.240322332490905,VEGFA
GO_Biological_Process_2021,regulation of natural killer cell differentiation (GO:0032823),1/5,0.0683098854719964,0.1826801508622532,0,0,17.602678571428573,47.240322332490905,PRDM1
GO_Biological_Process_2021,determination of dorsal/ventral asymmetry (GO:0048262),1/5,0.0683098854719964,0.1826801508622532,0,0,17.602678571428573,47.240322332490905,GREM1
GO_Biological_Process_2021,pyrimidine deoxyribonucleotide biosynthetic process (GO:0009221),1/5,0.0683098854719964,0.1826801508622532,0,0,17.602678571428573,47.240322332490905,CMPK2
GO_Biological_Process_2021,positive regulation of small GTPase mediated signal transduction (GO:0051057),2/30,0.0661400408110582,0.1826801508622532,0,0,5.041218637992832,13.69185380769529,RASGRP1;VAV1
GO_Biological_Process_2021,positive regulation of phosphate metabolic process (GO:0045937),2/30,0.0661400408110582,0.1826801508622532,0,0,5.041218637992832,13.69185380769529,CCL5;EREG
GO_Biological_Process_2021,TRIF-dependent toll-like receptor signaling pathway (GO:0035666),2/30,0.0661400408110582,0.1826801508622532,0,0,5.041218637992832,13.69185380769529,IRF7;BIRC3
GO_Biological_Process_2021,estrogen metabolic process (GO:0008210),2/30,0.0661400408110582,0.1826801508622532,0,0,5.041218637992832,13.69185380769529,CYP1A1;CYP1B1
GO_Biological_Process_2021,positive regulation of smooth muscle cell differentiation (GO:0051152),1/5,0.0683098854719964,0.1826801508622532,0,0,17.602678571428573,47.240322332490905,MYOCD
GO_Biological_Process_2021,forebrain regionalization (GO:0021871),1/5,0.0683098854719964,0.1826801508622532,0,0,17.602678571428573,47.240322332490905,BMP2
GO_Biological_Process_2021,exocyst localization (GO:0051601),1/5,0.0683098854719964,0.1826801508622532,0,0,17.602678571428573,47.240322332490905,TNFAIP2
GO_Biological_Process_2021,regulation of glycoprotein metabolic process (GO:1903018),1/5,0.0683098854719964,0.1826801508622532,0,0,17.602678571428573,47.240322332490905,PTX3
GO_Biological_Process_2021,PML body organization (GO:0030578),1/5,0.0683098854719964,0.1826801508622532,0,0,17.602678571428573,47.240322332490905,ETS1
GO_Biological_Process_2021,oxaloacetate transport (GO:0015729),1/5,0.0683098854719964,0.1826801508622532,0,0,17.602678571428573,47.240322332490905,SLC13A5
GO_Biological_Process_2021,negative regulation of vitamin D biosynthetic process (GO:0010957),1/5,0.0683098854719964,0.1826801508622532,0,0,17.602678571428573,47.240322332490905,SNAI2
GO_Biological_Process_2021,negative regulation of vascular endothelial cell proliferation (GO:1905563),1/5,0.0683098854719964,0.1826801508622532,0,0,17.602678571428573,47.240322332490905,CCL2
GO_Biological_Process_2021,negative regulation of synapse organization (GO:1905809),1/5,0.0683098854719964,0.1826801508622532,0,0,17.602678571428573,47.240322332490905,TLR2
GO_Biological_Process_2021,negative regulation of smooth muscle contraction (GO:0045986),1/5,0.0683098854719964,0.1826801508622532,0,0,17.602678571428573,47.240322332490905,ADRB2
GO_Biological_Process_2021,MyD88-dependent toll-like receptor signaling pathway (GO:0002755),2/29,0.062291822489818,0.1826801508622532,0,0,5.228195937873357,14.513080446679124,IRAK2;TLR2
GO_Biological_Process_2021,intrinsic apoptotic signaling pathway in response to endoplasmic reticulum stress (GO:0070059),2/29,0.062291822489818,0.1826801508622532,0,0,5.228195937873357,14.513080446679124,PPP1R15A;CHAC1
GO_Biological_Process_2021,positive regulation of natural killer cell proliferation (GO:0032819),1/5,0.0683098854719964,0.1826801508622532,0,0,17.602678571428573,47.240322332490905,IL23A
GO_Biological_Process_2021,positive regulation of natural killer cell chemotaxis (GO:2000503),1/5,0.0683098854719964,0.1826801508622532,0,0,17.602678571428573,47.240322332490905,CCL5
GO_Biological_Process_2021,positive regulation of mast cell chemotaxis (GO:0060754),1/5,0.0683098854719964,0.1826801508622532,0,0,17.602678571428573,47.240322332490905,VEGFA
GO_Biological_Process_2021,cellular response to nicotine (GO:0071316),1/5,0.0683098854719964,0.1826801508622532,0,0,17.602678571428573,47.240322332490905,TNF
GO_Biological_Process_2021,regulation of vitamin D receptor signaling pathway (GO:0070562),1/5,0.0683098854719964,0.1826801508622532,0,0,17.602678571428573,47.240322332490905,SNAI2
GO_Biological_Process_2021,negative regulation of nucleic acid-templated transcription (GO:1903507),11/464,0.0642466205143604,0.1826801508622532,0,0,1.7326956095168016,4.756294767796917,BMP2;CSF2;IFI16;IRF1;PDGFB;TNF;L3MBTL4;RUNX2;EREG;LOXL2;NKX3-1
GO_Biological_Process_2021,regulation of RNA metabolic process (GO:0051252),3/65,0.0634660900794816,0.1826801508622532,0,0,3.421385472267348,9.433613486098242,OAS1;OAS3;TNFRSF1B
GO_Biological_Process_2021,regulation of cellular catabolic process (GO:0031329),3/65,0.0634660900794816,0.1826801508622532,0,0,3.421385472267348,9.433613486098242,DRAM1;IFI16;LAMP3
GO_Biological_Process_2021,regulation of cell-matrix adhesion (GO:0001952),3/65,0.0634660900794816,0.1826801508622532,0,0,3.421385472267348,9.433613486098242,PLAU;FUT1;CX3CL1
GO_Biological_Process_2021,positive regulation of viral genome replication (GO:0045070),2/29,0.062291822489818,0.1826801508622532,0,0,5.228195937873357,14.513080446679124,CCL5;IFIT1
GO_Biological_Process_2021,regulation of hormone metabolic process (GO:0032350),1/5,0.0683098854719964,0.1826801508622532,0,0,17.602678571428573,47.240322332490905,STC2
GO_Biological_Process_2021,regulation of hippocampal neuron apoptotic process (GO:0110089),1/5,0.0683098854719964,0.1826801508622532,0,0,17.602678571428573,47.240322332490905,CX3CL1
GO_Biological_Process_2021,nucleoside transport (GO:0015858),1/5,0.0683098854719964,0.1826801508622532,0,0,17.602678571428573,47.240322332490905,SLC28A3
GO_Biological_Process_2021,positive regulation of prostaglandin secretion (GO:0032308),1/5,0.0683098854719964,0.1826801508622532,0,0,17.602678571428573,47.240322332490905,IL1B
GO_Biological_Process_2021,positive regulation of prostaglandin biosynthetic process (GO:0031394),1/5,0.0683098854719964,0.1826801508622532,0,0,17.602678571428573,47.240322332490905,IL1B
GO_Biological_Process_2021,positive regulation of nucleotide-binding oligomerization domain containing signaling pathway (GO:0070426),1/5,0.0683098854719964,0.1826801508622532,0,0,17.602678571428573,47.240322332490905,SLC15A3
GO_Biological_Process_2021,regulation of microvillus assembly (GO:0032534),1/5,0.0683098854719964,0.1826801508622532,0,0,17.602678571428573,47.240322332490905,PODXL
GO_Biological_Process_2021,hemoglobin metabolic process (GO:0020027),1/5,0.0683098854719964,0.1826801508622532,0,0,17.602678571428573,47.240322332490905,INHBA
GO_Biological_Process_2021,regulation of type B pancreatic cell apoptotic process (GO:2000674),1/5,0.0683098854719964,0.1826801508622532,0,0,17.602678571428573,47.240322332490905,IL6
GO_Biological_Process_2021,regulation of triglyceride metabolic process (GO:0090207),1/5,0.0683098854719964,0.1826801508622532,0,0,17.602678571428573,47.240322332490905,C3
GO_Biological_Process_2021,negative regulation of skeletal muscle cell differentiation (GO:2001015),1/5,0.0683098854719964,0.1826801508622532,0,0,17.602678571428573,47.240322332490905,MYOCD
GO_Biological_Process_2021,negative regulation of regulatory T cell differentiation (GO:0045590),1/5,0.0683098854719964,0.1826801508622532,0,0,17.602678571428573,47.240322332490905,IRF1
GO_Biological_Process_2021,negative regulation of plasminogen activation (GO:0010757),1/5,0.0683098854719964,0.1826801508622532,0,0,17.602678571428573,47.240322332490905,SERPINE1
GO_Biological_Process_2021,transsulfuration (GO:0019346),1/5,0.0683098854719964,0.1826801508622532,0,0,17.602678571428573,47.240322332490905,CBS
GO_Biological_Process_2021,membrane depolarization during SA node cell action potential (GO:0086046),1/5,0.0683098854719964,0.1826801508622532,0,0,17.602678571428573,47.240322332490905,ANK2
GO_Biological_Process_2021,T cell extravasation (GO:0072683),1/5,0.0683098854719964,0.1826801508622532,0,0,17.602678571428573,47.240322332490905,CCL2
GO_Biological_Process_2021,short-term memory (GO:0007614),1/5,0.0683098854719964,0.1826801508622532,0,0,17.602678571428573,47.240322332490905,CUX2
GO_Biological_Process_2021,salivary gland morphogenesis (GO:0007435),1/5,0.0683098854719964,0.1826801508622532,0,0,17.602678571428573,47.240322332490905,NKX3-1
GO_Biological_Process_2021,hydrogen peroxide metabolic process (GO:0042743),2/29,0.062291822489818,0.1826801508622532,0,0,5.228195937873357,14.513080446679124,PXDN;DUOX2
GO_Biological_Process_2021,regulation of double-strand break repair via nonhomologous end joining (GO:2001032),2/29,0.062291822489818,0.1826801508622532,0,0,5.228195937873357,14.513080446679124,DTX3L;PARP9
GO_Biological_Process_2021,regulation of DNA biosynthetic process (GO:2000278),2/29,0.062291822489818,0.1826801508622532,0,0,5.228195937873357,14.513080446679124,PDGFB;ANKRD1
GO_Biological_Process_2021,positive regulation of axon extension involved in axon guidance (GO:0048842),1/5,0.0683098854719964,0.1826801508622532,0,0,17.602678571428573,47.240322332490905,VEGFA
GO_Biological_Process_2021,positive regulation of endothelial cell-matrix adhesion via fibronectin (GO:1904906),1/5,0.0683098854719964,0.1826801508622532,0,0,17.602678571428573,47.240322332490905,FUT1
GO_Biological_Process_2021,negative regulation of PERK-mediated unfolded protein response (GO:1903898),1/5,0.0683098854719964,0.1826801508622532,0,0,17.602678571428573,47.240322332490905,PPP1R15A
GO_Biological_Process_2021,positive regulation of cell fate commitment (GO:0010455),1/5,0.0683098854719964,0.1826801508622532,0,0,17.602678571428573,47.240322332490905,IL23A
GO_Biological_Process_2021,positive regulation of cAMP-dependent protein kinase activity (GO:2000481),1/5,0.0683098854719964,0.1826801508622532,0,0,17.602678571428573,47.240322332490905,ADRB2
GO_Biological_Process_2021,positive regulation of basement membrane assembly involved in embryonic body morphogenesis (GO:1904261),1/5,0.0683098854719964,0.1826801508622532,0,0,17.602678571428573,47.240322332490905,PHLDB2
GO_Biological_Process_2021,deoxyribonucleotide metabolic process (GO:0009262),1/5,0.0683098854719964,0.1826801508622532,0,0,17.602678571428573,47.240322332490905,SAMHD1
GO_Biological_Process_2021,positive regulation of AMPA receptor activity (GO:2000969),1/5,0.0683098854719964,0.1826801508622532,0,0,17.602678571428573,47.240322332490905,ADRB2
KEGG_2021_Human,Caffeine metabolism,1/6,0.081403379953895,0.1833631689870565,0,0,14.081428571428573,35.32098919626428,XDH
KEGG_2021_Human,Hippo signaling pathway,5/163,0.0803824112561839,0.1833631689870565,0,0,2.2428224179049714,5.654065360865959,BMP2;FRMD6;SERPINE1;SNAI2;BIRC3
KEGG_2021_Human,Human immunodeficiency virus 1 infection,6/212,0.0792815142628834,0.1833631689870565,0,0,2.0666902030008827,5.238543589237116,NFKBIA;APOBEC3G;TNFRSF1B;SAMHD1;TNF;TLR2
KEGG_2021_Human,Melanoma,3/72,0.0808036406097962,0.1833631689870565,0,0,3.0731936190178293,7.731335393848526,GADD45A;FGF19;PDGFB
GO_Biological_Process_2021,regulation of cellular component size (GO:0032535),2/31,0.070065339475522,0.186098631524088,0,0,4.867136324310962,12.938440152893492,PPP1R15A;VAV1
GO_Biological_Process_2021,regulation of developmental growth (GO:0048638),2/31,0.070065339475522,0.186098631524088,0,0,4.867136324310962,12.938440152893492,STAT5A;NRCAM
GO_Biological_Process_2021,negative regulation of DNA binding (GO:0043392),2/31,0.070065339475522,0.186098631524088,0,0,4.867136324310962,12.938440152893492,NFKBIA;IFI16
GO_Biological_Process_2021,negative regulation of axon extension (GO:0030517),2/31,0.070065339475522,0.186098631524088,0,0,4.867136324310962,12.938440152893492,SEMA7A;MAP2
GO_Biological_Process_2021,positive regulation of ubiquitin-protein transferase activity (GO:0051443),2/31,0.070065339475522,0.186098631524088,0,0,4.867136324310962,12.938440152893492,ARRDC4;ARRDC3
GO_Biological_Process_2021,negative regulation of response to biotic stimulus (GO:0002832),2/31,0.070065339475522,0.186098631524088,0,0,4.867136324310962,12.938440152893492,IFI16;TNFAIP3
GO_Biological_Process_2021,positive regulation of protein localization to nucleus (GO:1900182),3/68,0.0706643361407072,0.1874768101692233,0,0,3.2629773104593247,8.646283848630624,DTX3L;LIF;PARP9
GO_Biological_Process_2021,cellular protein metabolic process (GO:0044267),10/417,0.0710230858474622,0.1882151991880652,0,0,1.7509089095804964,4.630716867405671,C3;IL6;LOX;MMP1;PAPPA;STC2;AMTN;UBE2L6;PLAT;LOXL2
GO_Biological_Process_2021,cellular divalent inorganic cation homeostasis (GO:0072503),4/111,0.0714450010429517,0.1891191204078133,0,0,2.646782954890516,6.984403228283952,STC2;CCL5;STC1;ANK2
KEGG_2021_Human,PPAR signaling pathway,3/74,0.0860964564155865,0.1919950978067579,0,0,2.9863208025129198,7.323315756516316,MMP1;OLR1;ANGPTL4
GO_Biological_Process_2021,positive regulation of protein transport (GO:0051222),3/69,0.0731421038477629,0.1931744051961233,0,0,3.213374754741661,8.40410320597618,IL1A;ANKRD1;TNF
GO_Biological_Process_2021,cellular response to decreased oxygen levels (GO:0036294),3/69,0.0731421038477629,0.1931744051961233,0,0,3.213374754741661,8.40410320597618,NDRG1;NKX3-1;VEGFA
GO_Biological_Process_2021,T-helper 17 cell lineage commitment (GO:0072540),1/6,0.081403379953895,0.1931885487749639,0,0,14.081428571428573,35.32098919626428,IL6
GO_Biological_Process_2021,negative regulation of lipoprotein lipase activity (GO:0051005),1/6,0.081403379953895,0.1931885487749639,0,0,14.081428571428573,35.32098919626428,ANGPTL4
GO_Biological_Process_2021,negative regulation of meiotic cell cycle (GO:0051447),1/6,0.081403379953895,0.1931885487749639,0,0,14.081428571428573,35.32098919626428,DUSP1
GO_Biological_Process_2021,negative regulation of morphogenesis of an epithelium (GO:1905331),1/6,0.081403379953895,0.1931885487749639,0,0,14.081428571428573,35.32098919626428,TNF
GO_Biological_Process_2021,negative regulation of myeloid cell apoptotic process (GO:0033033),1/6,0.081403379953895,0.1931885487749639,0,0,14.081428571428573,35.32098919626428,IRF7
GO_Biological_Process_2021,negative regulation of neuron migration (GO:2001223),1/6,0.081403379953895,0.1931885487749639,0,0,14.081428571428573,35.32098919626428,CX3CL1
GO_Biological_Process_2021,negative regulation of toll-like receptor 2 signaling pathway (GO:0034136),1/6,0.081403379953895,0.1931885487749639,0,0,14.081428571428573,35.32098919626428,TNFAIP3
GO_Biological_Process_2021,negative regulation of vitamin metabolic process (GO:0046137),1/6,0.081403379953895,0.1931885487749639,0,0,14.081428571428573,35.32098919626428,SNAI2
GO_Biological_Process_2021,oxygen homeostasis (GO:0032364),1/6,0.081403379953895,0.1931885487749639,0,0,14.081428571428573,35.32098919626428,SOD2
GO_Biological_Process_2021,positive regulation of microglial cell migration (GO:1904141),1/6,0.081403379953895,0.1931885487749639,0,0,14.081428571428573,35.32098919626428,CX3CL1
GO_Biological_Process_2021,T-tubule organization (GO:0033292),1/6,0.081403379953895,0.1931885487749639,0,0,14.081428571428573,35.32098919626428,ANK2
GO_Biological_Process_2021,taurine metabolic process (GO:0019530),1/6,0.081403379953895,0.1931885487749639,0,0,14.081428571428573,35.32098919626428,STAT5A
GO_Biological_Process_2021,meiotic DNA double-strand break formation (GO:0042138),1/6,0.081403379953895,0.1931885487749639,0,0,14.081428571428573,35.32098919626428,ANKRD31
GO_Biological_Process_2021,mesenchymal cell differentiation involved in kidney development (GO:0072161),1/6,0.081403379953895,0.1931885487749639,0,0,14.081428571428573,35.32098919626428,STAT1
GO_Biological_Process_2021,valine metabolic process (GO:0006573),1/6,0.081403379953895,0.1931885487749639,0,0,14.081428571428573,35.32098919626428,BCAT1
GO_Biological_Process_2021,negative regulation of cardiac muscle cell differentiation (GO:2000726),1/6,0.081403379953895,0.1931885487749639,0,0,14.081428571428573,35.32098919626428,BMP2
GO_Biological_Process_2021,"negative regulation of CD8-positive, alpha-beta T cell activation (GO:2001186)",1/6,0.081403379953895,0.1931885487749639,0,0,14.081428571428573,35.32098919626428,CD274
GO_Biological_Process_2021,response to peptidoglycan (GO:0032494),1/6,0.081403379953895,0.1931885487749639,0,0,14.081428571428573,35.32098919626428,IL6
GO_Biological_Process_2021,positive regulation of immune response to tumor cell (GO:0002839),1/6,0.081403379953895,0.1931885487749639,0,0,14.081428571428573,35.32098919626428,CD274
GO_Biological_Process_2021,positive regulation of histone phosphorylation (GO:0033129),1/6,0.081403379953895,0.1931885487749639,0,0,14.081428571428573,35.32098919626428,IL1B
GO_Biological_Process_2021,positive regulation of epithelial cell differentiation involved in kidney development (GO:2000698),1/6,0.081403379953895,0.1931885487749639,0,0,14.081428571428573,35.32098919626428,LIF
GO_Biological_Process_2021,positive regulation of deacetylase activity (GO:0090045),1/6,0.081403379953895,0.1931885487749639,0,0,14.081428571428573,35.32098919626428,VEGFA
GO_Biological_Process_2021,positive regulation of autophagy of mitochondrion in response to mitochondrial depolarization (GO:1904925),1/6,0.081403379953895,0.1931885487749639,0,0,14.081428571428573,35.32098919626428,HK2
GO_Biological_Process_2021,positive regulation of autophagosome maturation (GO:1901098),1/6,0.081403379953895,0.1931885487749639,0,0,14.081428571428573,35.32098919626428,ADRB2
GO_Biological_Process_2021,positive regulation of animal organ morphogenesis (GO:0110110),1/6,0.081403379953895,0.1931885487749639,0,0,14.081428571428573,35.32098919626428,BMP2
GO_Biological_Process_2021,proline transport (GO:0015824),1/6,0.081403379953895,0.1931885487749639,0,0,14.081428571428573,35.32098919626428,SLC6A15
GO_Biological_Process_2021,positive regulation of vascular endothelial growth factor signaling pathway (GO:1900748),1/6,0.081403379953895,0.1931885487749639,0,0,14.081428571428573,35.32098919626428,CCBE1
GO_Biological_Process_2021,positive regulation of tooth mineralization (GO:0070172),1/6,0.081403379953895,0.1931885487749639,0,0,14.081428571428573,35.32098919626428,AMTN
GO_Biological_Process_2021,positive regulation of T-helper 2 cell differentiation (GO:0045630),1/6,0.081403379953895,0.1931885487749639,0,0,14.081428571428573,35.32098919626428,NLRP3
GO_Biological_Process_2021,positive regulation of T cell differentiation in thymus (GO:0033089),1/6,0.081403379953895,0.1931885487749639,0,0,14.081428571428573,35.32098919626428,VNN1
GO_Biological_Process_2021,positive regulation of receptor binding (GO:1900122),1/6,0.081403379953895,0.1931885487749639,0,0,14.081428571428573,35.32098919626428,MMP9
GO_Biological_Process_2021,positive regulation of non-membrane spanning protein tyrosine kinase activity (GO:1903997),1/6,0.081403379953895,0.1931885487749639,0,0,14.081428571428573,35.32098919626428,FYN
GO_Biological_Process_2021,purine deoxyribonucleotide catabolic process (GO:0009155),1/6,0.081403379953895,0.1931885487749639,0,0,14.081428571428573,35.32098919626428,SAMHD1
GO_Biological_Process_2021,regulation of interleukin-1-mediated signaling pathway (GO:2000659),1/6,0.081403379953895,0.1931885487749639,0,0,14.081428571428573,35.32098919626428,IL6
GO_Biological_Process_2021,activation of transmembrane receptor protein tyrosine kinase activity (GO:0007171),1/6,0.081403379953895,0.1931885487749639,0,0,14.081428571428573,35.32098919626428,ADRB2
GO_Biological_Process_2021,positive regulation of protein secretion (GO:0050714),3/72,0.0808036406097962,0.1931885487749639,0,0,3.0731936190178293,7.731335393848526,IL1A;ANKRD1;TLR2
GO_Biological_Process_2021,positive regulation of neurogenesis (GO:0050769),3/72,0.0808036406097962,0.1931885487749639,0,0,3.0731936190178293,7.731335393848526,CUX2;CX3CL1;VEGFA
GO_Biological_Process_2021,cellular amide metabolic process (GO:0043603),4/115,0.0790658531660636,0.1931885487749639,0,0,2.550883012976876,6.472799805539029,VNN1;MTHFD2;VNN3;ALDH1L2
GO_Biological_Process_2021,regulation of glomerular filtration (GO:0003093),1/6,0.081403379953895,0.1931885487749639,0,0,14.081428571428573,35.32098919626428,PDGFB
GO_Biological_Process_2021,cellular response to granulocyte macrophage colony-stimulating factor stimulus (GO:0097011),1/6,0.081403379953895,0.1931885487749639,0,0,14.081428571428573,35.32098919626428,CSF2
GO_Biological_Process_2021,cellular response to cold (GO:0070417),1/6,0.081403379953895,0.1931885487749639,0,0,14.081428571428573,35.32098919626428,NFKBIA
GO_Biological_Process_2021,cellular response to bacterial lipopeptide (GO:0071221),1/6,0.081403379953895,0.1931885487749639,0,0,14.081428571428573,35.32098919626428,TLR2
GO_Biological_Process_2021,regulation of endothelial cell-matrix adhesion via fibronectin (GO:1904904),1/6,0.081403379953895,0.1931885487749639,0,0,14.081428571428573,35.32098919626428,FUT1
GO_Biological_Process_2021,cell junction disassembly (GO:0150146),1/6,0.081403379953895,0.1931885487749639,0,0,14.081428571428573,35.32098919626428,CX3CL1
GO_Biological_Process_2021,blood vessel endothelial cell proliferation involved in sprouting angiogenesis (GO:0002043),1/6,0.081403379953895,0.1931885487749639,0,0,14.081428571428573,35.32098919626428,BMPER
GO_Biological_Process_2021,aspartate metabolic process (GO:0006531),1/6,0.081403379953895,0.1931885487749639,0,0,14.081428571428573,35.32098919626428,DDO
GO_Biological_Process_2021,regulation of macrophage apoptotic process (GO:2000109),1/6,0.081403379953895,0.1931885487749639,0,0,14.081428571428573,35.32098919626428,IRF7
GO_Biological_Process_2021,contact inhibition (GO:0060242),1/6,0.081403379953895,0.1931885487749639,0,0,14.081428571428573,35.32098919626428,FAP
GO_Biological_Process_2021,regulation of macromolecule biosynthetic process (GO:0010556),1/6,0.081403379953895,0.1931885487749639,0,0,14.081428571428573,35.32098919626428,TNFRSF1B
GO_Biological_Process_2021,positive regulation of osteoblast proliferation (GO:0033690),1/6,0.081403379953895,0.1931885487749639,0,0,14.081428571428573,35.32098919626428,BMP2
GO_Biological_Process_2021,regulation of hyaluronan biosynthetic process (GO:1900125),1/6,0.081403379953895,0.1931885487749639,0,0,14.081428571428573,35.32098919626428,PDGFB
GO_Biological_Process_2021,regulation of hormone biosynthetic process (GO:0046885),1/6,0.081403379953895,0.1931885487749639,0,0,14.081428571428573,35.32098919626428,STC2
GO_Biological_Process_2021,cellular response to lipoteichoic acid (GO:0071223),1/6,0.081403379953895,0.1931885487749639,0,0,14.081428571428573,35.32098919626428,TLR2
GO_Biological_Process_2021,regulation of glucagon secretion (GO:0070092),1/6,0.081403379953895,0.1931885487749639,0,0,14.081428571428573,35.32098919626428,IL6
GO_Biological_Process_2021,epithelial tube formation (GO:0072175),1/6,0.081403379953895,0.1931885487749639,0,0,14.081428571428573,35.32098919626428,PODXL
GO_Biological_Process_2021,glandular epithelial cell differentiation (GO:0002067),1/6,0.081403379953895,0.1931885487749639,0,0,14.081428571428573,35.32098919626428,BMP2
GO_Biological_Process_2021,regulation of T-helper 17 cell lineage commitment (GO:2000328),1/6,0.081403379953895,0.1931885487749639,0,0,14.081428571428573,35.32098919626428,IL23A
GO_Biological_Process_2021,foam cell differentiation (GO:0090077),1/6,0.081403379953895,0.1931885487749639,0,0,14.081428571428573,35.32098919626428,STAT1
GO_Biological_Process_2021,macrophage derived foam cell differentiation (GO:0010742),1/6,0.081403379953895,0.1931885487749639,0,0,14.081428571428573,35.32098919626428,STAT1
GO_Biological_Process_2021,macromolecule biosynthetic process (GO:0009059),1/6,0.081403379953895,0.1931885487749639,0,0,14.081428571428573,35.32098919626428,COL5A1
GO_Biological_Process_2021,leucine transport (GO:0015820),1/6,0.081403379953895,0.1931885487749639,0,0,14.081428571428573,35.32098919626428,SLC6A15
GO_Biological_Process_2021,IMP biosynthetic process (GO:0006188),1/6,0.081403379953895,0.1931885487749639,0,0,14.081428571428573,35.32098919626428,AMPD3
GO_Biological_Process_2021,hydrogen sulfide metabolic process (GO:0070813),1/6,0.081403379953895,0.1931885487749639,0,0,14.081428571428573,35.32098919626428,CBS
GO_Biological_Process_2021,hydrogen peroxide biosynthetic process (GO:0050665),1/6,0.081403379953895,0.1931885487749639,0,0,14.081428571428573,35.32098919626428,DUOX2
GO_Biological_Process_2021,response to testosterone (GO:0033574),1/6,0.081403379953895,0.1931885487749639,0,0,14.081428571428573,35.32098919626428,NKX3-1
GO_Biological_Process_2021,cardiac muscle tissue morphogenesis (GO:0055008),2/32,0.0740648107381605,0.1931885487749639,0,0,4.704659498207885,12.245357127661626,BMP2;ANKRD1
GO_Biological_Process_2021,regulation of nucleotide-binding oligomerization domain containing 2 signaling pathway (GO:0070432),1/6,0.081403379953895,0.1931885487749639,0,0,14.081428571428573,35.32098919626428,SLC15A3
GO_Biological_Process_2021,positive regulation of metabolic process (GO:0009893),4/113,0.0752063470046684,0.1931885487749639,0,0,2.597953167952837,6.722254871676215,GRB10;ADRB2;TNF;VEGFA
GO_Biological_Process_2021,regulation of dendrite morphogenesis (GO:0048814),2/32,0.0740648107381605,0.1931885487749639,0,0,4.704659498207885,12.245357127661626,CUX2;NEDD4
GO_Biological_Process_2021,superoxide metabolic process (GO:0006801),2/32,0.0740648107381605,0.1931885487749639,0,0,4.704659498207885,12.245357127661626,SOD2;DUOX2
GO_Biological_Process_2021,ERBB2 signaling pathway (GO:0038128),2/32,0.0740648107381605,0.1931885487749639,0,0,4.704659498207885,12.245357127661626,EREG;HBEGF
GO_Biological_Process_2021,endodermal cell differentiation (GO:0035987),2/32,0.0740648107381605,0.1931885487749639,0,0,4.704659498207885,12.245357127661626,INHBA;MMP9
GO_Biological_Process_2021,regulation of endopeptidase activity (GO:0052548),3/71,0.0782122570370549,0.1931885487749639,0,0,3.118546339399069,7.947081775493828,SERPINA3;SERPINE1;BIRC3
GO_Biological_Process_2021,protein tetramerization (GO:0051262),3/71,0.0782122570370549,0.1931885487749639,0,0,3.118546339399069,7.947081775493828,GBP5;SAMHD1;SOD2
GO_Biological_Process_2021,activation of protein kinase activity (GO:0032147),4/114,0.0771239032704203,0.1931885487749639,0,0,2.5742041352149654,6.59599141603331,ITGB3;PDGFB;ADRB2;VEGFA
GO_Biological_Process_2021,regulation of histone acetylation (GO:0035065),2/33,0.0781356128405874,0.1931885487749639,0,0,4.552665047982425,11.606151509555811,MYOCD;IL1B
GO_Biological_Process_2021,regulation of NK T cell activation (GO:0051133),1/6,0.081403379953895,0.1931885487749639,0,0,14.081428571428573,35.32098919626428,IL23A
GO_Biological_Process_2021,primary alcohol metabolic process (GO:0034308),2/33,0.0781356128405874,0.1931885487749639,0,0,4.552665047982425,11.606151509555811,CYP1A1;CYP1B1
GO_Biological_Process_2021,negative regulation of smooth muscle cell proliferation (GO:0048662),2/33,0.0781356128405874,0.1931885487749639,0,0,4.552665047982425,11.606151509555811,TNFAIP3;SOD2
GO_Biological_Process_2021,chondrocyte differentiation (GO:0002062),2/32,0.0740648107381605,0.1931885487749639,0,0,4.704659498207885,12.245357127661626,BMP2;RUNX2
GO_Biological_Process_2021,negative chemotaxis (GO:0050919),2/33,0.0781356128405874,0.1931885487749639,0,0,4.552665047982425,11.606151509555811,SEMA7A;ITGB3
GO_Biological_Process_2021,positive regulation of glucose transmembrane transport (GO:0010828),2/32,0.0740648107381605,0.1931885487749639,0,0,4.704659498207885,12.245357127661626,C3;FGF19
GO_Biological_Process_2021,purine ribonucleoside catabolic process (GO:0046130),1/6,0.081403379953895,0.1931885487749639,0,0,14.081428571428573,35.32098919626428,XDH
GO_Biological_Process_2021,regulation of adiponectin secretion (GO:0070163),1/6,0.081403379953895,0.1931885487749639,0,0,14.081428571428573,35.32098919626428,IL1B
GO_Biological_Process_2021,regulation of interleukin-17 production (GO:0032660),2/33,0.0781356128405874,0.1931885487749639,0,0,4.552665047982425,11.606151509555811,IL6;IL23A
GO_Biological_Process_2021,vasculogenesis (GO:0001570),2/33,0.0781356128405874,0.1931885487749639,0,0,4.552665047982425,11.606151509555811,HAS2;VEGFA
GO_Biological_Process_2021,muscle cell development (GO:0055001),2/33,0.0781356128405874,0.1931885487749639,0,0,4.552665047982425,11.606151509555811,ANK2;VEGFA
GO_Biological_Process_2021,response to granulocyte macrophage colony-stimulating factor (GO:0097012),1/6,0.081403379953895,0.1931885487749639,0,0,14.081428571428573,35.32098919626428,CSF2
GO_Biological_Process_2021,negative regulation of cell-matrix adhesion (GO:0001953),2/32,0.0740648107381605,0.1931885487749639,0,0,4.704659498207885,12.245357127661626,SERPINE1;PHLDB2
GO_Biological_Process_2021,purine nucleobase transport (GO:0006863),1/6,0.081403379953895,0.1931885487749639,0,0,14.081428571428573,35.32098919626428,SLC28A3
GO_Biological_Process_2021,protein deubiquitination involved in ubiquitin-dependent protein catabolic process (GO:0071947),1/6,0.081403379953895,0.1931885487749639,0,0,14.081428571428573,35.32098919626428,TNFAIP3
GO_Biological_Process_2021,response to gonadotropin (GO:0034698),1/6,0.081403379953895,0.1931885487749639,0,0,14.081428571428573,35.32098919626428,SLC5A5
GO_Biological_Process_2021,glycosylceramide metabolic process (GO:0006677),1/6,0.081403379953895,0.1931885487749639,0,0,14.081428571428573,35.32098919626428,ST6GALNAC3
GO_Biological_Process_2021,regulation of type 2 immune response (GO:0002828),1/6,0.081403379953895,0.1931885487749639,0,0,14.081428571428573,35.32098919626428,NLRP3
GO_Biological_Process_2021,response to lipoteichoic acid (GO:0070391),1/6,0.081403379953895,0.1931885487749639,0,0,14.081428571428573,35.32098919626428,TLR2
GO_Biological_Process_2021,regulation of mast cell chemotaxis (GO:0060753),1/6,0.081403379953895,0.1931885487749639,0,0,14.081428571428573,35.32098919626428,VEGFA
GO_Biological_Process_2021,regulation of microtubule motor activity (GO:2000574),1/6,0.081403379953895,0.1931885487749639,0,0,14.081428571428573,35.32098919626428,MAP2
GO_Biological_Process_2021,regulation of mitotic sister chromatid segregation (GO:0033047),1/6,0.081403379953895,0.1931885487749639,0,0,14.081428571428573,35.32098919626428,DUSP1
GO_Biological_Process_2021,regulation of mitotic spindle checkpoint (GO:1903504),1/6,0.081403379953895,0.1931885487749639,0,0,14.081428571428573,35.32098919626428,DUSP1
GO_Biological_Process_2021,regulation of nitric oxide mediated signal transduction (GO:0010749),1/6,0.081403379953895,0.1931885487749639,0,0,14.081428571428573,35.32098919626428,VEGFA
GO_Biological_Process_2021,heart development (GO:0007507),5/164,0.0820111447250857,0.1944337169774069,0,0,2.2286026797921794,5.573512730878407,BMP2;MYOCD;HEG1;PDGFB;VEGFA
GO_Biological_Process_2021,negative regulation of blood vessel endothelial cell migration (GO:0043537),2/34,0.082274968711483,0.1948617680008808,0,0,4.410170250896058,11.01523092088332,GADD45A;TNF
GO_Biological_Process_2021,defense response to Gram-negative bacterium (GO:0050829),3/73,0.0834318805948597,0.1974020228432476,0,0,3.029136690647482,7.52354186460143,IL6;IL23A;SERPINE1
KEGG_2021_Human,Chronic myeloid leukemia,3/76,0.0915324990977835,0.1981723038719003,0,0,2.904208140337045,6.944139367296797,STAT5A;NFKBIA;GADD45A
KEGG_2021_Human,Metabolism of xenobiotics by cytochrome P450,3/76,0.0915324990977835,0.1981723038719003,0,0,2.904208140337045,6.944139367296797,HSD11B1;CYP1A1;CYP1B1
KEGG_2021_Human,Pancreatic cancer,3/76,0.0915324990977835,0.1981723038719003,0,0,2.904208140337045,6.944139367296797,GADD45A;STAT1;VEGFA
GO_Biological_Process_2021,regulation of protein binding (GO:0043393),4/118,0.0850365067579836,0.2009953796097795,0,0,2.483374501235037,6.120710113658189,BMP2;DTX3L;PDGFB;IFIT1
KEGG_2021_Human,"Alanine, aspartate and glutamate metabolism",2/37,0.0950775328587056,0.203868171418186,0,0,4.031541218637993,9.48646880099538,ASNS;DDO
GO_Biological_Process_2021,negative regulation of T cell proliferation (GO:0042130),2/35,0.0864801647524702,0.2042013981037138,0,0,4.276311502117954,10.467727205000076,CD274;PDCD1LG2
GO_Biological_Process_2021,regulation of glial cell apoptotic process (GO:0034350),1/7,0.0943135127351713,0.2070296621015957,0,0,11.73392857142857,27.70534020700134,CCL2
GO_Biological_Process_2021,regulation of MDA-5 signaling pathway (GO:0039533),1/7,0.0943135127351713,0.2070296621015957,0,0,11.73392857142857,27.70534020700134,DDX60
GO_Biological_Process_2021,regulation of microglial cell migration (GO:1904139),1/7,0.0943135127351713,0.2070296621015957,0,0,11.73392857142857,27.70534020700134,CX3CL1
GO_Biological_Process_2021,regulation of microtubule binding (GO:1904526),1/7,0.0943135127351713,0.2070296621015957,0,0,11.73392857142857,27.70534020700134,MAP2
GO_Biological_Process_2021,death-inducing signaling complex assembly (GO:0071550),1/7,0.0943135127351713,0.2070296621015957,0,0,11.73392857142857,27.70534020700134,TNF
GO_Biological_Process_2021,desmosome organization (GO:0002934),1/7,0.0943135127351713,0.2070296621015957,0,0,11.73392857142857,27.70534020700134,SNAI2
GO_Biological_Process_2021,regulation of myosin-light-chain-phosphatase activity (GO:0035507),1/7,0.0943135127351713,0.2070296621015957,0,0,11.73392857142857,27.70534020700134,TNF
GO_Biological_Process_2021,regulation of histone deacetylase activity (GO:1901725),1/7,0.0943135127351713,0.2070296621015957,0,0,11.73392857142857,27.70534020700134,VEGFA
GO_Biological_Process_2021,cellular response to interleukin-18 (GO:0071351),1/7,0.0943135127351713,0.2070296621015957,0,0,11.73392857142857,27.70534020700134,PDGFB
GO_Biological_Process_2021,positive regulation of urine volume (GO:0035810),1/7,0.0943135127351713,0.2070296621015957,0,0,11.73392857142857,27.70534020700134,HAS2
GO_Biological_Process_2021,regulation of vascular associated smooth muscle cell differentiation (GO:1905063),1/7,0.0943135127351713,0.2070296621015957,0,0,11.73392857142857,27.70534020700134,PDGFB
GO_Biological_Process_2021,regulation of vascular associated smooth muscle cell apoptotic process (GO:1905459),1/7,0.0943135127351713,0.2070296621015957,0,0,11.73392857142857,27.70534020700134,SOD2
GO_Biological_Process_2021,glomerular visceral epithelial cell development (GO:0072015),1/7,0.0943135127351713,0.2070296621015957,0,0,11.73392857142857,27.70534020700134,PODXL
GO_Biological_Process_2021,glomerular epithelial cell development (GO:0072310),1/7,0.0943135127351713,0.2070296621015957,0,0,11.73392857142857,27.70534020700134,PODXL
GO_Biological_Process_2021,glial cell migration (GO:0008347),1/7,0.0943135127351713,0.2070296621015957,0,0,11.73392857142857,27.70534020700134,CCL2
GO_Biological_Process_2021,gas homeostasis (GO:0033483),1/7,0.0943135127351713,0.2070296621015957,0,0,11.73392857142857,27.70534020700134,SOD2
GO_Biological_Process_2021,exocrine system development (GO:0035272),1/7,0.0943135127351713,0.2070296621015957,0,0,11.73392857142857,27.70534020700134,NKX3-1
GO_Biological_Process_2021,regulation of prostaglandin biosynthetic process (GO:0031392),1/7,0.0943135127351713,0.2070296621015957,0,0,11.73392857142857,27.70534020700134,IL1B
GO_Biological_Process_2021,succinate transport (GO:0015744),1/7,0.0943135127351713,0.2070296621015957,0,0,11.73392857142857,27.70534020700134,SLC13A5
GO_Biological_Process_2021,lipid hydroxylation (GO:0002933),1/7,0.0943135127351713,0.2070296621015957,0,0,11.73392857142857,27.70534020700134,CYP1A1
GO_Biological_Process_2021,leucine metabolic process (GO:0006551),1/7,0.0943135127351713,0.2070296621015957,0,0,11.73392857142857,27.70534020700134,BCAT1
GO_Biological_Process_2021,keratinocyte proliferation (GO:0043616),1/7,0.0943135127351713,0.2070296621015957,0,0,11.73392857142857,27.70534020700134,EREG
GO_Biological_Process_2021,SA node cell action potential (GO:0086015),1/7,0.0943135127351713,0.2070296621015957,0,0,11.73392857142857,27.70534020700134,ANK2
GO_Biological_Process_2021,cell morphogenesis involved in neuron differentiation (GO:0048667),3/76,0.0915324990977835,0.2070296621015957,0,0,2.904208140337045,6.944139367296797,ACTBL2;MAP2;NRCAM
GO_Biological_Process_2021,regulation of natural killer cell proliferation (GO:0032817),1/7,0.0943135127351713,0.2070296621015957,0,0,11.73392857142857,27.70534020700134,IL23A
GO_Biological_Process_2021,positive regulation of lymphocyte apoptotic process (GO:0070230),1/7,0.0943135127351713,0.2070296621015957,0,0,11.73392857142857,27.70534020700134,CCL5
GO_Biological_Process_2021,regulation of cardiac muscle contraction (GO:0055117),2/36,0.0907485495722279,0.2070296621015957,0,0,4.150326797385621,9.959384776382016,STC1;ANK2
GO_Biological_Process_2021,regulation of osteoclast differentiation (GO:0045670),2/36,0.0907485495722279,0.2070296621015957,0,0,4.150326797385621,9.959384776382016,IL23A;TNF
GO_Biological_Process_2021,regulation of microtubule-based process (GO:0032886),2/36,0.0907485495722279,0.2070296621015957,0,0,4.150326797385621,9.959384776382016,TRIM36;PHLDB2
GO_Biological_Process_2021,regulation of blood-brain barrier permeability (GO:1905603),1/7,0.0943135127351713,0.2070296621015957,0,0,11.73392857142857,27.70534020700134,VEGFA
GO_Biological_Process_2021,regulation of aldosterone biosynthetic process (GO:0032347),1/7,0.0943135127351713,0.2070296621015957,0,0,11.73392857142857,27.70534020700134,BMP2
GO_Biological_Process_2021,cellular response to UV (GO:0034644),3/77,0.0943028921272725,0.2070296621015957,0,0,2.864816255104025,6.764528532969996,MMP1;NEDD4;MMP9
GO_Biological_Process_2021,epithelium development (GO:0060429),4/122,0.093329013654513,0.2070296621015957,0,0,2.398702808541884,5.688821744064168,BMP2;STAT1;SNAI2;VEGFA
GO_Biological_Process_2021,cellular response to hormone stimulus (GO:0032870),3/76,0.0915324990977835,0.2070296621015957,0,0,2.904208140337045,6.944139367296797,KLF9;NKX3-1;SLC5A5
GO_Biological_Process_2021,positive regulation of unsaturated fatty acid biosynthetic process (GO:2001280),1/7,0.0943135127351713,0.2070296621015957,0,0,11.73392857142857,27.70534020700134,IL1B
GO_Biological_Process_2021,positive regulation of trophoblast cell migration (GO:1901165),1/7,0.0943135127351713,0.2070296621015957,0,0,11.73392857142857,27.70534020700134,VEGFA
GO_Biological_Process_2021,positive regulation of receptor catabolic process (GO:2000646),1/7,0.0943135127351713,0.2070296621015957,0,0,11.73392857142857,27.70534020700134,DTX3L
GO_Biological_Process_2021,positive regulation of NK T cell activation (GO:0051135),1/7,0.0943135127351713,0.2070296621015957,0,0,11.73392857142857,27.70534020700134,IL23A
GO_Biological_Process_2021,regulation of receptor internalization (GO:0002090),2/36,0.0907485495722279,0.2070296621015957,0,0,4.150326797385621,9.959384776382016,GREM1;VEGFA
GO_Biological_Process_2021,positive regulation of interleukin-23 production (GO:0032747),1/7,0.0943135127351713,0.2070296621015957,0,0,11.73392857142857,27.70534020700134,CSF2
GO_Biological_Process_2021,positive regulation of icosanoid secretion (GO:0032305),1/7,0.0943135127351713,0.2070296621015957,0,0,11.73392857142857,27.70534020700134,IL1B
GO_Biological_Process_2021,cellular response to gonadotropin stimulus (GO:0071371),1/7,0.0943135127351713,0.2070296621015957,0,0,11.73392857142857,27.70534020700134,SLC5A5
GO_Biological_Process_2021,cellular amino acid biosynthetic process (GO:0008652),1/7,0.0943135127351713,0.2070296621015957,0,0,11.73392857142857,27.70534020700134,BCAT1
GO_Biological_Process_2021,regulation of cortisol biosynthetic process (GO:2000064),1/7,0.0943135127351713,0.2070296621015957,0,0,11.73392857142857,27.70534020700134,BMP2
GO_Biological_Process_2021,regulation of bone remodeling (GO:0046850),1/7,0.0943135127351713,0.2070296621015957,0,0,11.73392857142857,27.70534020700134,GREM1
GO_Biological_Process_2021,cellular response to platelet-derived growth factor stimulus (GO:0036120),1/7,0.0943135127351713,0.2070296621015957,0,0,11.73392857142857,27.70534020700134,HAS2
GO_Biological_Process_2021,positive regulation of humoral immune response (GO:0002922),1/7,0.0943135127351713,0.2070296621015957,0,0,11.73392857142857,27.70534020700134,IL1B
GO_Biological_Process_2021,regulation of BMP signaling pathway (GO:0030510),3/76,0.0915324990977835,0.2070296621015957,0,0,2.904208140337045,6.944139367296797,GREM1;BMP2;BMPER
GO_Biological_Process_2021,actomyosin structure organization (GO:0031032),3/76,0.0915324990977835,0.2070296621015957,0,0,2.904208140337045,6.944139367296797,FRMD6;ANKRD1;MYPN
GO_Biological_Process_2021,regulation of non-membrane spanning protein tyrosine kinase activity (GO:1903995),1/7,0.0943135127351713,0.2070296621015957,0,0,11.73392857142857,27.70534020700134,FYN
GO_Biological_Process_2021,T-helper 17 cell differentiation (GO:0072539),1/7,0.0943135127351713,0.2070296621015957,0,0,11.73392857142857,27.70534020700134,IL6
GO_Biological_Process_2021,cytoskeleton organization (GO:0007010),4/120,0.0891359652768211,0.2070296621015957,0,0,2.4403087265031744,5.899671770466117,TNFAIP3;NEDD9;CCL2;RND3
GO_Biological_Process_2021,interleukin-18-mediated signaling pathway (GO:0035655),1/7,0.0943135127351713,0.2070296621015957,0,0,11.73392857142857,27.70534020700134,PDGFB
GO_Biological_Process_2021,response to host defenses (GO:0052200),1/7,0.0943135127351713,0.2070296621015957,0,0,11.73392857142857,27.70534020700134,TLR2
GO_Biological_Process_2021,glutathione catabolic process (GO:0006751),1/7,0.0943135127351713,0.2070296621015957,0,0,11.73392857142857,27.70534020700134,CHAC1
GO_Biological_Process_2021,negative regulation of low-density lipoprotein receptor activity (GO:1905598),1/7,0.0943135127351713,0.2070296621015957,0,0,11.73392857142857,27.70534020700134,ITGB3
GO_Biological_Process_2021,negative regulation of interferon-gamma-mediated signaling pathway (GO:0060336),1/7,0.0943135127351713,0.2070296621015957,0,0,11.73392857142857,27.70534020700134,PARP14
GO_Biological_Process_2021,negative regulation of cardiocyte differentiation (GO:1905208),1/7,0.0943135127351713,0.2070296621015957,0,0,11.73392857142857,27.70534020700134,BMP2
GO_Biological_Process_2021,negative regulation of acute inflammatory response (GO:0002674),1/7,0.0943135127351713,0.2070296621015957,0,0,11.73392857142857,27.70534020700134,NLRP3
GO_Biological_Process_2021,modulation by symbiont of host defense response (GO:0052031),1/7,0.0943135127351713,0.2070296621015957,0,0,11.73392857142857,27.70534020700134,TLR2
GO_Biological_Process_2021,vascular wound healing (GO:0061042),1/7,0.0943135127351713,0.2070296621015957,0,0,11.73392857142857,27.70534020700134,VEGFA
GO_Biological_Process_2021,vascular associated smooth muscle cell development (GO:0097084),1/7,0.0943135127351713,0.2070296621015957,0,0,11.73392857142857,27.70534020700134,VEGFA
GO_Biological_Process_2021,macrophage activation (GO:0042116),2/36,0.0907485495722279,0.2070296621015957,0,0,4.150326797385621,9.959384776382016,TNF;CX3CL1
GO_Biological_Process_2021,positive regulation of chemokine (C-X-C motif) ligand 2 production (GO:2000343),1/7,0.0943135127351713,0.2070296621015957,0,0,11.73392857142857,27.70534020700134,TNF
GO_Biological_Process_2021,polyamine biosynthetic process (GO:0006596),1/7,0.0943135127351713,0.2070296621015957,0,0,11.73392857142857,27.70534020700134,SAT1
GO_Biological_Process_2021,platelet dense granule organization (GO:0060155),1/7,0.0943135127351713,0.2070296621015957,0,0,11.73392857142857,27.70534020700134,ABCA1
GO_Biological_Process_2021,negative regulation of T cell apoptotic process (GO:0070233),1/7,0.0943135127351713,0.2070296621015957,0,0,11.73392857142857,27.70534020700134,CCL5
GO_Biological_Process_2021,negative regulation of steroid metabolic process (GO:0045939),1/7,0.0943135127351713,0.2070296621015957,0,0,11.73392857142857,27.70534020700134,BMP2
GO_Biological_Process_2021,negative regulation of response to interferon-gamma (GO:0060331),1/7,0.0943135127351713,0.2070296621015957,0,0,11.73392857142857,27.70534020700134,PARP14
GO_Biological_Process_2021,negative regulation of p38MAPK cascade (GO:1903753),1/7,0.0943135127351713,0.2070296621015957,0,0,11.73392857142857,27.70534020700134,DUSP1
GO_Biological_Process_2021,negative regulation of lymphocyte differentiation (GO:0045620),1/7,0.0943135127351713,0.2070296621015957,0,0,11.73392857142857,27.70534020700134,INHBA
GO_Biological_Process_2021,positive regulation of T cell mediated immunity (GO:0002711),2/36,0.0907485495722279,0.2070296621015957,0,0,4.150326797385621,9.959384776382016,IL23A;IL1B
GO_Biological_Process_2021,positive regulation of cytokine-mediated signaling pathway (GO:0001961),2/36,0.0907485495722279,0.2070296621015957,0,0,4.150326797385621,9.959384776382016,PARP14;PARP9
GO_Biological_Process_2021,negative regulation of fat cell differentiation (GO:0045599),2/36,0.0907485495722279,0.2070296621015957,0,0,4.150326797385621,9.959384776382016,IL6;TNF
GO_Biological_Process_2021,membrane fusion (GO:0061025),2/36,0.0907485495722279,0.2070296621015957,0,0,4.150326797385621,9.959384776382016,MX2;MX1
GO_Biological_Process_2021,regulation of protein autophosphorylation (GO:0031952),2/37,0.0950775328587056,0.2081210728618999,0,0,4.031541218637993,9.48646880099538,PDGFB;VEGFA
GO_Biological_Process_2021,regulation of microtubule cytoskeleton organization (GO:0070507),2/37,0.0950775328587056,0.2081210728618999,0,0,4.031541218637993,9.48646880099538,TRIM36;PHLDB2
GO_Biological_Process_2021,regulation of glucose import (GO:0046324),2/37,0.0950775328587056,0.2081210728618999,0,0,4.031541218637993,9.48646880099538,FGF19;GRB10
GO_Biological_Process_2021,negative regulation of apoptotic signaling pathway (GO:2001234),3/78,0.0971074742597487,0.2123658782876748,0,0,2.826474820143885,6.591161019835778,TNF;MMP9;CX3CL1
GO_Biological_Process_2021,positive regulation of secondary metabolite biosynthetic process (GO:1900378),1/8,0.107042842002653,0.2161175584868059,0,0,10.057142857142855,22.4729485286268,ZEB2
GO_Biological_Process_2021,positive regulation of protein localization to endosome (GO:1905668),1/8,0.107042842002653,0.2161175584868059,0,0,10.057142857142855,22.4729485286268,DTX3L
GO_Biological_Process_2021,positive regulation of protein localization to early endosome (GO:1902966),1/8,0.107042842002653,0.2161175584868059,0,0,10.057142857142855,22.4729485286268,DTX3L
GO_Biological_Process_2021,progesterone receptor signaling pathway (GO:0050847),1/8,0.107042842002653,0.2161175584868059,0,0,10.057142857142855,22.4729485286268,NEDD4
GO_Biological_Process_2021,positive regulation of vascular associated smooth muscle cell migration (GO:1904754),1/8,0.107042842002653,0.2161175584868059,0,0,10.057142857142855,22.4729485286268,PDGFB
GO_Biological_Process_2021,negative regulation of microglial cell activation (GO:1903979),1/8,0.107042842002653,0.2161175584868059,0,0,10.057142857142855,22.4729485286268,CX3CL1
GO_Biological_Process_2021,negative regulation of glucose import (GO:0046325),1/8,0.107042842002653,0.2161175584868059,0,0,10.057142857142855,22.4729485286268,GRB10
GO_Biological_Process_2021,negative regulation of glial cell apoptotic process (GO:0034351),1/8,0.107042842002653,0.2161175584868059,0,0,10.057142857142855,22.4729485286268,CCL2
GO_Biological_Process_2021,"negative regulation of CD4-positive, alpha-beta T cell proliferation (GO:2000562)",1/8,0.107042842002653,0.2161175584868059,0,0,10.057142857142855,22.4729485286268,CD274
GO_Biological_Process_2021,myeloid leukocyte mediated immunity (GO:0002444),1/8,0.107042842002653,0.2161175584868059,0,0,10.057142857142855,22.4729485286268,IL6
GO_Biological_Process_2021,"wound healing, spreading of epidermal cells (GO:0035313)",1/8,0.107042842002653,0.2161175584868059,0,0,10.057142857142855,22.4729485286268,COL5A1
GO_Biological_Process_2021,positive regulation of steroid biosynthetic process (GO:0010893),1/8,0.107042842002653,0.2161175584868059,0,0,10.057142857142855,22.4729485286268,TNF
GO_Biological_Process_2021,self proteolysis (GO:0097264),1/8,0.107042842002653,0.2161175584868059,0,0,10.057142857142855,22.4729485286268,NLRP1
GO_Biological_Process_2021,positive regulation of cell migration by vascular endothelial growth factor signaling pathway (GO:0038089),1/8,0.107042842002653,0.2161175584868059,0,0,10.057142857142855,22.4729485286268,VEGFA
GO_Biological_Process_2021,positive regulation of astrocyte differentiation (GO:0048711),1/8,0.107042842002653,0.2161175584868059,0,0,10.057142857142855,22.4729485286268,BMP2
GO_Biological_Process_2021,platelet activating factor metabolic process (GO:0046469),1/8,0.107042842002653,0.2161175584868059,0,0,10.057142857142855,22.4729485286268,PLA2G4C
GO_Biological_Process_2021,negative regulation of vascular associated smooth muscle cell differentiation (GO:1905064),1/8,0.107042842002653,0.2161175584868059,0,0,10.057142857142855,22.4729485286268,PDGFB
GO_Biological_Process_2021,regulation of ion transmembrane transporter activity (GO:0032412),2/39,0.1039072314490709,0.2161175584868059,0,0,3.813232587426136,8.634137752043243,NEDD4;ANK2
GO_Biological_Process_2021,interleukin-21-mediated signaling pathway (GO:0038114),1/8,0.107042842002653,0.2161175584868059,0,0,10.057142857142855,22.4729485286268,STAT1
GO_Biological_Process_2021,integrin activation (GO:0033622),1/8,0.107042842002653,0.2161175584868059,0,0,10.057142857142855,22.4729485286268,CX3CL1
GO_Biological_Process_2021,positive regulation of muscle contraction (GO:0045933),1/8,0.107042842002653,0.2161175584868059,0,0,10.057142857142855,22.4729485286268,MYOCD
GO_Biological_Process_2021,positive regulation of membrane invagination (GO:1905155),1/8,0.107042842002653,0.2161175584868059,0,0,10.057142857142855,22.4729485286268,C3
GO_Biological_Process_2021,positive regulation of melanin biosynthetic process (GO:0048023),1/8,0.107042842002653,0.2161175584868059,0,0,10.057142857142855,22.4729485286268,ZEB2
GO_Biological_Process_2021,regulation of acyl-CoA biosynthetic process (GO:0050812),1/8,0.107042842002653,0.2161175584868059,0,0,10.057142857142855,22.4729485286268,PDP1
GO_Biological_Process_2021,regulation of fat cell differentiation (GO:0045598),3/80,0.1028169995388835,0.2161175584868059,0,0,2.752779594506213,6.262035614085304,BMP2;IL6;TNF
GO_Biological_Process_2021,lymphocyte proliferation (GO:0046651),2/38,0.0994645840747439,0.2161175584868059,0,0,3.9193548387096775,9.045689255188131,TNFSF14;RASGRP1
GO_Biological_Process_2021,regulation of phosphoprotein phosphatase activity (GO:0043666),2/38,0.0994645840747439,0.2161175584868059,0,0,3.9193548387096775,9.045689255188131,PPP1R15A;PPP4R4
GO_Biological_Process_2021,regulation of cell communication (GO:0010646),2/38,0.0994645840747439,0.2161175584868059,0,0,3.9193548387096775,9.045689255188131,SCG5;ANK2
GO_Biological_Process_2021,endosomal vesicle fusion (GO:0034058),1/8,0.107042842002653,0.2161175584868059,0,0,10.057142857142855,22.4729485286268,SAMD9
GO_Biological_Process_2021,regulation of receptor-mediated endocytosis (GO:0048259),2/39,0.1039072314490709,0.2161175584868059,0,0,3.813232587426136,8.634137752043243,C3;SERPINE1
GO_Biological_Process_2021,regulation of protein tyrosine kinase activity (GO:0061097),2/39,0.1039072314490709,0.2161175584868059,0,0,3.813232587426136,8.634137752043243,PDGFB;NEDD9
GO_Biological_Process_2021,regulation of ion transport (GO:0043269),3/79,0.0999456950796504,0.2161175584868059,0,0,2.789142370314275,6.423752697077755,ITGB3;NEDD4;STC1
GO_Biological_Process_2021,synaptic vesicle endocytosis (GO:0048488),2/38,0.0994645840747439,0.2161175584868059,0,0,3.9193548387096775,9.045689255188131,MX2;MX1
GO_Biological_Process_2021,regulation of alpha-beta T cell differentiation (GO:0046637),1/8,0.107042842002653,0.2161175584868059,0,0,10.057142857142855,22.4729485286268,PRDM1
GO_Biological_Process_2021,negative regulation of sodium ion transport (GO:0010766),1/8,0.107042842002653,0.2161175584868059,0,0,10.057142857142855,22.4729485286268,NEDD4
GO_Biological_Process_2021,skin development (GO:0043588),3/80,0.1028169995388835,0.2161175584868059,0,0,2.752779594506213,6.262035614085304,COL5A1;TXNIP;EREG
GO_Biological_Process_2021,regulation of pattern recognition receptor signaling pathway (GO:0062207),1/8,0.107042842002653,0.2161175584868059,0,0,10.057142857142855,22.4729485286268,BIRC3
GO_Biological_Process_2021,regulation of intracellular transport (GO:0032386),2/39,0.1039072314490709,0.2161175584868059,0,0,3.813232587426136,8.634137752043243,MAP2;MX2
GO_Biological_Process_2021,regulation of dendrite development (GO:0050773),2/39,0.1039072314490709,0.2161175584868059,0,0,3.813232587426136,8.634137752043243,NEDD4;VLDLR
GO_Biological_Process_2021,negative regulation of cellular component organization (GO:0051129),3/80,0.1028169995388835,0.2161175584868059,0,0,2.752779594506213,6.262035614085304,FAP;TNF;VEGFA
GO_Biological_Process_2021,sulfur amino acid biosynthetic process (GO:0000097),1/8,0.107042842002653,0.2161175584868059,0,0,10.057142857142855,22.4729485286268,CBS
GO_Biological_Process_2021,leukocyte aggregation (GO:0070486),1/8,0.107042842002653,0.2161175584868059,0,0,10.057142857142855,22.4729485286268,IL1B
GO_Biological_Process_2021,spermidine metabolic process (GO:0008216),1/8,0.107042842002653,0.2161175584868059,0,0,10.057142857142855,22.4729485286268,SAT1
GO_Biological_Process_2021,lens fiber cell differentiation (GO:0070306),1/8,0.107042842002653,0.2161175584868059,0,0,10.057142857142855,22.4729485286268,MAF
GO_Biological_Process_2021,somatic hypermutation of immunoglobulin genes (GO:0016446),1/8,0.107042842002653,0.2161175584868059,0,0,10.057142857142855,22.4729485286268,SAMHD1
GO_Biological_Process_2021,regulation of acetyl-CoA biosynthetic process from pyruvate (GO:0010510),1/8,0.107042842002653,0.2161175584868059,0,0,10.057142857142855,22.4729485286268,PDP1
GO_Biological_Process_2021,positive regulation of homotypic cell-cell adhesion (GO:0034112),1/8,0.107042842002653,0.2161175584868059,0,0,10.057142857142855,22.4729485286268,CCL5
GO_Biological_Process_2021,regulation of nitrogen compound metabolic process (GO:0051171),1/8,0.107042842002653,0.2161175584868059,0,0,10.057142857142855,22.4729485286268,TNF
GO_Biological_Process_2021,regulation of myeloid leukocyte differentiation (GO:0002761),1/8,0.107042842002653,0.2161175584868059,0,0,10.057142857142855,22.4729485286268,IRF7
GO_Biological_Process_2021,regulation of MyD88-independent toll-like receptor signaling pathway (GO:0034127),1/8,0.107042842002653,0.2161175584868059,0,0,10.057142857142855,22.4729485286268,IRF7
GO_Biological_Process_2021,dendritic spine maintenance (GO:0097062),1/8,0.107042842002653,0.2161175584868059,0,0,10.057142857142855,22.4729485286268,FYN
GO_Biological_Process_2021,regulation of microvillus organization (GO:0032530),1/8,0.107042842002653,0.2161175584868059,0,0,10.057142857142855,22.4729485286268,PODXL
GO_Biological_Process_2021,aspartate family amino acid biosynthetic process (GO:0009067),1/8,0.107042842002653,0.2161175584868059,0,0,10.057142857142855,22.4729485286268,ASNS
GO_Biological_Process_2021,regulation of alpha-beta T cell proliferation (GO:0046640),1/8,0.107042842002653,0.2161175584868059,0,0,10.057142857142855,22.4729485286268,IRF1
GO_Biological_Process_2021,coronary vasculature morphogenesis (GO:0060977),1/8,0.107042842002653,0.2161175584868059,0,0,10.057142857142855,22.4729485286268,VEGFA
GO_Biological_Process_2021,cytoplasmic sequestering of NF-kappaB (GO:0007253),1/8,0.107042842002653,0.2161175584868059,0,0,10.057142857142855,22.4729485286268,NFKBIA
GO_Biological_Process_2021,cysteine metabolic process (GO:0006534),1/8,0.107042842002653,0.2161175584868059,0,0,10.057142857142855,22.4729485286268,CBS
GO_Biological_Process_2021,"regulation of wound healing, spreading of epidermal cells (GO:1903689)",1/8,0.107042842002653,0.2161175584868059,0,0,10.057142857142855,22.4729485286268,PHLDB2
GO_Biological_Process_2021,cardiac atrium development (GO:0003230),1/8,0.107042842002653,0.2161175584868059,0,0,10.057142857142855,22.4729485286268,ANK2
GO_Biological_Process_2021,actin filament reorganization (GO:0090527),1/8,0.107042842002653,0.2161175584868059,0,0,10.057142857142855,22.4729485286268,NEDD9
GO_Biological_Process_2021,positive regulation of cellular amide metabolic process (GO:0034250),3/81,0.1057208284091775,0.2161175584868059,0,0,2.717349197565025,6.105756891820139,IL6;SAMD4A;TNF
GO_Biological_Process_2021,negative regulation of cellular metabolic process (GO:0031324),2/39,0.1039072314490709,0.2161175584868059,0,0,3.813232587426136,8.634137752043243,ITGB3;PTX3
GO_Biological_Process_2021,regulation of positive chemotaxis (GO:0050926),1/8,0.107042842002653,0.2161175584868059,0,0,10.057142857142855,22.4729485286268,VEGFA
GO_Biological_Process_2021,regulation of toll-like receptor 3 signaling pathway (GO:0034139),1/8,0.107042842002653,0.2161175584868059,0,0,10.057142857142855,22.4729485286268,TNFAIP3
GO_Biological_Process_2021,regulation of T-helper 2 cell differentiation (GO:0045628),1/8,0.107042842002653,0.2161175584868059,0,0,10.057142857142855,22.4729485286268,NLRP3
GO_Biological_Process_2021,forebrain neuron differentiation (GO:0021879),1/8,0.107042842002653,0.2161175584868059,0,0,10.057142857142855,22.4729485286268,INHBA
GO_Biological_Process_2021,regulation of response to wounding (GO:1903034),1/8,0.107042842002653,0.2161175584868059,0,0,10.057142857142855,22.4729485286268,PLAU
GO_Biological_Process_2021,regulation of protein localization to early endosome (GO:1902965),1/8,0.107042842002653,0.2161175584868059,0,0,10.057142857142855,22.4729485286268,DTX3L
GO_Biological_Process_2021,cell migration involved in heart development (GO:0060973),1/8,0.107042842002653,0.2161175584868059,0,0,10.057142857142855,22.4729485286268,SNAI2
GO_Biological_Process_2021,regulation of chemokine (C-C motif) ligand 5 production (GO:0071649),1/8,0.107042842002653,0.2161175584868059,0,0,10.057142857142855,22.4729485286268,OAS3
GO_Biological_Process_2021,regulation of extent of cell growth (GO:0061387),1/8,0.107042842002653,0.2161175584868059,0,0,10.057142857142855,22.4729485286268,NRCAM
GO_Biological_Process_2021,positive regulation of glial cell migration (GO:1903977),1/8,0.107042842002653,0.2161175584868059,0,0,10.057142857142855,22.4729485286268,CX3CL1
GO_Biological_Process_2021,venous blood vessel development (GO:0060841),1/8,0.107042842002653,0.2161175584868059,0,0,10.057142857142855,22.4729485286268,CCBE1
GO_Biological_Process_2021,T-helper cell lineage commitment (GO:0002295),1/8,0.107042842002653,0.2161175584868059,0,0,10.057142857142855,22.4729485286268,IL6
GO_Biological_Process_2021,positive regulation of dendritic cell cytokine production (GO:0002732),1/8,0.107042842002653,0.2161175584868059,0,0,10.057142857142855,22.4729485286268,DDX58
GO_Biological_Process_2021,regulation of Cdc42 protein signal transduction (GO:0032489),1/8,0.107042842002653,0.2161175584868059,0,0,10.057142857142855,22.4729485286268,ABCA1
GO_Biological_Process_2021,"regulation of CD8-positive, alpha-beta T cell proliferation (GO:2000564)",1/8,0.107042842002653,0.2161175584868059,0,0,10.057142857142855,22.4729485286268,IRF1
GO_Biological_Process_2021,benzene-containing compound metabolic process (GO:0042537),1/8,0.107042842002653,0.2161175584868059,0,0,10.057142857142855,22.4729485286268,KMO
GO_Biological_Process_2021,atrial cardiac muscle cell to AV node cell signaling (GO:0086026),1/8,0.107042842002653,0.2161175584868059,0,0,10.057142857142855,22.4729485286268,ANK2
GO_Biological_Process_2021,regulation of anion transport (GO:0044070),1/8,0.107042842002653,0.2161175584868059,0,0,10.057142857142855,22.4729485286268,STC1
GO_Biological_Process_2021,negative regulation of osteoblast proliferation (GO:0033689),1/8,0.107042842002653,0.2161175584868059,0,0,10.057142857142855,22.4729485286268,GREM1
GO_Biological_Process_2021,negative regulation of muscle cell differentiation (GO:0051148),1/8,0.107042842002653,0.2161175584868059,0,0,10.057142857142855,22.4729485286268,EREG
GO_Biological_Process_2021,positive regulation of oligodendrocyte differentiation (GO:0048714),1/8,0.107042842002653,0.2161175584868059,0,0,10.057142857142855,22.4729485286268,TNFRSF1B
GO_Biological_Process_2021,commissural neuron axon guidance (GO:0071679),1/8,0.107042842002653,0.2161175584868059,0,0,10.057142857142855,22.4729485286268,VEGFA
GO_Biological_Process_2021,regulation of lymphocyte apoptotic process (GO:0070228),1/8,0.107042842002653,0.2161175584868059,0,0,10.057142857142855,22.4729485286268,CD274
GO_Biological_Process_2021,cellular response to interleukin-21 (GO:0098757),1/8,0.107042842002653,0.2161175584868059,0,0,10.057142857142855,22.4729485286268,STAT1
GO_Biological_Process_2021,regulation of dendritic spine maintenance (GO:1902950),1/8,0.107042842002653,0.2161175584868059,0,0,10.057142857142855,22.4729485286268,FYN
GO_Biological_Process_2021,positive regulation of extracellular matrix disassembly (GO:0090091),1/8,0.107042842002653,0.2161175584868059,0,0,10.057142857142855,22.4729485286268,IL6
GO_Biological_Process_2021,positive regulation of execution phase of apoptosis (GO:1900119),1/8,0.107042842002653,0.2161175584868059,0,0,10.057142857142855,22.4729485286268,FAP
GO_Biological_Process_2021,negative regulation of ERBB signaling pathway (GO:1901185),2/40,0.1084030606711706,0.2179236786688482,0,0,3.712695717789096,8.24923473707844,EREG;HBEGF
GO_Biological_Process_2021,negative regulation of cell-substrate adhesion (GO:0010812),2/40,0.1084030606711706,0.2179236786688482,0,0,3.712695717789096,8.24923473707844,GBP1;CX3CL1
GO_Biological_Process_2021,bone development (GO:0060348),2/40,0.1084030606711706,0.2179236786688482,0,0,3.712695717789096,8.24923473707844,MMP13;STC1
GO_Biological_Process_2021,regulation of nitric oxide biosynthetic process (GO:0045428),2/40,0.1084030606711706,0.2179236786688482,0,0,3.712695717789096,8.24923473707844,IL1B;TNF
GO_Biological_Process_2021,positive regulation of double-strand break repair (GO:2000781),2/40,0.1084030606711706,0.2179236786688482,0,0,3.712695717789096,8.24923473707844,DTX3L;PARP9
GO_Biological_Process_2021,positive regulation of protein ubiquitination (GO:0031398),3/82,0.1086566186720849,0.2182459121825569,0,0,2.682815772698297,5.954677704065596,ARRDC4;ARRDC3;BIRC3
GO_Biological_Process_2021,regulated exocytosis (GO:0045055),5/180,0.1103982515210569,0.2215539524522068,0,0,2.023188405797101,4.458421350983854,SERPINA3;ITGB3;SERPINE1;PDGFB;VEGFA
GO_Biological_Process_2021,long-chain fatty acid metabolic process (GO:0001676),3/83,0.1116238039274411,0.2238215091604218,0,0,2.6491456834532374,5.808572338224689,PLA2G4C;CYP1A1;CYP1B1
GO_Biological_Process_2021,positive regulation of biomineral tissue development (GO:0070169),2/41,0.1129497139566437,0.2257065163608424,0,0,3.617314585056521,7.888685111486984,BMP2;AMTN
GO_Biological_Process_2021,keratinocyte differentiation (GO:0030216),2/41,0.1129497139566437,0.2257065163608424,0,0,3.617314585056521,7.888685111486984,TXNIP;EREG
GO_Biological_Process_2021,cortical cytoskeleton organization (GO:0030865),2/41,0.1129497139566437,0.2257065163608424,0,0,3.617314585056521,7.888685111486984,RND3;TNF
GO_Biological_Process_2021,regulation of cell development (GO:0060284),2/41,0.1129497139566437,0.2257065163608424,0,0,3.617314585056521,7.888685111486984,IL1B;CX3CL1
GO_Biological_Process_2021,epithelial to mesenchymal transition involved in endocardial cushion formation (GO:0003198),1/9,0.1195938906059258,0.2284487379737686,0,0,8.799553571428572,18.68720292220568,SNAI2
GO_Biological_Process_2021,kynurenine metabolic process (GO:0070189),1/9,0.1195938906059258,0.2284487379737686,0,0,8.799553571428572,18.68720292220568,KMO
GO_Biological_Process_2021,L-fucose catabolic process (GO:0042355),1/9,0.1195938906059258,0.2284487379737686,0,0,8.799553571428572,18.68720292220568,FUT1
GO_Biological_Process_2021,endothelial cell chemotaxis (GO:0035767),1/9,0.1195938906059258,0.2284487379737686,0,0,8.799553571428572,18.68720292220568,VEGFA
GO_Biological_Process_2021,collagen-activated signaling pathway (GO:0038065),1/9,0.1195938906059258,0.2284487379737686,0,0,8.799553571428572,18.68720292220568,ITGA2
GO_Biological_Process_2021,regulation of nephron tubule epithelial cell differentiation (GO:0072182),1/9,0.1195938906059258,0.2284487379737686,0,0,8.799553571428572,18.68720292220568,LIF
GO_Biological_Process_2021,positive regulation of smooth muscle cell apoptotic process (GO:0034393),1/9,0.1195938906059258,0.2284487379737686,0,0,8.799553571428572,18.68720292220568,SOD2
GO_Biological_Process_2021,positive regulation of smooth muscle contraction (GO:0045987),1/9,0.1195938906059258,0.2284487379737686,0,0,8.799553571428572,18.68720292220568,MYOCD
GO_Biological_Process_2021,neuronal ion channel clustering (GO:0045161),1/9,0.1195938906059258,0.2284487379737686,0,0,8.799553571428572,18.68720292220568,NRCAM
GO_Biological_Process_2021,nucleoside diphosphate phosphorylation (GO:0006165),1/9,0.1195938906059258,0.2284487379737686,0,0,8.799553571428572,18.68720292220568,CMPK2
GO_Biological_Process_2021,regulation of epidermis development (GO:0045682),1/9,0.1195938906059258,0.2284487379737686,0,0,8.799553571428572,18.68720292220568,MAFF
GO_Biological_Process_2021,regulation of gap junction assembly (GO:1903596),1/9,0.1195938906059258,0.2284487379737686,0,0,8.799553571428572,18.68720292220568,IL1B
GO_Biological_Process_2021,organic cyclic compound catabolic process (GO:1901361),1/9,0.1195938906059258,0.2284487379737686,0,0,8.799553571428572,18.68720292220568,HSD11B1
GO_Biological_Process_2021,pericardium development (GO:0060039),1/9,0.1195938906059258,0.2284487379737686,0,0,8.799553571428572,18.68720292220568,BMP2
GO_Biological_Process_2021,positive regulation of blood vessel endothelial cell proliferation involved in sprouting angiogenesis (GO:1903589),1/9,0.1195938906059258,0.2284487379737686,0,0,8.799553571428572,18.68720292220568,VEGFA
GO_Biological_Process_2021,positive regulation of extracellular matrix assembly (GO:1901203),1/9,0.1195938906059258,0.2284487379737686,0,0,8.799553571428572,18.68720292220568,PHLDB2
GO_Biological_Process_2021,negative regulation of alpha-beta T cell activation (GO:0046636),1/9,0.1195938906059258,0.2284487379737686,0,0,8.799553571428572,18.68720292220568,CD274
GO_Biological_Process_2021,negative regulation of fibrinolysis (GO:0051918),1/9,0.1195938906059258,0.2284487379737686,0,0,8.799553571428572,18.68720292220568,SERPINE1
GO_Biological_Process_2021,negative regulation of pathway-restricted SMAD protein phosphorylation (GO:0060394),1/9,0.1195938906059258,0.2284487379737686,0,0,8.799553571428572,18.68720292220568,GREM1
GO_Biological_Process_2021,negative regulation of platelet aggregation (GO:0090331),1/9,0.1195938906059258,0.2284487379737686,0,0,8.799553571428572,18.68720292220568,C1QTNF1
GO_Biological_Process_2021,negative regulation of protein-containing complex disassembly (GO:0043242),1/9,0.1195938906059258,0.2284487379737686,0,0,8.799553571428572,18.68720292220568,TNF
GO_Biological_Process_2021,negative regulation of production of molecular mediator of immune response (GO:0002701),1/9,0.1195938906059258,0.2284487379737686,0,0,8.799553571428572,18.68720292220568,TNF
GO_Biological_Process_2021,IMP metabolic process (GO:0046040),1/9,0.1195938906059258,0.2284487379737686,0,0,8.799553571428572,18.68720292220568,AMPD3
GO_Biological_Process_2021,interleukin-23-mediated signaling pathway (GO:0038155),1/9,0.1195938906059258,0.2284487379737686,0,0,8.799553571428572,18.68720292220568,IL23A
GO_Biological_Process_2021,regulation of tumor necrosis factor superfamily cytokine production (GO:1903555),1/9,0.1195938906059258,0.2284487379737686,0,0,8.799553571428572,18.68720292220568,CD274
GO_Biological_Process_2021,nucleoside triphosphate biosynthetic process (GO:0009142),1/9,0.1195938906059258,0.2284487379737686,0,0,8.799553571428572,18.68720292220568,CMPK2
GO_Biological_Process_2021,nucleotide phosphorylation (GO:0046939),1/9,0.1195938906059258,0.2284487379737686,0,0,8.799553571428572,18.68720292220568,CMPK2
GO_Biological_Process_2021,fucose catabolic process (GO:0019317),1/9,0.1195938906059258,0.2284487379737686,0,0,8.799553571428572,18.68720292220568,FUT1
GO_Biological_Process_2021,basement membrane assembly (GO:0070831),1/9,0.1195938906059258,0.2284487379737686,0,0,8.799553571428572,18.68720292220568,PXDN
GO_Biological_Process_2021,regulation of skeletal muscle cell differentiation (GO:2001014),1/9,0.1195938906059258,0.2284487379737686,0,0,8.799553571428572,18.68720292220568,MYOCD
GO_Biological_Process_2021,regulation of cell adhesion molecule production (GO:0060353),1/9,0.1195938906059258,0.2284487379737686,0,0,8.799553571428572,18.68720292220568,IL1B
GO_Biological_Process_2021,regulation of cellular extravasation (GO:0002691),1/9,0.1195938906059258,0.2284487379737686,0,0,8.799553571428572,18.68720292220568,ICAM1
GO_Biological_Process_2021,adenosine metabolic process (GO:0046085),1/9,0.1195938906059258,0.2284487379737686,0,0,8.799553571428572,18.68720292220568,XDH
GO_Biological_Process_2021,positive regulation of macrophage cytokine production (GO:0060907),1/9,0.1195938906059258,0.2284487379737686,0,0,8.799553571428572,18.68720292220568,SEMA7A
GO_Biological_Process_2021,positive regulation of memory T cell differentiation (GO:0043382),1/9,0.1195938906059258,0.2284487379737686,0,0,8.799553571428572,18.68720292220568,IL23A
GO_Biological_Process_2021,positive regulation of NLRP3 inflammasome complex assembly (GO:1900227),1/9,0.1195938906059258,0.2284487379737686,0,0,8.799553571428572,18.68720292220568,GBP5
GO_Biological_Process_2021,"positive regulation of phagocytosis, engulfment (GO:0060100)",1/9,0.1195938906059258,0.2284487379737686,0,0,8.799553571428572,18.68720292220568,C3
GO_Biological_Process_2021,negative regulation of lipase activity (GO:0060192),1/9,0.1195938906059258,0.2284487379737686,0,0,8.799553571428572,18.68720292220568,ANGPTL4
GO_Biological_Process_2021,negative regulation of necroptotic process (GO:0060546),1/9,0.1195938906059258,0.2284487379737686,0,0,8.799553571428572,18.68720292220568,BIRC3
GO_Biological_Process_2021,L-fucose metabolic process (GO:0042354),1/9,0.1195938906059258,0.2284487379737686,0,0,8.799553571428572,18.68720292220568,FUT1
GO_Biological_Process_2021,lipoprotein metabolic process (GO:0042157),1/9,0.1195938906059258,0.2284487379737686,0,0,8.799553571428572,18.68720292220568,OLR1
GO_Biological_Process_2021,tetrahydrofolate interconversion (GO:0035999),1/9,0.1195938906059258,0.2284487379737686,0,0,8.799553571428572,18.68720292220568,MTHFD2
GO_Biological_Process_2021,DNA cytosine deamination (GO:0070383),1/9,0.1195938906059258,0.2284487379737686,0,0,8.799553571428572,18.68720292220568,APOBEC3G
GO_Biological_Process_2021,regulation of PERK-mediated unfolded protein response (GO:1903897),1/9,0.1195938906059258,0.2284487379737686,0,0,8.799553571428572,18.68720292220568,PPP1R15A
GO_Biological_Process_2021,regulation of T-helper 1 type immune response (GO:0002825),1/9,0.1195938906059258,0.2284487379737686,0,0,8.799553571428572,18.68720292220568,IL23A
GO_Biological_Process_2021,regulation of interleukin-23 production (GO:0032667),1/9,0.1195938906059258,0.2284487379737686,0,0,8.799553571428572,18.68720292220568,CSF2
GO_Biological_Process_2021,regulation of lipid transport (GO:0032368),1/9,0.1195938906059258,0.2284487379737686,0,0,8.799553571428572,18.68720292220568,ITGB3
GO_Biological_Process_2021,regulation of leukocyte mediated cytotoxicity (GO:0001910),1/9,0.1195938906059258,0.2284487379737686,0,0,8.799553571428572,18.68720292220568,ICAM1
GO_Biological_Process_2021,positive regulation of protein kinase A signaling (GO:0010739),1/9,0.1195938906059258,0.2284487379737686,0,0,8.799553571428572,18.68720292220568,ADRB2
GO_Biological_Process_2021,positive regulation of protein kinase C signaling (GO:0090037),1/9,0.1195938906059258,0.2284487379737686,0,0,8.799553571428572,18.68720292220568,VEGFA
GO_Biological_Process_2021,regulation of complement-dependent cytotoxicity (GO:1903659),1/9,0.1195938906059258,0.2284487379737686,0,0,8.799553571428572,18.68720292220568,IL11
GO_Biological_Process_2021,regulation of endothelial cell differentiation (GO:0045601),1/9,0.1195938906059258,0.2284487379737686,0,0,8.799553571428572,18.68720292220568,XDH
GO_Biological_Process_2021,regulation of helicase activity (GO:0051095),1/9,0.1195938906059258,0.2284487379737686,0,0,8.799553571428572,18.68720292220568,IFIT1
GO_Biological_Process_2021,sensory organ morphogenesis (GO:0090596),1/9,0.1195938906059258,0.2284487379737686,0,0,8.799553571428572,18.68720292220568,COL5A1
GO_Biological_Process_2021,glucose homeostasis (GO:0042593),3/86,0.1207080226097053,0.2302011189133744,0,0,2.5530033804281875,5.398021038188076,IL6;OAS1;HK2
GO_Biological_Process_2021,regulation of neuron death (GO:1901214),3/86,0.1207080226097053,0.2302011189133744,0,0,2.5530033804281875,5.398021038188076,CCL5;FYN;TNFRSF1B
KEGG_2021_Human,"Glycine, serine and threonine metabolism",2/40,0.1084030606711706,0.2302274526635338,0,0,3.712695717789096,8.24923473707844,CBS;PIPOX
GO_Biological_Process_2021,positive regulation of T cell differentiation (GO:0045582),2/43,0.1221863368170455,0.2313236473720764,0,0,3.440510534137599,7.23266893582568,VNN1;IL23A
GO_Biological_Process_2021,regulation of cell-cell adhesion (GO:0022407),2/43,0.1221863368170455,0.2313236473720764,0,0,3.440510534137599,7.23266893582568,PODXL;B4GALNT2
GO_Biological_Process_2021,myofibril assembly (GO:0030239),2/43,0.1221863368170455,0.2313236473720764,0,0,3.440510534137599,7.23266893582568,ANKRD1;MYPN
GO_Biological_Process_2021,cellular response to glucose starvation (GO:0042149),2/43,0.1221863368170455,0.2313236473720764,0,0,3.440510534137599,7.23266893582568,IFI16;ASNS
GO_Biological_Process_2021,natural killer cell activation (GO:0030101),2/43,0.1221863368170455,0.2313236473720764,0,0,3.440510534137599,7.23266893582568,RASGRP1;ULBP1
GO_Biological_Process_2021,regulation of cell-substrate adhesion (GO:0010810),2/43,0.1221863368170455,0.2313236473720764,0,0,3.440510534137599,7.23266893582568,PDGFB;CX3CL1
GO_Biological_Process_2021,positive regulation of neuron differentiation (GO:0045666),2/43,0.1221863368170455,0.2313236473720764,0,0,3.440510534137599,7.23266893582568,BMP2;NRCAM
GO_Biological_Process_2021,positive regulation of leukocyte mediated cytotoxicity (GO:0001912),2/43,0.1221863368170455,0.2313236473720764,0,0,3.440510534137599,7.23266893582568,IL23A;RASGRP1
GO_Biological_Process_2021,negative regulation of proteolysis (GO:0045861),2/43,0.1221863368170455,0.2313236473720764,0,0,3.440510534137599,7.23266893582568,PLAT;CHAC1
GO_Biological_Process_2021,negative regulation of angiogenesis (GO:0016525),3/87,0.1237950690254229,0.2341798395468794,0,0,2.522482014388489,5.269787174355685,STAT1;SERPINE1;TNF
GO_Biological_Process_2021,negative regulation of inflammatory response to antigenic stimulus (GO:0002862),4/136,0.1251684056919376,0.2363955361736353,0,0,2.1427633738103053,4.452866287990679,IL6;ADM2;FYN;ADRB2
GO_Biological_Process_2021,cellular calcium ion homeostasis (GO:0006874),4/136,0.1251684056919376,0.2363955361736353,0,0,2.1427633738103053,4.452866287990679,STC2;CCL5;STC1;ANK2
GO_Biological_Process_2021,regulation of T-helper 17 cell differentiation (GO:2000319),1/10,0.1319691463669819,0.2371795718116266,0,0,7.821428571428571,15.839856429146606,NFKBIZ
GO_Biological_Process_2021,negative regulation of cell-cell adhesion mediated by cadherin (GO:2000048),1/10,0.1319691463669819,0.2371795718116266,0,0,7.821428571428571,15.839856429146606,VEGFA
GO_Biological_Process_2021,indolalkylamine catabolic process (GO:0046218),1/10,0.1319691463669819,0.2371795718116266,0,0,7.821428571428571,15.839856429146606,KMO
GO_Biological_Process_2021,I-kappaB phosphorylation (GO:0007252),1/10,0.1319691463669819,0.2371795718116266,0,0,7.821428571428571,15.839856429146606,TLR2
GO_Biological_Process_2021,histone H2B ubiquitination (GO:0033523),1/10,0.1319691463669819,0.2371795718116266,0,0,7.821428571428571,15.839856429146606,DTX3L
GO_Biological_Process_2021,response to laminar fluid shear stress (GO:0034616),1/10,0.1319691463669819,0.2371795718116266,0,0,7.821428571428571,15.839856429146606,ABCA1
GO_Biological_Process_2021,regulation of bile acid biosynthetic process (GO:0070857),1/10,0.1319691463669819,0.2371795718116266,0,0,7.821428571428571,15.839856429146606,FGF19
GO_Biological_Process_2021,regulation of axon guidance (GO:1902667),1/10,0.1319691463669819,0.2371795718116266,0,0,7.821428571428571,15.839856429146606,VEGFA
GO_Biological_Process_2021,amino sugar metabolic process (GO:0006040),1/10,0.1319691463669819,0.2371795718116266,0,0,7.821428571428571,15.839856429146606,B4GALNT2
GO_Biological_Process_2021,negative regulation of cholesterol storage (GO:0010887),1/10,0.1319691463669819,0.2371795718116266,0,0,7.821428571428571,15.839856429146606,ABCA1
GO_Biological_Process_2021,fructose 6-phosphate metabolic process (GO:0006002),1/10,0.1319691463669819,0.2371795718116266,0,0,7.821428571428571,15.839856429146606,HK2
GO_Biological_Process_2021,ether lipid biosynthetic process (GO:0008611),1/10,0.1319691463669819,0.2371795718116266,0,0,7.821428571428571,15.839856429146606,PLA2G4C
GO_Biological_Process_2021,regulation of receptor binding (GO:1900120),1/10,0.1319691463669819,0.2371795718116266,0,0,7.821428571428571,15.839856429146606,MMP9
GO_Biological_Process_2021,"regulation of phagocytosis, engulfment (GO:0060099)",1/10,0.1319691463669819,0.2371795718116266,0,0,7.821428571428571,15.839856429146606,C3
GO_Biological_Process_2021,regulation of histone phosphorylation (GO:0033127),1/10,0.1319691463669819,0.2371795718116266,0,0,7.821428571428571,15.839856429146606,IL1B
GO_Biological_Process_2021,regulation of epithelial cell apoptotic process (GO:1904035),1/10,0.1319691463669819,0.2371795718116266,0,0,7.821428571428571,15.839856429146606,TNF
GO_Biological_Process_2021,cell differentiation involved in metanephros development (GO:0072202),1/10,0.1319691463669819,0.2371795718116266,0,0,7.821428571428571,15.839856429146606,STAT1
GO_Biological_Process_2021,regulation of inflammatory response to antigenic stimulus (GO:0002861),4/137,0.127600120437608,0.2371795718116266,0,0,2.1265437963138893,4.378243125093194,IL6;ADM2;FYN;ADRB2
GO_Biological_Process_2021,negative regulation of lymphocyte apoptotic process (GO:0070229),1/10,0.1319691463669819,0.2371795718116266,0,0,7.821428571428571,15.839856429146606,CCL5
GO_Biological_Process_2021,positive regulation of dendritic spine morphogenesis (GO:0061003),1/10,0.1319691463669819,0.2371795718116266,0,0,7.821428571428571,15.839856429146606,CUX2
GO_Biological_Process_2021,positive regulation of hemostasis (GO:1900048),1/10,0.1319691463669819,0.2371795718116266,0,0,7.821428571428571,15.839856429146606,SERPINE1
GO_Biological_Process_2021,positive regulation of neuron projection development (GO:0010976),3/88,0.1269106404293248,0.2371795718116266,0,0,2.4926787981379603,5.145567194674195,CUX2;VLDLR;CX3CL1
GO_Biological_Process_2021,negative regulation of sodium ion transmembrane transport (GO:1902306),1/10,0.1319691463669819,0.2371795718116266,0,0,7.821428571428571,15.839856429146606,NEDD4
GO_Biological_Process_2021,negative regulation of sodium ion transmembrane transporter activity (GO:2000650),1/10,0.1319691463669819,0.2371795718116266,0,0,7.821428571428571,15.839856429146606,NEDD4
GO_Biological_Process_2021,negative regulation of vascular endothelial growth factor signaling pathway (GO:1900747),1/10,0.1319691463669819,0.2371795718116266,0,0,7.821428571428571,15.839856429146606,XDH
GO_Biological_Process_2021,neuron projection fasciculation (GO:0106030),1/10,0.1319691463669819,0.2371795718116266,0,0,7.821428571428571,15.839856429146606,NRCAM
GO_Biological_Process_2021,positive regulation of coagulation (GO:0050820),1/10,0.1319691463669819,0.2371795718116266,0,0,7.821428571428571,15.839856429146606,SERPINE1
GO_Biological_Process_2021,negative regulation of epidermal growth factor receptor signaling pathway (GO:0042059),2/44,0.1268718630983411,0.2371795718116266,0,0,3.3584229390681,6.93372495214294,EREG;HBEGF
GO_Biological_Process_2021,negative regulation of toll-like receptor 4 signaling pathway (GO:0034144),1/10,0.1319691463669819,0.2371795718116266,0,0,7.821428571428571,15.839856429146606,TNFAIP3
GO_Biological_Process_2021,negative regulation of transmembrane transport (GO:0034763),1/10,0.1319691463669819,0.2371795718116266,0,0,7.821428571428571,15.839856429146606,IL1B
GO_Biological_Process_2021,sulfur amino acid catabolic process (GO:0000098),1/10,0.1319691463669819,0.2371795718116266,0,0,7.821428571428571,15.839856429146606,CBS
GO_Biological_Process_2021,membrane lipid catabolic process (GO:0046466),1/10,0.1319691463669819,0.2371795718116266,0,0,7.821428571428571,15.839856429146606,CYP1B1
GO_Biological_Process_2021,metal ion transport (GO:0030001),3/88,0.1269106404293248,0.2371795718116266,0,0,2.4926787981379603,5.145567194674195,NIPAL4;CCL5;FYN
GO_Biological_Process_2021,regulation of urine volume (GO:0035809),1/10,0.1319691463669819,0.2371795718116266,0,0,7.821428571428571,15.839856429146606,HAS2
GO_Biological_Process_2021,negative regulation of tyrosine phosphorylation of STAT protein (GO:0042532),1/10,0.1319691463669819,0.2371795718116266,0,0,7.821428571428571,15.839856429146606,PARP14
GO_Biological_Process_2021,modulation by symbiont of host process (GO:0044003),1/10,0.1319691463669819,0.2371795718116266,0,0,7.821428571428571,15.839856429146606,TLR2
GO_Biological_Process_2021,regulation of cell activation (GO:0050865),1/10,0.1319691463669819,0.2371795718116266,0,0,7.821428571428571,15.839856429146606,IL6
GO_Biological_Process_2021,intracellular steroid hormone receptor signaling pathway (GO:0030518),2/44,0.1268718630983411,0.2371795718116266,0,0,3.3584229390681,6.93372495214294,NEDD4;NKX3-1
GO_Biological_Process_2021,L-serine metabolic process (GO:0006563),1/10,0.1319691463669819,0.2371795718116266,0,0,7.821428571428571,15.839856429146606,CBS
GO_Biological_Process_2021,serine family amino acid catabolic process (GO:0009071),1/10,0.1319691463669819,0.2371795718116266,0,0,7.821428571428571,15.839856429146606,CBS
GO_Biological_Process_2021,secretory granule organization (GO:0033363),1/10,0.1319691463669819,0.2371795718116266,0,0,7.821428571428571,15.839856429146606,ABCA1
GO_Biological_Process_2021,removal of superoxide radicals (GO:0019430),1/10,0.1319691463669819,0.2371795718116266,0,0,7.821428571428571,15.839856429146606,SOD2
GO_Biological_Process_2021,positive regulation of tissue remodeling (GO:0034105),1/10,0.1319691463669819,0.2371795718116266,0,0,7.821428571428571,15.839856429146606,IL23A
GO_Biological_Process_2021,protein K11-linked deubiquitination (GO:0035871),1/10,0.1319691463669819,0.2371795718116266,0,0,7.821428571428571,15.839856429146606,TNFAIP3
GO_Biological_Process_2021,protein K63-linked ubiquitination (GO:0070534),2/44,0.1268718630983411,0.2371795718116266,0,0,3.3584229390681,6.93372495214294,NEDD4;TRAF1
GO_Biological_Process_2021,positive regulation of RNA metabolic process (GO:0051254),2/45,0.1315993246199576,0.2371795718116266,0,0,3.2801533716762523,6.652129363067787,IL6;IL1B
GO_Biological_Process_2021,neural crest cell development (GO:0014032),2/45,0.1315993246199576,0.2371795718116266,0,0,3.2801533716762523,6.652129363067787,SEMA7A;SNAI2
GO_Biological_Process_2021,negative regulation of T cell activation (GO:0050868),2/45,0.1315993246199576,0.2371795718116266,0,0,3.2801533716762523,6.652129363067787,CD274;PDCD1LG2
GO_Biological_Process_2021,cellular response to radiation (GO:0071478),2/45,0.1315993246199576,0.2371795718116266,0,0,3.2801533716762523,6.652129363067787,IFI16;GADD45A
GO_Biological_Process_2021,negative regulation of alpha-beta T cell proliferation (GO:0046642),1/10,0.1319691463669819,0.2371795718116266,0,0,7.821428571428571,15.839856429146606,CD274
GO_Biological_Process_2021,regulation of T-helper 17 type immune response (GO:2000316),1/10,0.1319691463669819,0.2371795718116266,0,0,7.821428571428571,15.839856429146606,IL23A
GO_Biological_Process_2021,lipid droplet formation (GO:0140042),1/10,0.1319691463669819,0.2371795718116266,0,0,7.821428571428571,15.839856429146606,PLA2G4C
GO_Biological_Process_2021,B cell homeostasis (GO:0001782),1/10,0.1319691463669819,0.2371795718116266,0,0,7.821428571428571,15.839856429146606,TNFAIP3
GO_Biological_Process_2021,positive regulation of RIG-I signaling pathway (GO:1900246),1/10,0.1319691463669819,0.2371795718116266,0,0,7.821428571428571,15.839856429146606,DDX60
GO_Biological_Process_2021,low-density lipoprotein receptor particle metabolic process (GO:0032799),1/10,0.1319691463669819,0.2371795718116266,0,0,7.821428571428571,15.839856429146606,VLDLR
GO_Biological_Process_2021,low-density lipoprotein particle receptor catabolic process (GO:0032802),1/10,0.1319691463669819,0.2371795718116266,0,0,7.821428571428571,15.839856429146606,VLDLR
GO_Biological_Process_2021,lactation (GO:0007595),1/10,0.1319691463669819,0.2371795718116266,0,0,7.821428571428571,15.839856429146606,VEGFA
GO_Biological_Process_2021,regulation of peptidyl-lysine acetylation (GO:2000756),1/10,0.1319691463669819,0.2371795718116266,0,0,7.821428571428571,15.839856429146606,MYOCD
GO_Biological_Process_2021,defense response to tumor cell (GO:0002357),1/10,0.1319691463669819,0.2371795718116266,0,0,7.821428571428571,15.839856429146606,RBMS3
GO_Biological_Process_2021,regulation of memory T cell differentiation (GO:0043380),1/10,0.1319691463669819,0.2371795718116266,0,0,7.821428571428571,15.839856429146606,IL23A
GO_Biological_Process_2021,sarcoplasmic reticulum calcium ion transport (GO:0070296),1/10,0.1319691463669819,0.2371795718116266,0,0,7.821428571428571,15.839856429146606,ANK2
GO_Biological_Process_2021,positive regulation of mesenchymal cell proliferation (GO:0002053),1/10,0.1319691463669819,0.2371795718116266,0,0,7.821428571428571,15.839856429146606,STAT1
GO_Biological_Process_2021,positive regulation of keratinocyte migration (GO:0051549),1/10,0.1319691463669819,0.2371795718116266,0,0,7.821428571428571,15.839856429146606,MMP9
GO_Biological_Process_2021,protein dephosphorylation (GO:0006470),4/139,0.1325226200778611,0.2379915049748235,0,0,2.09482551143201,4.233646402785577,PPP1R15A;PDP1;PTPRE;DUSP1
KEGG_2021_Human,FoxO signaling pathway,4/131,0.1133146738617988,0.2383884176526523,0,0,2.22769265755138,4.850993693348334,IL6;GADD45A;IL7R;SOD2
GO_Biological_Process_2021,positive regulation of organelle assembly (GO:1902117),2/46,0.1363666296429825,0.2437722791173256,0,0,3.2054415118931248,6.386547998484541,CSF2;TNF
GO_Biological_Process_2021,regulation of fibroblast proliferation (GO:0048145),2/46,0.1363666296429825,0.2437722791173256,0,0,3.2054415118931248,6.386547998484541,PDGFB;EREG
GO_Biological_Process_2021,erythrocyte differentiation (GO:0030218),2/46,0.1363666296429825,0.2437722791173256,0,0,3.2054415118931248,6.386547998484541,INHBA;VEGFA
GO_Biological_Process_2021,positive regulation of nucleocytoplasmic transport (GO:0046824),2/46,0.1363666296429825,0.2437722791173256,0,0,3.2054415118931248,6.386547998484541,IL1B;NEDD4
GO_Biological_Process_2021,negative regulation of tumor necrosis factor production (GO:0032720),2/46,0.1363666296429825,0.2437722791173256,0,0,3.2054415118931248,6.386547998484541,TNFAIP3;CX3CL1
GO_Biological_Process_2021,"regulation of synaptic transmission, glutamatergic (GO:0051966)",2/46,0.1363666296429825,0.2437722791173256,0,0,3.2054415118931248,6.386547998484541,CCL2;TNF
KEGG_2021_Human,ErbB signaling pathway,3/85,0.117650079092081,0.2451959592292903,0,0,2.5842691700298297,5.530440664910341,STAT5A;EREG;HBEGF
GO_Biological_Process_2021,regulation of programmed cell death (GO:0043067),5/194,0.1386268059489681,0.2476234549012102,0,0,1.8719806763285023,3.6989772934876783,STAT1;IKZF3;TNF;NDRG1;BIRC3
GO_Biological_Process_2021,positive regulation of dendrite development (GO:1900006),1/11,0.1441710626244524,0.2489743812112315,0,0,7.038928571428571,13.632678342460691,VLDLR
GO_Biological_Process_2021,positive regulation of lipid localization (GO:1905954),1/11,0.1441710626244524,0.2489743812112315,0,0,7.038928571428571,13.632678342460691,C3
GO_Biological_Process_2021,positive regulation of macrophage differentiation (GO:0045651),1/11,0.1441710626244524,0.2489743812112315,0,0,7.038928571428571,13.632678342460691,LIF
GO_Biological_Process_2021,positive regulation of myelination (GO:0031643),1/11,0.1441710626244524,0.2489743812112315,0,0,7.038928571428571,13.632678342460691,TNFRSF1B
GO_Biological_Process_2021,positive regulation of production of miRNAs involved in gene silencing by miRNA (GO:1903800),1/11,0.1441710626244524,0.2489743812112315,0,0,7.038928571428571,13.632678342460691,IL6
GO_Biological_Process_2021,metanephric mesenchyme development (GO:0072075),1/11,0.1441710626244524,0.2489743812112315,0,0,7.038928571428571,13.632678342460691,STAT1
GO_Biological_Process_2021,tryptophan metabolic process (GO:0006568),1/11,0.1441710626244524,0.2489743812112315,0,0,7.038928571428571,13.632678342460691,KMO
GO_Biological_Process_2021,tryptophan catabolic process (GO:0006569),1/11,0.1441710626244524,0.2489743812112315,0,0,7.038928571428571,13.632678342460691,KMO
GO_Biological_Process_2021,positive regulation of sphingolipid biosynthetic process (GO:0090154),1/11,0.1441710626244524,0.2489743812112315,0,0,7.038928571428571,13.632678342460691,TNF
GO_Biological_Process_2021,protein kinase C signaling (GO:0070528),1/11,0.1441710626244524,0.2489743812112315,0,0,7.038928571428571,13.632678342460691,PDGFB
GO_Biological_Process_2021,regulation of mitochondrial depolarization (GO:0051900),1/11,0.1441710626244524,0.2489743812112315,0,0,7.038928571428571,13.632678342460691,IFI6
GO_Biological_Process_2021,regulation of melanin biosynthetic process (GO:0048021),1/11,0.1441710626244524,0.2489743812112315,0,0,7.038928571428571,13.632678342460691,ZEB2
GO_Biological_Process_2021,cellular response to superoxide (GO:0071451),1/11,0.1441710626244524,0.2489743812112315,0,0,7.038928571428571,13.632678342460691,SOD2
GO_Biological_Process_2021,cellular response to interleukin-2 (GO:0071352),1/11,0.1441710626244524,0.2489743812112315,0,0,7.038928571428571,13.632678342460691,STAT5A
GO_Biological_Process_2021,regulation of cysteine-type endopeptidase activity involved in apoptotic signaling pathway (GO:2001267),1/11,0.1441710626244524,0.2489743812112315,0,0,7.038928571428571,13.632678342460691,MMP9
GO_Biological_Process_2021,camera-type eye morphogenesis (GO:0048593),1/11,0.1441710626244524,0.2489743812112315,0,0,7.038928571428571,13.632678342460691,VEGFA
GO_Biological_Process_2021,regulation of stress-activated protein kinase signaling cascade (GO:0070302),1/11,0.1441710626244524,0.2489743812112315,0,0,7.038928571428571,13.632678342460691,GREM1
GO_Biological_Process_2021,regulation of toll-like receptor 2 signaling pathway (GO:0034135),1/11,0.1441710626244524,0.2489743812112315,0,0,7.038928571428571,13.632678342460691,TNFAIP3
GO_Biological_Process_2021,regulation of synapse assembly (GO:0051963),2/47,0.1411717364206169,0.2489743812112315,0,0,3.134050179211469,6.135774933506536,CUX2;TLR2
GO_Biological_Process_2021,positive regulation of neuron death (GO:1901216),2/47,0.1411717364206169,0.2489743812112315,0,0,3.134050179211469,6.135774933506536,FYN;TNF
GO_Biological_Process_2021,"regulation of CD4-positive, alpha-beta T cell proliferation (GO:2000561)",1/11,0.1441710626244524,0.2489743812112315,0,0,7.038928571428571,13.632678342460691,CD274
GO_Biological_Process_2021,Notch signaling involved in heart development (GO:0061314),1/11,0.1441710626244524,0.2489743812112315,0,0,7.038928571428571,13.632678342460691,SNAI2
GO_Biological_Process_2021,desensitization of G protein-coupled receptor signaling pathway (GO:0002029),1/11,0.1441710626244524,0.2489743812112315,0,0,7.038928571428571,13.632678342460691,ADRB2
GO_Biological_Process_2021,regulation of phospholipase activity (GO:0010517),1/11,0.1441710626244524,0.2489743812112315,0,0,7.038928571428571,13.632678342460691,RASGRP1
GO_Biological_Process_2021,PERK-mediated unfolded protein response (GO:0036499),1/11,0.1441710626244524,0.2489743812112315,0,0,7.038928571428571,13.632678342460691,CCL2
GO_Biological_Process_2021,glucocorticoid biosynthetic process (GO:0006704),1/11,0.1441710626244524,0.2489743812112315,0,0,7.038928571428571,13.632678342460691,HSD11B1
GO_Biological_Process_2021,cytidine to uridine editing (GO:0016554),1/11,0.1441710626244524,0.2489743812112315,0,0,7.038928571428571,13.632678342460691,APOBEC3G
GO_Biological_Process_2021,regulation of mesenchymal cell proliferation (GO:0010464),1/11,0.1441710626244524,0.2489743812112315,0,0,7.038928571428571,13.632678342460691,STAT1
GO_Biological_Process_2021,tetrahydrofolate metabolic process (GO:0046653),1/11,0.1441710626244524,0.2489743812112315,0,0,7.038928571428571,13.632678342460691,MTHFD2
GO_Biological_Process_2021,T cell homeostasis (GO:0043029),1/11,0.1441710626244524,0.2489743812112315,0,0,7.038928571428571,13.632678342460691,TNFSF14
GO_Biological_Process_2021,glutathione biosynthetic process (GO:0006750),1/11,0.1441710626244524,0.2489743812112315,0,0,7.038928571428571,13.632678342460691,CHAC1
GO_Biological_Process_2021,glucocorticoid metabolic process (GO:0008211),1/11,0.1441710626244524,0.2489743812112315,0,0,7.038928571428571,13.632678342460691,HSD11B1
GO_Biological_Process_2021,positive regulation of ceramide biosynthetic process (GO:2000304),1/11,0.1441710626244524,0.2489743812112315,0,0,7.038928571428571,13.632678342460691,TNF
GO_Biological_Process_2021,positive regulation of cellular extravasation (GO:0002693),1/11,0.1441710626244524,0.2489743812112315,0,0,7.038928571428571,13.632678342460691,ICAM1
GO_Biological_Process_2021,positive regulation of chondrocyte differentiation (GO:0032332),1/11,0.1441710626244524,0.2489743812112315,0,0,7.038928571428571,13.632678342460691,LOXL2
GO_Biological_Process_2021,interleukin-2-mediated signaling pathway (GO:0038110),1/11,0.1441710626244524,0.2489743812112315,0,0,7.038928571428571,13.632678342460691,STAT5A
GO_Biological_Process_2021,interleukin-35-mediated signaling pathway (GO:0070757),1/11,0.1441710626244524,0.2489743812112315,0,0,7.038928571428571,13.632678342460691,STAT1
GO_Biological_Process_2021,cellular response to fibroblast growth factor stimulus (GO:0044344),3/92,0.1396465798353814,0.2489743812112315,0,0,2.380163285102255,4.685685786981795,CCL5;FGF19;CCL2
GO_Biological_Process_2021,regulation of microtubule-based movement (GO:0060632),1/11,0.1441710626244524,0.2489743812112315,0,0,7.038928571428571,13.632678342460691,MAP2
GO_Biological_Process_2021,negative regulation of homotypic cell-cell adhesion (GO:0034111),1/11,0.1441710626244524,0.2489743812112315,0,0,7.038928571428571,13.632678342460691,C1QTNF1
GO_Biological_Process_2021,negative regulation of programmed necrotic cell death (GO:0062099),1/11,0.1441710626244524,0.2489743812112315,0,0,7.038928571428571,13.632678342460691,BIRC3
GO_Biological_Process_2021,negative regulation of protein maturation (GO:1903318),1/11,0.1441710626244524,0.2489743812112315,0,0,7.038928571428571,13.632678342460691,CHAC1
GO_Biological_Process_2021,induction of positive chemotaxis (GO:0050930),1/11,0.1441710626244524,0.2489743812112315,0,0,7.038928571428571,13.632678342460691,VEGFA
GO_Biological_Process_2021,epidermal growth factor receptor signaling pathway (GO:0007173),2/47,0.1411717364206169,0.2489743812112315,0,0,3.134050179211469,6.135774933506536,EREG;HBEGF
GO_Biological_Process_2021,regulation of lipid metabolic process (GO:0019216),3/92,0.1396465798353814,0.2489743812112315,0,0,2.380163285102255,4.685685786981795,HELZ2;SERPINA3;IL1B
GO_Biological_Process_2021,cognition (GO:0050890),2/48,0.1460126524304275,0.2514125141186169,0,0,3.065762817515973,5.898717739870008,CUX2;TNF
GO_Biological_Process_2021,negative regulation of MAP kinase activity (GO:0043407),2/48,0.1460126524304275,0.2514125141186169,0,0,3.065762817515973,5.898717739870008,DUSP1;IL1B
GO_Biological_Process_2021,cellular response to ionizing radiation (GO:0071479),2/48,0.1460126524304275,0.2514125141186169,0,0,3.065762817515973,5.898717739870008,IFI16;GADD45A
GO_Biological_Process_2021,positive regulation of endocytosis (GO:0045807),2/48,0.1460126524304275,0.2514125141186169,0,0,3.065762817515973,5.898717739870008,C3;SERPINE1
GO_Biological_Process_2021,negative regulation of MAPK cascade (GO:0043409),3/94,0.1461706086367479,0.2514994295661693,0,0,2.3276148312119536,4.475958600406362,DUSP1;IL1B;GBP1
KEGG_2021_Human,Systemic lupus erythematosus,4/135,0.1227567009778031,0.2534698547967602,0,0,2.159230578444071,4.529096093534387,C3;C1S;C1R;TNF
GO_Biological_Process_2021,negative regulation of catabolic process (GO:0009895),2/49,0.1508874332828136,0.2590437225838473,0,0,3.000381300999009,5.674384709891311,IL1B;TNF
GO_Biological_Process_2021,regulation of stress-activated MAPK cascade (GO:0032872),2/49,0.1508874332828136,0.2590437225838473,0,0,3.000381300999009,5.674384709891311,GREM1;RASGRP1
GO_Biological_Process_2021,regulation of cellular protein metabolic process (GO:0032268),2/49,0.1508874332828136,0.2590437225838473,0,0,3.000381300999009,5.674384709891311,NFKBIA;INHBA
GO_Biological_Process_2021,cellular response to fluid shear stress (GO:0071498),1/12,0.1562020586648351,0.25941292922336,0,0,6.398701298701298,11.879859941596717,HAS2
GO_Biological_Process_2021,regulation of hemopoiesis (GO:1903706),1/12,0.1562020586648351,0.25941292922336,0,0,6.398701298701298,11.879859941596717,CSF2
GO_Biological_Process_2021,positive regulation of ion transport (GO:0043270),2/50,0.155794181776059,0.25941292922336,0,0,2.9377240143369177,5.4618737449514505,CCL5;ANK2
GO_Biological_Process_2021,positive regulation of cold-induced thermogenesis (GO:0120162),3/97,0.1561386574240806,0.25941292922336,0,0,2.252984846165621,4.1838172746249205,GRB10;ADRB2;VEGFA
GO_Biological_Process_2021,axonal fasciculation (GO:0007413),1/12,0.1562020586648351,0.25941292922336,0,0,6.398701298701298,11.879859941596717,NRCAM
GO_Biological_Process_2021,positive regulation of branching involved in ureteric bud morphogenesis (GO:0090190),1/12,0.1562020586648351,0.25941292922336,0,0,6.398701298701298,11.879859941596717,VEGFA
GO_Biological_Process_2021,positive regulation of myeloid leukocyte mediated immunity (GO:0002888),1/12,0.1562020586648351,0.25941292922336,0,0,6.398701298701298,11.879859941596717,DDX58
GO_Biological_Process_2021,positive regulation of protein maturation (GO:1903319),1/12,0.1562020586648351,0.25941292922336,0,0,6.398701298701298,11.879859941596717,CCBE1
GO_Biological_Process_2021,cellular response to thyroid hormone stimulus (GO:0097067),1/12,0.1562020586648351,0.25941292922336,0,0,6.398701298701298,11.879859941596717,KLF9
GO_Biological_Process_2021,regulation of keratinocyte migration (GO:0051547),1/12,0.1562020586648351,0.25941292922336,0,0,6.398701298701298,11.879859941596717,MMP9
GO_Biological_Process_2021,regulation of oxidative stress-induced cell death (GO:1903201),1/12,0.1562020586648351,0.25941292922336,0,0,6.398701298701298,11.879859941596717,FYN
GO_Biological_Process_2021,regulation of plasminogen activation (GO:0010755),1/12,0.1562020586648351,0.25941292922336,0,0,6.398701298701298,11.879859941596717,SERPINE1
GO_Biological_Process_2021,regulation of sequestering of calcium ion (GO:0051282),1/12,0.1562020586648351,0.25941292922336,0,0,6.398701298701298,11.879859941596717,ANK2
GO_Biological_Process_2021,eye photoreceptor cell differentiation (GO:0001754),1/12,0.1562020586648351,0.25941292922336,0,0,6.398701298701298,11.879859941596717,VEGFA
GO_Biological_Process_2021,positive regulation of transferase activity (GO:0051347),4/148,0.1555995074792479,0.25941292922336,0,0,1.962996389891697,3.652095564784944,ARRDC4;GREM1;DTX3L;ARRDC3
GO_Biological_Process_2021,positive regulation of cell morphogenesis involved in differentiation (GO:0010770),2/50,0.155794181776059,0.25941292922336,0,0,2.9377240143369177,5.4618737449514505,CUX2;NEDD9
GO_Biological_Process_2021,positive regulation of vascular permeability (GO:0043117),1/12,0.1562020586648351,0.25941292922336,0,0,6.398701298701298,11.879859941596717,VEGFA
GO_Biological_Process_2021,negative regulation of cell division (GO:0051782),1/12,0.1562020586648351,0.25941292922336,0,0,6.398701298701298,11.879859941596717,TXNIP
GO_Biological_Process_2021,negative regulation of cellular response to vascular endothelial growth factor stimulus (GO:1902548),1/12,0.1562020586648351,0.25941292922336,0,0,6.398701298701298,11.879859941596717,XDH
GO_Biological_Process_2021,negative regulation of gene silencing by miRNA (GO:0060965),1/12,0.1562020586648351,0.25941292922336,0,0,6.398701298701298,11.879859941596717,TNF
GO_Biological_Process_2021,negative regulation of hemostasis (GO:1900047),1/12,0.1562020586648351,0.25941292922336,0,0,6.398701298701298,11.879859941596717,SERPINE1
GO_Biological_Process_2021,nuclear body organization (GO:0030575),1/12,0.1562020586648351,0.25941292922336,0,0,6.398701298701298,11.879859941596717,ETS1
GO_Biological_Process_2021,nucleotide-sugar metabolic process (GO:0009225),1/12,0.1562020586648351,0.25941292922336,0,0,6.398701298701298,11.879859941596717,B4GALNT2
GO_Biological_Process_2021,phospholipid efflux (GO:0033700),1/12,0.1562020586648351,0.25941292922336,0,0,6.398701298701298,11.879859941596717,ABCA1
GO_Biological_Process_2021,phospholipid homeostasis (GO:0055091),1/12,0.1562020586648351,0.25941292922336,0,0,6.398701298701298,11.879859941596717,ABCA1
GO_Biological_Process_2021,negative regulation by host of viral process (GO:0044793),1/12,0.1562020586648351,0.25941292922336,0,0,6.398701298701298,11.879859941596717,PTX3
GO_Biological_Process_2021,toll-like receptor 3 signaling pathway (GO:0034138),1/12,0.1562020586648351,0.25941292922336,0,0,6.398701298701298,11.879859941596717,OAS1
GO_Biological_Process_2021,megakaryocyte differentiation (GO:0030219),1/12,0.1562020586648351,0.25941292922336,0,0,6.398701298701298,11.879859941596717,IL11
GO_Biological_Process_2021,smooth muscle cell differentiation (GO:0051145),1/12,0.1562020586648351,0.25941292922336,0,0,6.398701298701298,11.879859941596717,MYOCD
GO_Biological_Process_2021,serine family amino acid biosynthetic process (GO:0009070),1/12,0.1562020586648351,0.25941292922336,0,0,6.398701298701298,11.879859941596717,CBS
GO_Biological_Process_2021,intrinsic apoptotic signaling pathway in response to oxidative stress (GO:0008631),1/12,0.1562020586648351,0.25941292922336,0,0,6.398701298701298,11.879859941596717,CYP1B1
GO_Biological_Process_2021,homocysteine metabolic process (GO:0050667),1/12,0.1562020586648351,0.25941292922336,0,0,6.398701298701298,11.879859941596717,CBS
GO_Biological_Process_2021,lysine catabolic process (GO:0006554),1/12,0.1562020586648351,0.25941292922336,0,0,6.398701298701298,11.879859941596717,PIPOX
GO_Biological_Process_2021,lysine metabolic process (GO:0006553),1/12,0.1562020586648351,0.25941292922336,0,0,6.398701298701298,11.879859941596717,PIPOX
GO_Biological_Process_2021,magnesium ion transport (GO:0015693),1/12,0.1562020586648351,0.25941292922336,0,0,6.398701298701298,11.879859941596717,NIPAL4
GO_Biological_Process_2021,neuron migration (GO:0001764),2/50,0.155794181776059,0.25941292922336,0,0,2.9377240143369177,5.4618737449514505,NRCAM;VEGFA
GO_Biological_Process_2021,negative regulation of leukocyte apoptotic process (GO:2000107),1/12,0.1562020586648351,0.25941292922336,0,0,6.398701298701298,11.879859941596717,IRF7
GO_Biological_Process_2021,negative regulation of microtubule polymerization (GO:0031115),1/12,0.1562020586648351,0.25941292922336,0,0,6.398701298701298,11.879859941596717,MAP2
GO_Biological_Process_2021,modulation by host of viral process (GO:0044788),1/12,0.1562020586648351,0.25941292922336,0,0,6.398701298701298,11.879859941596717,PTX3
GO_Biological_Process_2021,mRNA transcription (GO:0009299),1/12,0.1562020586648351,0.25941292922336,0,0,6.398701298701298,11.879859941596717,EREG
GO_Biological_Process_2021,glomerular visceral epithelial cell differentiation (GO:0072112),1/12,0.1562020586648351,0.25941292922336,0,0,6.398701298701298,11.879859941596717,PODXL
GO_Biological_Process_2021,regulation of vascular associated smooth muscle cell migration (GO:1904752),1/12,0.1562020586648351,0.25941292922336,0,0,6.398701298701298,11.879859941596717,PDGFB
GO_Biological_Process_2021,replicative senescence (GO:0090399),1/12,0.1562020586648351,0.25941292922336,0,0,6.398701298701298,11.879859941596717,SERPINE1
GO_Biological_Process_2021,hemidesmosome assembly (GO:0031581),1/12,0.1562020586648351,0.25941292922336,0,0,6.398701298701298,11.879859941596717,LAMC2
GO_Biological_Process_2021,negative regulation of vascular permeability (GO:0043116),1/12,0.1562020586648351,0.25941292922336,0,0,6.398701298701298,11.879859941596717,VEGFA
GO_Biological_Process_2021,nonribosomal peptide biosynthetic process (GO:0019184),1/12,0.1562020586648351,0.25941292922336,0,0,6.398701298701298,11.879859941596717,CHAC1
GO_Biological_Process_2021,blood circulation (GO:0008015),2/51,0.1607310470260151,0.266178803992127,0,0,2.8776241679467485,5.260362664319808,STAT1;OLR1
GO_Biological_Process_2021,regulation of substrate adhesion-dependent cell spreading (GO:1900024),2/51,0.1607310470260151,0.266178803992127,0,0,2.8776241679467485,5.260362664319808,NEDD9;GBP1
GO_Biological_Process_2021,negative regulation of transport (GO:0051051),2/51,0.1607310470260151,0.266178803992127,0,0,2.8776241679467485,5.260362664319808,ITGB3;TLR2
GO_Biological_Process_2021,negative regulation of protein ubiquitination (GO:0031397),2/51,0.1607310470260151,0.266178803992127,0,0,2.8776241679467485,5.260362664319808,DTX3L;TNFAIP3
KEGG_2021_Human,Glycosphingolipid biosynthesis,2/45,0.1315993246199576,0.2667877217295504,0,0,3.2801533716762523,6.652129363067787,ST6GALNAC3;FUT1
KEGG_2021_Human,ABC transporters,2/45,0.1315993246199576,0.2667877217295504,0,0,3.2801533716762523,6.652129363067787,ABCA1;ABCA10
GO_Biological_Process_2021,positive regulation of calcineurin-mediated signaling (GO:0106058),1/13,0.1680645200972389,0.269733180402976,0,0,5.865178571428571,10.460002427356065,TNF
GO_Biological_Process_2021,positive regulation of calcineurin-NFAT signaling cascade (GO:0070886),1/13,0.1680645200972389,0.269733180402976,0,0,5.865178571428571,10.460002427356065,TNF
GO_Biological_Process_2021,positive regulation of histone deacetylation (GO:0031065),1/13,0.1680645200972389,0.269733180402976,0,0,5.865178571428571,10.460002427356065,VEGFA
GO_Biological_Process_2021,positive regulation of protein localization to cell surface (GO:2000010),1/13,0.1680645200972389,0.269733180402976,0,0,5.865178571428571,10.460002427356065,TNF
GO_Biological_Process_2021,positive regulation of reactive oxygen species biosynthetic process (GO:1903428),1/13,0.1680645200972389,0.269733180402976,0,0,5.865178571428571,10.460002427356065,DUOXA2
GO_Biological_Process_2021,UDP-N-acetylglucosamine metabolic process (GO:0006047),1/13,0.1680645200972389,0.269733180402976,0,0,5.865178571428571,10.460002427356065,B4GALNT2
GO_Biological_Process_2021,negative regulation by host of viral transcription (GO:0043922),1/13,0.1680645200972389,0.269733180402976,0,0,5.865178571428571,10.460002427356065,CCL5
GO_Biological_Process_2021,negative regulation of alcohol biosynthetic process (GO:1902931),1/13,0.1680645200972389,0.269733180402976,0,0,5.865178571428571,10.460002427356065,BMP2
GO_Biological_Process_2021,interleukin-15-mediated signaling pathway (GO:0035723),1/13,0.1680645200972389,0.269733180402976,0,0,5.865178571428571,10.460002427356065,STAT5A
GO_Biological_Process_2021,intracellular sterol transport (GO:0032366),1/13,0.1680645200972389,0.269733180402976,0,0,5.865178571428571,10.460002427356065,ABCA1
GO_Biological_Process_2021,mature B cell differentiation involved in immune response (GO:0002313),1/13,0.1680645200972389,0.269733180402976,0,0,5.865178571428571,10.460002427356065,IL6
GO_Biological_Process_2021,toll-like receptor 9 signaling pathway (GO:0034162),1/13,0.1680645200972389,0.269733180402976,0,0,5.865178571428571,10.460002427356065,IRAK2
GO_Biological_Process_2021,negative regulation of vascular endothelial growth factor receptor signaling pathway (GO:0030948),1/13,0.1680645200972389,0.269733180402976,0,0,5.865178571428571,10.460002427356065,NEDD4
GO_Biological_Process_2021,pathway-restricted SMAD protein phosphorylation (GO:0060389),1/13,0.1680645200972389,0.269733180402976,0,0,5.865178571428571,10.460002427356065,BMP2
GO_Biological_Process_2021,polyamine metabolic process (GO:0006595),1/13,0.1680645200972389,0.269733180402976,0,0,5.865178571428571,10.460002427356065,SAT1
GO_Biological_Process_2021,protein localization to mitochondrion (GO:0070585),1/13,0.1680645200972389,0.269733180402976,0,0,5.865178571428571,10.460002427356065,HK2
GO_Biological_Process_2021,regulation of mitotic cell cycle spindle assembly checkpoint (GO:0090266),1/13,0.1680645200972389,0.269733180402976,0,0,5.865178571428571,10.460002427356065,DUSP1
GO_Biological_Process_2021,cartilage development (GO:0051216),2/52,0.1656962234469075,0.269733180402976,0,0,2.8199283154121866,5.06910073246476,BMP2;RUNX2
GO_Biological_Process_2021,regulation of release of sequestered calcium ion into cytosol (GO:0051279),2/52,0.1656962234469075,0.269733180402976,0,0,2.8199283154121866,5.06910073246476,ANK2;CX3CL1
GO_Biological_Process_2021,regulation of intrinsic apoptotic signaling pathway (GO:2001242),2/52,0.1656962234469075,0.269733180402976,0,0,2.8199283154121866,5.06910073246476,MMP9;NKX3-1
GO_Biological_Process_2021,response to peptide hormone (GO:0043434),2/52,0.1656962234469075,0.269733180402976,0,0,2.8199283154121866,5.06910073246476,STAT5A;STAT1
GO_Biological_Process_2021,purine nucleotide catabolic process (GO:0006195),1/13,0.1680645200972389,0.269733180402976,0,0,5.865178571428571,10.460002427356065,XDH
GO_Biological_Process_2021,purine-containing compound salvage (GO:0043101),1/13,0.1680645200972389,0.269733180402976,0,0,5.865178571428571,10.460002427356065,AMPD3
GO_Biological_Process_2021,purine-containing compound catabolic process (GO:0072523),1/13,0.1680645200972389,0.269733180402976,0,0,5.865178571428571,10.460002427356065,XDH
GO_Biological_Process_2021,regulation of T cell differentiation in thymus (GO:0033081),1/13,0.1680645200972389,0.269733180402976,0,0,5.865178571428571,10.460002427356065,VNN1
GO_Biological_Process_2021,DNA deamination (GO:0045006),1/13,0.1680645200972389,0.269733180402976,0,0,5.865178571428571,10.460002427356065,APOBEC3G
GO_Biological_Process_2021,regulation of homotypic cell-cell adhesion (GO:0034110),1/13,0.1680645200972389,0.269733180402976,0,0,5.865178571428571,10.460002427356065,CCL5
GO_Biological_Process_2021,cytoplasmic sequestering of protein (GO:0051220),1/13,0.1680645200972389,0.269733180402976,0,0,5.865178571428571,10.460002427356065,NFKBIA
GO_Biological_Process_2021,high-density lipoprotein particle assembly (GO:0034380),1/13,0.1680645200972389,0.269733180402976,0,0,5.865178571428571,10.460002427356065,ABCA1
GO_Biological_Process_2021,atrial cardiac muscle cell action potential (GO:0086014),1/13,0.1680645200972389,0.269733180402976,0,0,5.865178571428571,10.460002427356065,ANK2
GO_Biological_Process_2021,response to thyroid hormone (GO:0097066),1/13,0.1680645200972389,0.269733180402976,0,0,5.865178571428571,10.460002427356065,KLF9
GO_Biological_Process_2021,response to muramyl dipeptide (GO:0032495),1/13,0.1680645200972389,0.269733180402976,0,0,5.865178571428571,10.460002427356065,NLRP1
GO_Biological_Process_2021,"negative regulation of CD4-positive, alpha-beta T cell activation (GO:2000515)",1/13,0.1680645200972389,0.269733180402976,0,0,5.865178571428571,10.460002427356065,CD274
GO_Biological_Process_2021,signal transduction in response to DNA damage (GO:0042770),2/52,0.1656962234469075,0.269733180402976,0,0,2.8199283154121866,5.06910073246476,GADD45A;NDRG1
GO_Biological_Process_2021,negative regulation of protein metabolic process (GO:0051248),2/52,0.1656962234469075,0.269733180402976,0,0,2.8199283154121866,5.06910073246476,ITGB3;PTX3
GO_Biological_Process_2021,regulation of autophagosome maturation (GO:1901096),1/13,0.1680645200972389,0.269733180402976,0,0,5.865178571428571,10.460002427356065,ADRB2
GO_Biological_Process_2021,cardiac cell development (GO:0055006),1/13,0.1680645200972389,0.269733180402976,0,0,5.865178571428571,10.460002427356065,VEGFA
GO_Biological_Process_2021,cellular component maintenance (GO:0043954),1/13,0.1680645200972389,0.269733180402976,0,0,5.865178571428571,10.460002427356065,FYN
GO_Biological_Process_2021,cellular response to interleukin-15 (GO:0071350),1/13,0.1680645200972389,0.269733180402976,0,0,5.865178571428571,10.460002427356065,STAT5A
GO_Biological_Process_2021,regulation of histone modification (GO:0031056),1/13,0.1680645200972389,0.269733180402976,0,0,5.865178571428571,10.460002427356065,MYOCD
GO_Biological_Process_2021,negative regulation of endoplasmic reticulum unfolded protein response (GO:1900102),1/13,0.1680645200972389,0.269733180402976,0,0,5.865178571428571,10.460002427356065,PPP1R15A
GO_Biological_Process_2021,negative regulation of cell morphogenesis involved in differentiation (GO:0010771),1/13,0.1680645200972389,0.269733180402976,0,0,5.865178571428571,10.460002427356065,GBP1
GO_Biological_Process_2021,negative regulation of reactive oxygen species biosynthetic process (GO:1903427),1/13,0.1680645200972389,0.269733180402976,0,0,5.865178571428571,10.460002427356065,FYN
GO_Biological_Process_2021,positive regulation of translation (GO:0045727),3/100,0.1663112250301346,0.269733180402976,0,0,2.1829711488541124,3.916019711395784,IL6;CCL5;SAMD4A
GO_Biological_Process_2021,negative regulation of substrate adhesion-dependent cell spreading (GO:1900025),1/13,0.1680645200972389,0.269733180402976,0,0,5.865178571428571,10.460002427356065,GBP1
GO_Biological_Process_2021,positive regulation of Wnt signaling pathway (GO:0030177),4/153,0.16902672879137,0.2710915321259807,0,0,1.896639449519056,3.3716529489946736,BMP2;ZEB2;TNFAIP3;TLR2
GO_Biological_Process_2021,epidermal cell differentiation (GO:0009913),2/53,0.1706879499589635,0.2735683581534072,0,0,2.76449504532996,4.887401224967327,TXNIP;EREG
KEGG_2021_Human,Type II diabetes mellitus,2/46,0.1363666296429825,0.2739617874809469,0,0,3.2054415118931248,6.386547998484541,TNF;HK2
GO_Biological_Process_2021,regulation of cell death (GO:0010941),3/102,0.1731988885148895,0.2774027372517737,0,0,2.138652714192282,3.749731242469245,CCL5;TNFRSF1B;NKX3-1
GO_Biological_Process_2021,positive regulation of potassium ion transmembrane transporter activity (GO:1901018),1/14,0.1797607994099038,0.2791242671660086,0,0,5.413736263736264,9.290665491320189,ANK2
GO_Biological_Process_2021,positive regulation of macrophage chemotaxis (GO:0010759),1/14,0.1797607994099038,0.2791242671660086,0,0,5.413736263736264,9.290665491320189,CCL5
GO_Biological_Process_2021,retinal metabolic process (GO:0042574),1/14,0.1797607994099038,0.2791242671660086,0,0,5.413736263736264,9.290665491320189,CYP1B1
GO_Biological_Process_2021,steroid catabolic process (GO:0006706),1/14,0.1797607994099038,0.2791242671660086,0,0,5.413736263736264,9.290665491320189,HSD11B1
GO_Biological_Process_2021,substrate-dependent cell migration (GO:0006929),1/14,0.1797607994099038,0.2791242671660086,0,0,5.413736263736264,9.290665491320189,ITGA2
GO_Biological_Process_2021,T-helper cell differentiation (GO:0042093),1/14,0.1797607994099038,0.2791242671660086,0,0,5.413736263736264,9.290665491320189,IL6
GO_Biological_Process_2021,vascular endothelial growth factor signaling pathway (GO:0038084),1/14,0.1797607994099038,0.2791242671660086,0,0,5.413736263736264,9.290665491320189,VEGFA
GO_Biological_Process_2021,NAD biosynthesis via nicotinamide riboside salvage pathway (GO:0034356),1/14,0.1797607994099038,0.2791242671660086,0,0,5.413736263736264,9.290665491320189,PARP9
GO_Biological_Process_2021,negative regulation of bone mineralization (GO:0030502),1/14,0.1797607994099038,0.2791242671660086,0,0,5.413736263736264,9.290665491320189,GREM1
GO_Biological_Process_2021,regulation of protein kinase C signaling (GO:0090036),1/14,0.1797607994099038,0.2791242671660086,0,0,5.413736263736264,9.290665491320189,VEGFA
GO_Biological_Process_2021,regulation of trophoblast cell migration (GO:1901163),1/14,0.1797607994099038,0.2791242671660086,0,0,5.413736263736264,9.290665491320189,VEGFA
GO_Biological_Process_2021,regulation of vasculogenesis (GO:2001212),1/14,0.1797607994099038,0.2791242671660086,0,0,5.413736263736264,9.290665491320189,XDH
GO_Biological_Process_2021,renal absorption (GO:0070293),1/14,0.1797607994099038,0.2791242671660086,0,0,5.413736263736264,9.290665491320189,HAS2
GO_Biological_Process_2021,growth hormone receptor signaling pathway via JAK-STAT (GO:0060397),1/14,0.1797607994099038,0.2791242671660086,0,0,5.413736263736264,9.290665491320189,STAT5A
GO_Biological_Process_2021,response to chemokine (GO:1990868),1/14,0.1797607994099038,0.2791242671660086,0,0,5.413736263736264,9.290665491320189,DUSP1
GO_Biological_Process_2021,heart process (GO:0003015),1/14,0.1797607994099038,0.2791242671660086,0,0,5.413736263736264,9.290665491320189,FYN
GO_Biological_Process_2021,heterochromatin organization (GO:0070828),1/14,0.1797607994099038,0.2791242671660086,0,0,5.413736263736264,9.290665491320189,LOXL2
GO_Biological_Process_2021,cellular response to low-density lipoprotein particle stimulus (GO:0071404),1/14,0.1797607994099038,0.2791242671660086,0,0,5.413736263736264,9.290665491320189,ABCA1
GO_Biological_Process_2021,regulation of macrophage cytokine production (GO:0010935),1/14,0.1797607994099038,0.2791242671660086,0,0,5.413736263736264,9.290665491320189,SEMA7A
GO_Biological_Process_2021,cytoplasmic sequestering of transcription factor (GO:0042994),1/14,0.1797607994099038,0.2791242671660086,0,0,5.413736263736264,9.290665491320189,NFKBIA
GO_Biological_Process_2021,defense response to protozoan (GO:0042832),1/14,0.1797607994099038,0.2791242671660086,0,0,5.413736263736264,9.290665491320189,GBP4
GO_Biological_Process_2021,detection of bacterium (GO:0016045),1/14,0.1797607994099038,0.2791242671660086,0,0,5.413736263736264,9.290665491320189,PGLYRP4
GO_Biological_Process_2021,dicarboxylic acid catabolic process (GO:0043649),1/14,0.1797607994099038,0.2791242671660086,0,0,5.413736263736264,9.290665491320189,DDO
GO_Biological_Process_2021,regulation of cyclin-dependent protein kinase activity (GO:1904029),2/54,0.1757045090341565,0.2791242671660086,0,0,2.71119382409705,4.714634894884449,HERC5;GADD45A
GO_Biological_Process_2021,regulation of focal adhesion assembly (GO:0051893),2/54,0.1757045090341565,0.2791242671660086,0,0,2.71119382409705,4.714634894884449,PHLDB2;VEGFA
GO_Biological_Process_2021,inorganic anion transport (GO:0015698),2/54,0.1757045090341565,0.2791242671660086,0,0,2.71119382409705,4.714634894884449,BEST1;SLC5A5
GO_Biological_Process_2021,unsaturated fatty acid metabolic process (GO:0033559),2/54,0.1757045090341565,0.2791242671660086,0,0,2.71119382409705,4.714634894884449,PLA2G4C;CYP1B1
GO_Biological_Process_2021,bone morphogenesis (GO:0060349),1/14,0.1797607994099038,0.2791242671660086,0,0,5.413736263736264,9.290665491320189,MMP13
GO_Biological_Process_2021,C4-dicarboxylate transport (GO:0015740),1/14,0.1797607994099038,0.2791242671660086,0,0,5.413736263736264,9.290665491320189,SLC13A5
GO_Biological_Process_2021,regulation of gastrulation (GO:0010470),1/14,0.1797607994099038,0.2791242671660086,0,0,5.413736263736264,9.290665491320189,PHLDB2
GO_Biological_Process_2021,activation of cysteine-type endopeptidase activity (GO:0097202),1/14,0.1797607994099038,0.2791242671660086,0,0,5.413736263736264,9.290665491320189,IFI16
GO_Biological_Process_2021,protein localization to vacuole (GO:0072665),1/14,0.1797607994099038,0.2791242671660086,0,0,5.413736263736264,9.290665491320189,GBP1
GO_Biological_Process_2021,negative regulation of smooth muscle cell migration (GO:0014912),1/14,0.1797607994099038,0.2791242671660086,0,0,5.413736263736264,9.290665491320189,SERPINE1
GO_Biological_Process_2021,negative regulation of pri-miRNA transcription by RNA polymerase II (GO:1902894),1/14,0.1797607994099038,0.2791242671660086,0,0,5.413736263736264,9.290665491320189,PDGFB
GO_Biological_Process_2021,atrial septum development (GO:0003283),1/14,0.1797607994099038,0.2791242671660086,0,0,5.413736263736264,9.290665491320189,ANK2
GO_Biological_Process_2021,atrioventricular valve development (GO:0003171),1/14,0.1797607994099038,0.2791242671660086,0,0,5.413736263736264,9.290665491320189,BMP2
GO_Biological_Process_2021,positive regulation of T cell chemotaxis (GO:0010820),1/14,0.1797607994099038,0.2791242671660086,0,0,5.413736263736264,9.290665491320189,CCL5
GO_Biological_Process_2021,regulation of cAMP-dependent protein kinase activity (GO:2000479),1/14,0.1797607994099038,0.2791242671660086,0,0,5.413736263736264,9.290665491320189,ADRB2
GO_Biological_Process_2021,positive regulation of transmembrane transport (GO:0034764),1/14,0.1797607994099038,0.2791242671660086,0,0,5.413736263736264,9.290665491320189,C3
GO_Biological_Process_2021,peptidyl-serine dephosphorylation (GO:0070262),1/14,0.1797607994099038,0.2791242671660086,0,0,5.413736263736264,9.290665491320189,DUSP1
GO_Biological_Process_2021,nucleoside triphosphate metabolic process (GO:0009141),1/14,0.1797607994099038,0.2791242671660086,0,0,5.413736263736264,9.290665491320189,CMPK2
GO_Biological_Process_2021,nucleoside phosphate biosynthetic process (GO:1901293),1/14,0.1797607994099038,0.2791242671660086,0,0,5.413736263736264,9.290665491320189,CMPK2
GO_Biological_Process_2021,"negative regulation of DNA damage response, signal transduction by p53 class mediator (GO:0043518)",1/14,0.1797607994099038,0.2791242671660086,0,0,5.413736263736264,9.290665491320189,SNAI2
GO_Biological_Process_2021,negative regulation of coagulation (GO:0050819),1/14,0.1797607994099038,0.2791242671660086,0,0,5.413736263736264,9.290665491320189,SERPINE1
GO_Biological_Process_2021,negative regulation of viral transcription (GO:0032897),1/14,0.1797607994099038,0.2791242671660086,0,0,5.413736263736264,9.290665491320189,TRIM14
GO_Biological_Process_2021,negative regulation of T cell differentiation (GO:0045581),1/14,0.1797607994099038,0.2791242671660086,0,0,5.413736263736264,9.290665491320189,IRF1
GO_Biological_Process_2021,positive regulation of response to DNA damage stimulus (GO:2001022),2/55,0.1807442258463296,0.280465178037408,0,0,2.6599039697031177,4.550224211808307,ANKRD1;NKX3-1
GO_Biological_Process_2021,positive regulation of GTPase activity (GO:0043547),5/214,0.1837539594276943,0.284946497720878,0,0,1.6911101865335274,2.8650071634798966,CCL20;CCL5;CCL2;RASGRP1;CX3CL1
GO_Biological_Process_2021,negative regulation of metabolic process (GO:0009892),2/56,0.185805467410985,0.2877463889753177,0,0,2.6105137395459974,4.393638271642119,IL1B;ARRDC3
GO_Biological_Process_2021,peptidyl-tyrosine modification (GO:0018212),2/56,0.185805467410985,0.2877463889753177,0,0,2.6105137395459974,4.393638271642119,PDGFB;FYN
GO_Biological_Process_2021,small GTPase mediated signal transduction (GO:0007264),3/106,0.1872080021111414,0.2895351784137944,0,0,2.055179157644758,3.4435245472872,RAB42;RASGRP1;RASGRP3
GO_Biological_Process_2021,peptidyl-lysine modification (GO:0018205),3/106,0.1872080021111414,0.2895351784137944,0,0,2.055179157644758,3.4435245472872,IFIH1;LOX;LOXL2
GO_Biological_Process_2021,regulation of bone mineralization (GO:0030500),2/57,0.1908866417476455,0.2895382448008012,0,0,2.562919517758228,4.244388288028877,GREM1;BMP2
GO_Biological_Process_2021,carboxylic acid transport (GO:0046942),2/57,0.1908866417476455,0.2895382448008012,0,0,2.562919517758228,4.244388288028877,SLC6A15;SLC16A6
GO_Biological_Process_2021,dicarboxylic acid metabolic process (GO:0043648),2/57,0.1908866417476455,0.2895382448008012,0,0,2.562919517758228,4.244388288028877,MTHFD2;ALDH1L2
GO_Biological_Process_2021,icosanoid metabolic process (GO:0006690),2/57,0.1908866417476455,0.2895382448008012,0,0,2.562919517758228,4.244388288028877,PLA2G4C;CYP1B1
GO_Biological_Process_2021,positive regulation of cell junction assembly (GO:1901890),2/57,0.1908866417476455,0.2895382448008012,0,0,2.562919517758228,4.244388288028877,CUX2;VEGFA
GO_Biological_Process_2021,vitamin D metabolic process (GO:0042359),1/15,0.1912932164367687,0.2895382448008012,0,0,5.026785714285714,8.314041492443591,CYP1A1
GO_Biological_Process_2021,negative regulation of single stranded viral RNA replication via double stranded DNA intermediate (GO:0045869),1/15,0.1912932164367687,0.2895382448008012,0,0,5.026785714285714,8.314041492443591,APOBEC3G
GO_Biological_Process_2021,protein K48-linked ubiquitination (GO:0070936),2/57,0.1908866417476455,0.2895382448008012,0,0,2.562919517758228,4.244388288028877,DTX3L;TNFAIP3
GO_Biological_Process_2021,response to muscle stretch (GO:0035994),1/15,0.1912932164367687,0.2895382448008012,0,0,5.026785714285714,8.314041492443591,ANKRD1
GO_Biological_Process_2021,positive regulation of natural killer cell activation (GO:0032816),1/15,0.1912932164367687,0.2895382448008012,0,0,5.026785714285714,8.314041492443591,IL23A
GO_Biological_Process_2021,intracellular cholesterol transport (GO:0032367),1/15,0.1912932164367687,0.2895382448008012,0,0,5.026785714285714,8.314041492443591,ABCA1
GO_Biological_Process_2021,superoxide anion generation (GO:0042554),1/15,0.1912932164367687,0.2895382448008012,0,0,5.026785714285714,8.314041492443591,DUOX2
GO_Biological_Process_2021,integrated stress response signaling (GO:0140467),1/15,0.1912932164367687,0.2895382448008012,0,0,5.026785714285714,8.314041492443591,CCL2
GO_Biological_Process_2021,"RNA phosphodiester bond hydrolysis, endonucleolytic (GO:0090502)",1/15,0.1912932164367687,0.2895382448008012,0,0,5.026785714285714,8.314041492443591,ZC3H12C
GO_Biological_Process_2021,photoreceptor cell development (GO:0042461),1/15,0.1912932164367687,0.2895382448008012,0,0,5.026785714285714,8.314041492443591,VEGFA
GO_Biological_Process_2021,nitric oxide biosynthetic process (GO:0006809),1/15,0.1912932164367687,0.2895382448008012,0,0,5.026785714285714,8.314041492443591,CYP1B1
GO_Biological_Process_2021,cellular sodium ion homeostasis (GO:0006883),1/15,0.1912932164367687,0.2895382448008012,0,0,5.026785714285714,8.314041492443591,TMPRSS3
GO_Biological_Process_2021,central nervous system neuron development (GO:0021954),1/15,0.1912932164367687,0.2895382448008012,0,0,5.026785714285714,8.314041492443591,MAP2
GO_Biological_Process_2021,"positive regulation of DNA damage response, signal transduction by p53 class mediator (GO:0043517)",1/15,0.1912932164367687,0.2895382448008012,0,0,5.026785714285714,8.314041492443591,ANKRD1
GO_Biological_Process_2021,positive regulation of endothelial cell chemotaxis (GO:2001028),1/15,0.1912932164367687,0.2895382448008012,0,0,5.026785714285714,8.314041492443591,VEGFA
GO_Biological_Process_2021,acute-phase response (GO:0006953),1/15,0.1912932164367687,0.2895382448008012,0,0,5.026785714285714,8.314041492443591,IL6
GO_Biological_Process_2021,androgen receptor signaling pathway (GO:0030521),1/15,0.1912932164367687,0.2895382448008012,0,0,5.026785714285714,8.314041492443591,NKX3-1
GO_Biological_Process_2021,regulation of branching involved in ureteric bud morphogenesis (GO:0090189),1/15,0.1912932164367687,0.2895382448008012,0,0,5.026785714285714,8.314041492443591,VEGFA
GO_Biological_Process_2021,regulation of extracellular matrix organization (GO:1903053),1/15,0.1912932164367687,0.2895382448008012,0,0,5.026785714285714,8.314041492443591,FAP
GO_Biological_Process_2021,endoderm development (GO:0007492),1/15,0.1912932164367687,0.2895382448008012,0,0,5.026785714285714,8.314041492443591,DUSP1
GO_Biological_Process_2021,eye photoreceptor cell development (GO:0042462),1/15,0.1912932164367687,0.2895382448008012,0,0,5.026785714285714,8.314041492443591,VEGFA
GO_Biological_Process_2021,regulation of phospholipase C activity (GO:1900274),1/15,0.1912932164367687,0.2895382448008012,0,0,5.026785714285714,8.314041492443591,RASGRP1
GO_Biological_Process_2021,electron transport chain (GO:0022900),1/15,0.1912932164367687,0.2895382448008012,0,0,5.026785714285714,8.314041492443591,DHRS2
GO_Biological_Process_2021,regulation of T cell chemotaxis (GO:0010819),1/15,0.1912932164367687,0.2895382448008012,0,0,5.026785714285714,8.314041492443591,CCL5
GO_Biological_Process_2021,ganglioside biosynthetic process (GO:0001574),1/15,0.1912932164367687,0.2895382448008012,0,0,5.026785714285714,8.314041492443591,ST6GALNAC3
GO_Biological_Process_2021,positive regulation of protein export from nucleus (GO:0046827),1/15,0.1912932164367687,0.2895382448008012,0,0,5.026785714285714,8.314041492443591,IL1B
GO_Biological_Process_2021,regulation of triglyceride biosynthetic process (GO:0010866),1/15,0.1912932164367687,0.2895382448008012,0,0,5.026785714285714,8.314041492443591,C3
GO_Biological_Process_2021,negative regulation of ubiquitin-protein transferase activity (GO:0051444),1/15,0.1912932164367687,0.2895382448008012,0,0,5.026785714285714,8.314041492443591,DTX3L
GO_Biological_Process_2021,negative regulation of transmembrane receptor protein serine/threonine kinase signaling pathway (GO:0090101),3/108,0.1943204511922743,0.293930094240415,0,0,2.015827338129496,3.3024224287983714,GREM1;BMP2;BMPER
GO_Biological_Process_2021,chordate embryonic development (GO:0043009),2/58,0.1959861971013891,0.2960669472028733,0,0,2.5170250896057347,4.102023589534526,BMP2;VEGFA
GO_Biological_Process_2021,negative regulation of hydrolase activity (GO:0051346),2/58,0.1959861971013891,0.2960669472028733,0,0,2.5170250896057347,4.102023589534526,MAP2;PTX3
GO_Biological_Process_2021,adenylate cyclase-modulating G protein-coupled receptor signaling pathway (GO:0007188),4/165,0.2027854483810824,0.30070845957651,0,0,1.7541987129179093,2.79901133065216,ABCA1;AKAP12;MARCO;ADRB2
GO_Biological_Process_2021,negative regulation of focal adhesion assembly (GO:0051895),1/16,0.2026640587017009,0.30070845957651,0,0,4.691428571428571,7.488484341979237,PHLDB2
GO_Biological_Process_2021,negative regulation of macrophage activation (GO:0043031),1/16,0.2026640587017009,0.30070845957651,0,0,4.691428571428571,7.488484341979237,CX3CL1
GO_Biological_Process_2021,negative regulation of receptor signaling pathway via JAK-STAT (GO:0046426),1/16,0.2026640587017009,0.30070845957651,0,0,4.691428571428571,7.488484341979237,PARP14
GO_Biological_Process_2021,body fluid secretion (GO:0007589),1/16,0.2026640587017009,0.30070845957651,0,0,4.691428571428571,7.488484341979237,VEGFA
GO_Biological_Process_2021,regulation of ceramide biosynthetic process (GO:2000303),1/16,0.2026640587017009,0.30070845957651,0,0,4.691428571428571,7.488484341979237,TNF
GO_Biological_Process_2021,regulation of blood vessel endothelial cell proliferation involved in sprouting angiogenesis (GO:1903587),1/16,0.2026640587017009,0.30070845957651,0,0,4.691428571428571,7.488484341979237,VEGFA
GO_Biological_Process_2021,regulation of ERBB signaling pathway (GO:1901184),1/16,0.2026640587017009,0.30070845957651,0,0,4.691428571428571,7.488484341979237,IFI6
GO_Biological_Process_2021,motor neuron axon guidance (GO:0008045),1/16,0.2026640587017009,0.30070845957651,0,0,4.691428571428571,7.488484341979237,LAMC2
GO_Biological_Process_2021,regulation of intrinsic apoptotic signaling pathway in response to DNA damage (GO:1902229),1/16,0.2026640587017009,0.30070845957651,0,0,4.691428571428571,7.488484341979237,SNAI2
GO_Biological_Process_2021,dendrite self-avoidance (GO:0070593),1/16,0.2026640587017009,0.30070845957651,0,0,4.691428571428571,7.488484341979237,MYPN
GO_Biological_Process_2021,dendritic cell chemotaxis (GO:0002407),1/16,0.2026640587017009,0.30070845957651,0,0,4.691428571428571,7.488484341979237,CCL5
GO_Biological_Process_2021,positive regulation of alpha-beta T cell proliferation (GO:0046641),1/16,0.2026640587017009,0.30070845957651,0,0,4.691428571428571,7.488484341979237,IL23A
GO_Biological_Process_2021,nucleoside diphosphate metabolic process (GO:0009132),1/16,0.2026640587017009,0.30070845957651,0,0,4.691428571428571,7.488484341979237,CMPK2
GO_Biological_Process_2021,positive regulation of endothelial cell apoptotic process (GO:2000353),1/16,0.2026640587017009,0.30070845957651,0,0,4.691428571428571,7.488484341979237,CCL2
GO_Biological_Process_2021,negative regulation of canonical Wnt signaling pathway (GO:0090090),4/165,0.2027854483810824,0.30070845957651,0,0,1.7541987129179093,2.79901133065216,GREM1;BMP2;SNAI2;RBMS3
GO_Biological_Process_2021,response to endoplasmic reticulum stress (GO:0034976),3/110,0.2014989054603388,0.30070845957651,0,0,1.97794661467088,3.1686137681203546,PPP1R15A;RASGRF2;CHAC1
GO_Biological_Process_2021,nitric oxide metabolic process (GO:0046209),1/16,0.2026640587017009,0.30070845957651,0,0,4.691428571428571,7.488484341979237,CYP1B1
GO_Biological_Process_2021,regulation of monocyte differentiation (GO:0045655),1/16,0.2026640587017009,0.30070845957651,0,0,4.691428571428571,7.488484341979237,IRF7
GO_Biological_Process_2021,positive regulation of apoptotic signaling pathway (GO:2001235),2/59,0.2011026210440613,0.30070845957651,0,0,2.47274099226561,3.9661280604129736,TNF;NKX3-1
GO_Biological_Process_2021,transepithelial transport (GO:0070633),1/16,0.2026640587017009,0.30070845957651,0,0,4.691428571428571,7.488484341979237,BEST1
GO_Biological_Process_2021,mesenchyme development (GO:0060485),1/16,0.2026640587017009,0.30070845957651,0,0,4.691428571428571,7.488484341979237,BMP2
GO_Biological_Process_2021,serine family amino acid metabolic process (GO:0009069),1/16,0.2026640587017009,0.30070845957651,0,0,4.691428571428571,7.488484341979237,CBS
GO_Biological_Process_2021,glycosphingolipid biosynthetic process (GO:0006688),1/16,0.2026640587017009,0.30070845957651,0,0,4.691428571428571,7.488484341979237,ST6GALNAC3
GO_Biological_Process_2021,aromatic amino acid family catabolic process (GO:0009074),1/16,0.2026640587017009,0.30070845957651,0,0,4.691428571428571,7.488484341979237,KMO
GO_Biological_Process_2021,purine ribonucleoside monophosphate biosynthetic process (GO:0009168),1/16,0.2026640587017009,0.30070845957651,0,0,4.691428571428571,7.488484341979237,AMPD3
GO_Biological_Process_2021,negative regulation of cell-substrate junction organization (GO:0150118),1/16,0.2026640587017009,0.30070845957651,0,0,4.691428571428571,7.488484341979237,PHLDB2
GO_Biological_Process_2021,negative regulation of anoikis (GO:2000811),1/16,0.2026640587017009,0.30070845957651,0,0,4.691428571428571,7.488484341979237,SNAI2
GO_Biological_Process_2021,regulation of cholesterol storage (GO:0010885),1/16,0.2026640587017009,0.30070845957651,0,0,4.691428571428571,7.488484341979237,ABCA1
KEGG_2021_Human,Cell adhesion molecules,4/148,0.1555995074792479,0.30210523944401,0,0,1.962996389891697,3.652095564784944,CD274;NRCAM;PDCD1LG2;ICAM1
KEGG_2021_Human,Cholesterol metabolism,2/50,0.155794181776059,0.30210523944401,0,0,2.9377240143369177,5.4618737449514505,ABCA1;ANGPTL4
KEGG_2021_Human,Dilated cardiomyopathy,3/96,0.1527924801127864,0.30210523944401,0,0,2.2773265258760733,4.278355539654831,ITGB3;ITGA2;TNF
KEGG_2021_Human,Cysteine and methionine metabolism,2/50,0.155794181776059,0.30210523944401,0,0,2.9377240143369177,5.4618737449514505,CBS;BCAT1
GO_Biological_Process_2021,regulation of protein serine/threonine kinase activity (GO:0071900),3/111,0.2051115145810567,0.3039651324380448,0,0,1.9595323741007196,3.104294075749063,HERC5;GADD45A;ADRB2
GO_Biological_Process_2021,adenylate cyclase-inhibiting G protein-coupled receptor signaling pathway (GO:0007193),2/60,0.2062344397556637,0.3052426243062954,0,0,2.4299839327648005,3.83631696552588,AKAP12;MARCO
GO_Biological_Process_2021,cellular protein catabolic process (GO:0044257),2/60,0.2062344397556637,0.3052426243062954,0,0,2.4299839327648005,3.83631696552588,FAP;VLDLR
GO_Biological_Process_2021,regulation of cytoskeleton organization (GO:0051493),3/112,0.2087389881464637,0.3087542555390172,0,0,1.9414560095043232,3.0416221833741237,TRIM36;PHLDB2;RND3
GO_Biological_Process_2021,positive regulation of blood coagulation (GO:0030194),1/17,0.2138755819123929,0.3114305299782199,0,0,4.397991071428572,6.783289141525979,SERPINE1
GO_Biological_Process_2021,cellular biogenic amine biosynthetic process (GO:0042401),1/17,0.2138755819123929,0.3114305299782199,0,0,4.397991071428572,6.783289141525979,SAT1
GO_Biological_Process_2021,cellular modified amino acid catabolic process (GO:0042219),1/17,0.2138755819123929,0.3114305299782199,0,0,4.397991071428572,6.783289141525979,CHAC1
GO_Biological_Process_2021,stem cell development (GO:0048864),1/17,0.2138755819123929,0.3114305299782199,0,0,4.397991071428572,6.783289141525979,SNAI2
GO_Biological_Process_2021,membrane depolarization during cardiac muscle cell action potential (GO:0086012),1/17,0.2138755819123929,0.3114305299782199,0,0,4.397991071428572,6.783289141525979,ANK2
GO_Biological_Process_2021,positive regulation of cyclin-dependent protein serine/threonine kinase activity (GO:0045737),1/17,0.2138755819123929,0.3114305299782199,0,0,4.397991071428572,6.783289141525979,PDGFB
GO_Biological_Process_2021,positive regulation of DNA replication (GO:0045740),1/17,0.2138755819123929,0.3114305299782199,0,0,4.397991071428572,6.783289141525979,EREG
GO_Biological_Process_2021,positive regulation of positive chemotaxis (GO:0050927),1/17,0.2138755819123929,0.3114305299782199,0,0,4.397991071428572,6.783289141525979,VEGFA
GO_Biological_Process_2021,positive regulation of transcription of Notch receptor target (GO:0007221),1/17,0.2138755819123929,0.3114305299782199,0,0,4.397991071428572,6.783289141525979,STAT1
GO_Biological_Process_2021,regulation of cardiac muscle contraction by regulation of the release of sequestered calcium ion (GO:0010881),1/17,0.2138755819123929,0.3114305299782199,0,0,4.397991071428572,6.783289141525979,ANK2
GO_Biological_Process_2021,adenylate cyclase-activating adrenergic receptor signaling pathway (GO:0071880),1/17,0.2138755819123929,0.3114305299782199,0,0,4.397991071428572,6.783289141525979,ADRB2
GO_Biological_Process_2021,positive regulation of DNA biosynthetic process (GO:2000573),2/61,0.2113802172333129,0.3114305299782199,0,0,2.388676265111476,3.7122341152674463,GREM1;PDGFB
GO_Biological_Process_2021,mesenchyme morphogenesis (GO:0072132),1/17,0.2138755819123929,0.3114305299782199,0,0,4.397991071428572,6.783289141525979,BMP2
GO_Biological_Process_2021,negative regulation of ATPase activity (GO:0032780),1/17,0.2138755819123929,0.3114305299782199,0,0,4.397991071428572,6.783289141525979,IFIT1
GO_Biological_Process_2021,negative regulation of cytokine production involved in immune response (GO:0002719),1/17,0.2138755819123929,0.3114305299782199,0,0,4.397991071428572,6.783289141525979,TNF
GO_Biological_Process_2021,negative regulation of phagocytosis (GO:0050765),1/17,0.2138755819123929,0.3114305299782199,0,0,4.397991071428572,6.783289141525979,TLR2
GO_Biological_Process_2021,negative regulation of vascular associated smooth muscle cell proliferation (GO:1904706),1/17,0.2138755819123929,0.3114305299782199,0,0,4.397991071428572,6.783289141525979,SOD2
GO_Biological_Process_2021,regulation of leukocyte migration (GO:0002685),1/17,0.2138755819123929,0.3114305299782199,0,0,4.397991071428572,6.783289141525979,VEGFA
GO_Biological_Process_2021,regulation of metal ion transport (GO:0010959),1/17,0.2138755819123929,0.3114305299782199,0,0,4.397991071428572,6.783289141525979,ANK2
GO_Biological_Process_2021,regulation of NLRP3 inflammasome complex assembly (GO:1900225),1/17,0.2138755819123929,0.3114305299782199,0,0,4.397991071428572,6.783289141525979,GBP5
GO_Biological_Process_2021,regulation of steroid biosynthetic process (GO:0050810),1/17,0.2138755819123929,0.3114305299782199,0,0,4.397991071428572,6.783289141525979,BMP2
GO_Biological_Process_2021,histone H2A ubiquitination (GO:0033522),1/17,0.2138755819123929,0.3114305299782199,0,0,4.397991071428572,6.783289141525979,DTX3L
GO_Biological_Process_2021,reverse cholesterol transport (GO:0043691),1/17,0.2138755819123929,0.3114305299782199,0,0,4.397991071428572,6.783289141525979,ABCA1
GO_Biological_Process_2021,"regulation of DNA-templated transcription, initiation (GO:2000142)",2/61,0.2113802172333129,0.3114305299782199,0,0,2.388676265111476,3.7122341152674463,IL6;RUNX2
GO_Biological_Process_2021,pattern recognition receptor signaling pathway (GO:0002221),2/61,0.2113802172333129,0.3114305299782199,0,0,2.388676265111476,3.7122341152674463,IRAK2;TLR2
GO_Biological_Process_2021,regulation of platelet aggregation (GO:0090330),1/18,0.2249300104124895,0.3189916511304397,0,0,4.139075630252101,6.175360070381389,C1QTNF1
GO_Biological_Process_2021,regulation of protein-containing complex disassembly (GO:0043244),1/18,0.2249300104124895,0.3189916511304397,0,0,4.139075630252101,6.175360070381389,TNF
GO_Biological_Process_2021,epithelial structure maintenance (GO:0010669),1/18,0.2249300104124895,0.3189916511304397,0,0,4.139075630252101,6.175360070381389,SERPINA3
GO_Biological_Process_2021,regulation of single stranded viral RNA replication via double stranded DNA intermediate (GO:0045091),1/18,0.2249300104124895,0.3189916511304397,0,0,4.139075630252101,6.175360070381389,APOBEC3G
GO_Biological_Process_2021,positive regulation of nitric-oxide synthase activity (GO:0051000),1/18,0.2249300104124895,0.3189916511304397,0,0,4.139075630252101,6.175360070381389,TNF
GO_Biological_Process_2021,positive regulation of peptidyl-serine phosphorylation of STAT protein (GO:0033141),1/18,0.2249300104124895,0.3189916511304397,0,0,4.139075630252101,6.175360070381389,LIF
GO_Biological_Process_2021,regulation of ventricular cardiac muscle cell membrane repolarization (GO:0060307),1/18,0.2249300104124895,0.3189916511304397,0,0,4.139075630252101,6.175360070381389,ANK2
GO_Biological_Process_2021,leukocyte tethering or rolling (GO:0050901),1/18,0.2249300104124895,0.3189916511304397,0,0,4.139075630252101,6.175360070381389,TNF
GO_Biological_Process_2021,maintenance of gastrointestinal epithelium (GO:0030277),1/18,0.2249300104124895,0.3189916511304397,0,0,4.139075630252101,6.175360070381389,SERPINA3
GO_Biological_Process_2021,T cell migration (GO:0072678),1/18,0.2249300104124895,0.3189916511304397,0,0,4.139075630252101,6.175360070381389,CCL20
GO_Biological_Process_2021,ventricular cardiac muscle cell action potential (GO:0086005),1/18,0.2249300104124895,0.3189916511304397,0,0,4.139075630252101,6.175360070381389,ANK2
GO_Biological_Process_2021,negative regulation of biosynthetic process (GO:0009890),1/18,0.2249300104124895,0.3189916511304397,0,0,4.139075630252101,6.175360070381389,IL6
GO_Biological_Process_2021,positive regulation of phosphoprotein phosphatase activity (GO:0032516),1/18,0.2249300104124895,0.3189916511304397,0,0,4.139075630252101,6.175360070381389,PPP1R15A
GO_Biological_Process_2021,"positive regulation of synaptic transmission, glutamatergic (GO:0051968)",1/18,0.2249300104124895,0.3189916511304397,0,0,4.139075630252101,6.175360070381389,CCL2
GO_Biological_Process_2021,negative regulation of signal transduction by p53 class mediator (GO:1901797),1/18,0.2249300104124895,0.3189916511304397,0,0,4.139075630252101,6.175360070381389,SNAI2
GO_Biological_Process_2021,outer dynein arm assembly (GO:0036158),1/18,0.2249300104124895,0.3189916511304397,0,0,4.139075630252101,6.175360070381389,DNAH17
GO_Biological_Process_2021,positive regulation of macrophage derived foam cell differentiation (GO:0010744),1/18,0.2249300104124895,0.3189916511304397,0,0,4.139075630252101,6.175360070381389,CSF2
GO_Biological_Process_2021,phosphatidylinositol acyl-chain remodeling (GO:0036149),1/18,0.2249300104124895,0.3189916511304397,0,0,4.139075630252101,6.175360070381389,PLA2G4C
GO_Biological_Process_2021,positive regulation of amyloid-beta formation (GO:1902004),1/18,0.2249300104124895,0.3189916511304397,0,0,4.139075630252101,6.175360070381389,TNF
GO_Biological_Process_2021,positive regulation of cell migration involved in sprouting angiogenesis (GO:0090050),1/18,0.2249300104124895,0.3189916511304397,0,0,4.139075630252101,6.175360070381389,VEGFA
GO_Biological_Process_2021,positive regulation of CREB transcription factor activity (GO:0032793),1/18,0.2249300104124895,0.3189916511304397,0,0,4.139075630252101,6.175360070381389,VEGFA
GO_Biological_Process_2021,positive regulation of excitatory postsynaptic potential (GO:2000463),1/18,0.2249300104124895,0.3189916511304397,0,0,4.139075630252101,6.175360070381389,CUX2
GO_Biological_Process_2021,positive regulation of interleukin-4 production (GO:0032753),1/18,0.2249300104124895,0.3189916511304397,0,0,4.139075630252101,6.175360070381389,NLRP3
GO_Biological_Process_2021,positive regulation of lymphocyte chemotaxis (GO:0140131),1/18,0.2249300104124895,0.3189916511304397,0,0,4.139075630252101,6.175360070381389,CCL5
GO_Biological_Process_2021,positive regulation of viral process (GO:0048524),2/63,0.2217080887758029,0.3189916511304397,0,0,2.3101239790822024,3.4799561570098274,CCL5;IFIT1
GO_Biological_Process_2021,positive regulation of nervous system process (GO:0031646),1/18,0.2249300104124895,0.3189916511304397,0,0,4.139075630252101,6.175360070381389,TNFRSF1B
GO_Biological_Process_2021,positive regulation of I-kappaB kinase/NF-kappaB signaling (GO:0043123),4/171,0.220364056376135,0.3189916511304397,0,0,1.6906547915000325,2.5570719199416514,TRIM14;TNF;CX3CL1;BIRC3
GO_Biological_Process_2021,calcium ion transport (GO:0006816),3/115,0.2197052340082328,0.3189916511304397,0,0,1.889163669064748,2.8629679873077625,CCL5;ANK2;FYN
GO_Biological_Process_2021,negative regulation of cation transmembrane transport (GO:1904063),1/18,0.2249300104124895,0.3189916511304397,0,0,4.139075630252101,6.175360070381389,MMP9
GO_Biological_Process_2021,base conversion or substitution editing (GO:0016553),1/18,0.2249300104124895,0.3189916511304397,0,0,4.139075630252101,6.175360070381389,APOBEC3G
GO_Biological_Process_2021,pulmonary valve development (GO:0003177),1/18,0.2249300104124895,0.3189916511304397,0,0,4.139075630252101,6.175360070381389,TNFRSF1B
GO_Biological_Process_2021,cellular response to DNA damage stimulus (GO:0006974),7/350,0.223341758877771,0.3189916511304397,0,0,1.443169968717414,2.1633870150649974,PPP1R15A;DTX3L;BCL2A1;GADD45A;IRF7;TNFRSF1B;SAMHD1
GO_Biological_Process_2021,negative regulation of peptidase activity (GO:0010466),2/63,0.2217080887758029,0.3189916511304397,0,0,2.3101239790822024,3.4799561570098274,SERPINA3;SERPINE1
GO_Biological_Process_2021,regulation of cartilage development (GO:0061035),1/18,0.2249300104124895,0.3189916511304397,0,0,4.139075630252101,6.175360070381389,BMP2
GO_Biological_Process_2021,regulation of catabolic process (GO:0009894),1/18,0.2249300104124895,0.3189916511304397,0,0,4.139075630252101,6.175360070381389,FAP
GO_Biological_Process_2021,cellular response to glucocorticoid stimulus (GO:0071385),1/18,0.2249300104124895,0.3189916511304397,0,0,4.139075630252101,6.175360070381389,KLF9
GO_Biological_Process_2021,negative regulation of Rho protein signal transduction (GO:0035024),1/18,0.2249300104124895,0.3189916511304397,0,0,4.139075630252101,6.175360070381389,HEG1
GO_Biological_Process_2021,dendritic cell migration (GO:0036336),1/18,0.2249300104124895,0.3189916511304397,0,0,4.139075630252101,6.175360070381389,CCL5
GO_Biological_Process_2021,regulation of multicellular organism growth (GO:0040014),1/18,0.2249300104124895,0.3189916511304397,0,0,4.139075630252101,6.175360070381389,STAT5A
GO_Biological_Process_2021,cell cycle G1/S phase transition (GO:0044843),2/63,0.2217080887758029,0.3189916511304397,0,0,2.3101239790822024,3.4799561570098274,INHBA;BCAT1
GO_Biological_Process_2021,regulation of transcription by RNA polymerase I (GO:0006356),1/18,0.2249300104124895,0.3189916511304397,0,0,4.139075630252101,6.175360070381389,BNC1
GO_Biological_Process_2021,regulation of vascular endothelial cell proliferation (GO:1905562),1/18,0.2249300104124895,0.3189916511304397,0,0,4.139075630252101,6.175360070381389,CCL2
GO_Biological_Process_2021,positive regulation of Ras protein signal transduction (GO:0046579),2/63,0.2217080887758029,0.3189916511304397,0,0,2.3101239790822024,3.4799561570098274,RASGRP1;VAV1
GO_Biological_Process_2021,regulation of autophagy (GO:0010506),5/231,0.2257645130537707,0.3199811996037695,0,0,1.5625400795177633,2.325470274768049,DRAM1;IFI16;NEDD4;LAMP3;TRIM14
GO_Biological_Process_2021,plasma membrane organization (GO:0007009),2/64,0.2268874930271272,0.3209895608727193,0,0,2.272748294600532,3.3711698403903188,COL5A1;ANK2
GO_Biological_Process_2021,regulation of transcription initiation from RNA polymerase II promoter (GO:0060260),2/64,0.2268874930271272,0.3209895608727193,0,0,2.272748294600532,3.3711698403903188,IL6;RUNX2
GO_Biological_Process_2021,regulation of extrinsic apoptotic signaling pathway (GO:2001236),2/64,0.2268874930271272,0.3209895608727193,0,0,2.272748294600532,3.3711698403903188,TRAF1;TNF
GO_Biological_Process_2021,neural crest cell differentiation (GO:0014033),1/19,0.2358295376468709,0.3276966259463645,0,0,3.908928571428572,5.647018154174308,SNAI2
GO_Biological_Process_2021,ureteric bud development (GO:0001657),1/19,0.2358295376468709,0.3276966259463645,0,0,3.908928571428572,5.647018154174308,BMP2
GO_Biological_Process_2021,positive regulation of focal adhesion assembly (GO:0051894),1/19,0.2358295376468709,0.3276966259463645,0,0,3.908928571428572,5.647018154174308,VEGFA
GO_Biological_Process_2021,endocardial cushion morphogenesis (GO:0003203),1/19,0.2358295376468709,0.3276966259463645,0,0,3.908928571428572,5.647018154174308,BMP2
GO_Biological_Process_2021,regulation of T cell cytokine production (GO:0002724),1/19,0.2358295376468709,0.3276966259463645,0,0,3.908928571428572,5.647018154174308,TNFRSF1B
GO_Biological_Process_2021,regulation of stem cell population maintenance (GO:2000036),1/19,0.2358295376468709,0.3276966259463645,0,0,3.908928571428572,5.647018154174308,LOXL2
GO_Biological_Process_2021,glycerolipid catabolic process (GO:0046503),1/19,0.2358295376468709,0.3276966259463645,0,0,3.908928571428572,5.647018154174308,PLA2G4C
GO_Biological_Process_2021,leukocyte adhesion to vascular endothelial cell (GO:0061756),1/19,0.2358295376468709,0.3276966259463645,0,0,3.908928571428572,5.647018154174308,TNF
GO_Biological_Process_2021,mesenchymal cell development (GO:0014031),1/19,0.2358295376468709,0.3276966259463645,0,0,3.908928571428572,5.647018154174308,SNAI2
GO_Biological_Process_2021,maintenance of protein localization in organelle (GO:0072595),1/19,0.2358295376468709,0.3276966259463645,0,0,3.908928571428572,5.647018154174308,HK2
GO_Biological_Process_2021,positive regulation of establishment of protein localization (GO:1904951),1/19,0.2358295376468709,0.3276966259463645,0,0,3.908928571428572,5.647018154174308,TNF
GO_Biological_Process_2021,negative regulation of T cell receptor signaling pathway (GO:0050860),1/19,0.2358295376468709,0.3276966259463645,0,0,3.908928571428572,5.647018154174308,GBP1
GO_Biological_Process_2021,branching involved in ureteric bud morphogenesis (GO:0001658),1/19,0.2358295376468709,0.3276966259463645,0,0,3.908928571428572,5.647018154174308,BMP2
GO_Biological_Process_2021,regulation of cell-cell adhesion mediated by cadherin (GO:2000047),1/19,0.2358295376468709,0.3276966259463645,0,0,3.908928571428572,5.647018154174308,VEGFA
GO_Biological_Process_2021,carbohydrate derivative catabolic process (GO:1901136),1/19,0.2358295376468709,0.3276966259463645,0,0,3.908928571428572,5.647018154174308,SAMHD1
GO_Biological_Process_2021,ureteric bud morphogenesis (GO:0060675),1/19,0.2358295376468709,0.3276966259463645,0,0,3.908928571428572,5.647018154174308,BMP2
GO_Biological_Process_2021,negative regulation of RNA metabolic process (GO:0051253),1/19,0.2358295376468709,0.3276966259463645,0,0,3.908928571428572,5.647018154174308,TNF
GO_Biological_Process_2021,negative regulation of striated muscle cell differentiation (GO:0051154),1/19,0.2358295376468709,0.3276966259463645,0,0,3.908928571428572,5.647018154174308,BMP2
GO_Biological_Process_2021,negative regulation of calcium ion transport (GO:0051926),1/19,0.2358295376468709,0.3276966259463645,0,0,3.908928571428572,5.647018154174308,STC1
GO_Biological_Process_2021,regulation of oligodendrocyte differentiation (GO:0048713),1/19,0.2358295376468709,0.3276966259463645,0,0,3.908928571428572,5.647018154174308,TNFRSF1B
GO_Biological_Process_2021,BMP signaling pathway (GO:0030509),2/65,0.2320754749463483,0.3276966259463645,0,0,2.236559139784946,3.266925468095444,BMP2;RUNX2
GO_Biological_Process_2021,atrioventricular valve morphogenesis (GO:0003181),1/19,0.2358295376468709,0.3276966259463645,0,0,3.908928571428572,5.647018154174308,BMP2
GO_Biological_Process_2021,aspartate family amino acid metabolic process (GO:0009066),1/19,0.2358295376468709,0.3276966259463645,0,0,3.908928571428572,5.647018154174308,ASNS
GO_Biological_Process_2021,pyroptosis (GO:0070269),1/19,0.2358295376468709,0.3276966259463645,0,0,3.908928571428572,5.647018154174308,NLRP1
GO_Biological_Process_2021,regulation of collagen biosynthetic process (GO:0032965),1/19,0.2358295376468709,0.3276966259463645,0,0,3.908928571428572,5.647018154174308,IL6
GO_Biological_Process_2021,regulation of epithelial cell differentiation (GO:0030856),1/19,0.2358295376468709,0.3276966259463645,0,0,3.908928571428572,5.647018154174308,MAFF
GO_Biological_Process_2021,regulation of leukocyte chemotaxis (GO:0002688),1/19,0.2358295376468709,0.3276966259463645,0,0,3.908928571428572,5.647018154174308,IL6
GO_Biological_Process_2021,positive regulation of G protein-coupled receptor signaling pathway (GO:0045745),1/19,0.2358295376468709,0.3276966259463645,0,0,3.908928571428572,5.647018154174308,C3
GO_Biological_Process_2021,cardiac atrium morphogenesis (GO:0003209),1/19,0.2358295376468709,0.3276966259463645,0,0,3.908928571428572,5.647018154174308,BMP2
GO_Biological_Process_2021,activin receptor signaling pathway (GO:0032924),1/19,0.2358295376468709,0.3276966259463645,0,0,3.908928571428572,5.647018154174308,INHBA
GO_Biological_Process_2021,ERBB signaling pathway (GO:0038127),2/66,0.2372707762841838,0.3295036299732879,0,0,2.201500896057348,3.166976321857551,EREG;HBEGF
GO_Biological_Process_2021,protein homooligomerization (GO:0051260),3/121,0.2419676874221656,0.335827039482721,0,0,1.7925557858797707,2.5435489769195243,GBP5;SAMHD1;SOD2
GO_Biological_Process_2021,embryonic digestive tract development (GO:0048566),1/20,0.2465763264894162,0.3362404452128403,0,0,3.703007518796992,5.184520440263509,TNF
GO_Biological_Process_2021,myeloid cell development (GO:0061515),1/20,0.2465763264894162,0.3362404452128403,0,0,3.703007518796992,5.184520440263509,TLR2
GO_Biological_Process_2021,negative regulation of axon extension involved in axon guidance (GO:0048843),1/20,0.2465763264894162,0.3362404452128403,0,0,3.703007518796992,5.184520440263509,SEMA7A
GO_Biological_Process_2021,natural killer cell mediated immunity (GO:0002228),1/20,0.2465763264894162,0.3362404452128403,0,0,3.703007518796992,5.184520440263509,ULBP1
GO_Biological_Process_2021,negative regulation of cyclin-dependent protein serine/threonine kinase activity (GO:0045736),1/20,0.2465763264894162,0.3362404452128403,0,0,3.703007518796992,5.184520440263509,MYOCD
GO_Biological_Process_2021,purine ribonucleoside monophosphate metabolic process (GO:0009167),1/20,0.2465763264894162,0.3362404452128403,0,0,3.703007518796992,5.184520440263509,AMPD3
GO_Biological_Process_2021,branched-chain amino acid catabolic process (GO:0009083),1/20,0.2465763264894162,0.3362404452128403,0,0,3.703007518796992,5.184520440263509,BCAT1
GO_Biological_Process_2021,branched-chain amino acid metabolic process (GO:0009081),1/20,0.2465763264894162,0.3362404452128403,0,0,3.703007518796992,5.184520440263509,BCAT1
GO_Biological_Process_2021,regulation of tissue remodeling (GO:0034103),1/20,0.2465763264894162,0.3362404452128403,0,0,3.703007518796992,5.184520440263509,IL23A
GO_Biological_Process_2021,ganglioside metabolic process (GO:0001573),1/20,0.2465763264894162,0.3362404452128403,0,0,3.703007518796992,5.184520440263509,ST6GALNAC3
GO_Biological_Process_2021,growth hormone receptor signaling pathway (GO:0060396),1/20,0.2465763264894162,0.3362404452128403,0,0,3.703007518796992,5.184520440263509,STAT5A
GO_Biological_Process_2021,cellular modified amino acid biosynthetic process (GO:0042398),1/20,0.2465763264894162,0.3362404452128403,0,0,3.703007518796992,5.184520440263509,CHAC1
GO_Biological_Process_2021,modulation by symbiont of entry into host (GO:0052372),1/20,0.2465763264894162,0.3362404452128403,0,0,3.703007518796992,5.184520440263509,TRIM14
GO_Biological_Process_2021,adrenergic receptor signaling pathway (GO:0071875),1/20,0.2465763264894162,0.3362404452128403,0,0,3.703007518796992,5.184520440263509,ADRB2
GO_Biological_Process_2021,regulation of protein localization to cell periphery (GO:1904375),1/20,0.2465763264894162,0.3362404452128403,0,0,3.703007518796992,5.184520440263509,GBP1
GO_Biological_Process_2021,protein targeting to lysosome (GO:0006622),1/20,0.2465763264894162,0.3362404452128403,0,0,3.703007518796992,5.184520440263509,NEDD4
GO_Biological_Process_2021,regulation of programmed necrotic cell death (GO:0062098),1/20,0.2465763264894162,0.3362404452128403,0,0,3.703007518796992,5.184520440263509,BIRC3
GO_Biological_Process_2021,cellular monovalent inorganic cation homeostasis (GO:0030004),1/20,0.2465763264894162,0.3362404452128403,0,0,3.703007518796992,5.184520440263509,TMPRSS3
GO_Biological_Process_2021,regulation of granulocyte chemotaxis (GO:0071622),1/20,0.2465763264894162,0.3362404452128403,0,0,3.703007518796992,5.184520440263509,CCL5
GO_Biological_Process_2021,cortical actin cytoskeleton organization (GO:0030866),1/20,0.2465763264894162,0.3362404452128403,0,0,3.703007518796992,5.184520440263509,TNF
GO_Biological_Process_2021,dopaminergic neuron differentiation (GO:0071542),1/20,0.2465763264894162,0.3362404452128403,0,0,3.703007518796992,5.184520440263509,VEGFA
GO_Biological_Process_2021,negative regulation of dephosphorylation (GO:0035305),1/20,0.2465763264894162,0.3362404452128403,0,0,3.703007518796992,5.184520440263509,PPP1R15A
GO_Biological_Process_2021,nucleobase-containing compound biosynthetic process (GO:0034654),1/20,0.2465763264894162,0.3362404452128403,0,0,3.703007518796992,5.184520440263509,AMPD3
GO_Biological_Process_2021,positive regulation of activated T cell proliferation (GO:0042104),1/20,0.2465763264894162,0.3362404452128403,0,0,3.703007518796992,5.184520440263509,IL23A
GO_Biological_Process_2021,positive regulation of alpha-beta T cell activation (GO:0046635),1/20,0.2465763264894162,0.3362404452128403,0,0,3.703007518796992,5.184520440263509,IL23A
GO_Biological_Process_2021,positive regulation of cyclin-dependent protein kinase activity (GO:1904031),1/20,0.2465763264894162,0.3362404452128403,0,0,3.703007518796992,5.184520440263509,PDGFB
GO_Biological_Process_2021,positive regulation of dendrite morphogenesis (GO:0050775),1/20,0.2465763264894162,0.3362404452128403,0,0,3.703007518796992,5.184520440263509,CUX2
GO_Biological_Process_2021,positive regulation of natural killer cell mediated cytotoxicity (GO:0045954),1/20,0.2465763264894162,0.3362404452128403,0,0,3.703007518796992,5.184520440263509,RASGRP1
GO_Biological_Process_2021,positive regulation of peptidyl-lysine acetylation (GO:2000758),1/20,0.2465763264894162,0.3362404452128403,0,0,3.703007518796992,5.184520440263509,IL1B
GO_Biological_Process_2021,positive regulation of protein processing (GO:0010954),1/20,0.2465763264894162,0.3362404452128403,0,0,3.703007518796992,5.184520440263509,CCBE1
KEGG_2021_Human,Protein digestion and absorption,3/103,0.1766727924623064,0.3396382130956407,0,0,2.117158273381295,3.67000047352984,COL5A1;COL4A1;COL22A1
GO_Biological_Process_2021,peptidyl-tyrosine phosphorylation (GO:0018108),2/69,0.2528885122847901,0.3446471279827657,0,0,2.102605253303376,2.890675474896756,PDGFB;FYN
GO_Biological_Process_2021,intrinsic apoptotic signaling pathway in response to DNA damage by p53 class mediator (GO:0042771),1/21,0.2571725097501544,0.3456540337825166,0,0,3.517678571428571,4.777036257396929,IFI16
GO_Biological_Process_2021,NAD biosynthetic process (GO:0009435),1/21,0.2571725097501544,0.3456540337825166,0,0,3.517678571428571,4.777036257396929,PARP9
GO_Biological_Process_2021,negative regulation of peptidyl-serine phosphorylation (GO:0033137),1/21,0.2571725097501544,0.3456540337825166,0,0,3.517678571428571,4.777036257396929,GADD45A
GO_Biological_Process_2021,regulation of phosphorylation (GO:0042325),3/125,0.2570095505036369,0.3456540337825166,0,0,1.7334296497228447,2.355110383855323,CCL5;INHBA;EREG
GO_Biological_Process_2021,regulation of anoikis (GO:2000209),1/21,0.2571725097501544,0.3456540337825166,0,0,3.517678571428571,4.777036257396929,SNAI2
GO_Biological_Process_2021,cellular response to oxidative stress (GO:0034599),3/125,0.2570095505036369,0.3456540337825166,0,0,1.7334296497228447,2.355110383855323,SOD2;MMP9;DHRS2
GO_Biological_Process_2021,nuclear-transcribed mRNA poly(A) tail shortening (GO:0000289),1/21,0.2571725097501544,0.3456540337825166,0,0,3.517678571428571,4.777036257396929,SAMD4A
GO_Biological_Process_2021,cellular response to steroid hormone stimulus (GO:0071383),1/21,0.2571725097501544,0.3456540337825166,0,0,3.517678571428571,4.777036257396929,NKX3-1
GO_Biological_Process_2021,negative regulation of protein localization to cell periphery (GO:1904376),1/21,0.2571725097501544,0.3456540337825166,0,0,3.517678571428571,4.777036257396929,GBP1
GO_Biological_Process_2021,negative regulation of protein localization to plasma membrane (GO:1903077),1/21,0.2571725097501544,0.3456540337825166,0,0,3.517678571428571,4.777036257396929,GBP1
GO_Biological_Process_2021,regulation of lipopolysaccharide-mediated signaling pathway (GO:0031664),1/21,0.2571725097501544,0.3456540337825166,0,0,3.517678571428571,4.777036257396929,CX3CL1
GO_Biological_Process_2021,positive regulation of immune system process (GO:0002684),1/21,0.2571725097501544,0.3456540337825166,0,0,3.517678571428571,4.777036257396929,VEGFA
GO_Biological_Process_2021,calcium-mediated signaling using intracellular calcium source (GO:0035584),1/21,0.2571725097501544,0.3456540337825166,0,0,3.517678571428571,4.777036257396929,CCL20
GO_Biological_Process_2021,regulation of cardiac muscle contraction by calcium ion signaling (GO:0010882),1/21,0.2571725097501544,0.3456540337825166,0,0,3.517678571428571,4.777036257396929,ANK2
GO_Biological_Process_2021,neuron apoptotic process (GO:0051402),1/21,0.2571725097501544,0.3456540337825166,0,0,3.517678571428571,4.777036257396929,NLRP1
GO_Biological_Process_2021,negative regulation of response to wounding (GO:1903035),1/21,0.2571725097501544,0.3456540337825166,0,0,3.517678571428571,4.777036257396929,SERPINE1
GO_Biological_Process_2021,sensory perception of pain (GO:0019233),1/21,0.2571725097501544,0.3456540337825166,0,0,3.517678571428571,4.777036257396929,CCL2
GO_Biological_Process_2021,positive regulation of lipid storage (GO:0010884),1/21,0.2571725097501544,0.3456540337825166,0,0,3.517678571428571,4.777036257396929,C3
GO_Biological_Process_2021,endocardial cushion development (GO:0003197),1/21,0.2571725097501544,0.3456540337825166,0,0,3.517678571428571,4.777036257396929,BMP2
GO_Biological_Process_2021,regulation of lipoprotein lipase activity (GO:0051004),1/21,0.2571725097501544,0.3456540337825166,0,0,3.517678571428571,4.777036257396929,ANGPTL4
GO_Biological_Process_2021,extrinsic apoptotic signaling pathway in absence of ligand (GO:0097192),1/21,0.2571725097501544,0.3456540337825166,0,0,3.517678571428571,4.777036257396929,BCL2A1
GO_Biological_Process_2021,regulation of transposition (GO:0010528),1/21,0.2571725097501544,0.3456540337825166,0,0,3.517678571428571,4.777036257396929,APOBEC3G
GO_Biological_Process_2021,histone ubiquitination (GO:0016574),1/21,0.2571725097501544,0.3456540337825166,0,0,3.517678571428571,4.777036257396929,DTX3L
GO_Biological_Process_2021,hydrogen peroxide catabolic process (GO:0042744),1/21,0.2571725097501544,0.3456540337825166,0,0,3.517678571428571,4.777036257396929,PXDN
GO_Biological_Process_2021,sterol metabolic process (GO:0016125),2/70,0.2581011676905353,0.3461070099689701,0,0,2.071579169302129,2.805754384208094,ABCA1;CYP1B1
GO_Biological_Process_2021,carbohydrate homeostasis (GO:0033500),2/70,0.2581011676905353,0.3461070099689701,0,0,2.071579169302129,2.805754384208094,IL6;OAS1
GO_Biological_Process_2021,kidney development (GO:0001822),2/70,0.2581011676905353,0.3461070099689701,0,0,2.071579169302129,2.805754384208094,HAS2;VEGFA
GO_Biological_Process_2021,wound healing (GO:0042060),2/70,0.2581011676905353,0.3461070099689701,0,0,2.071579169302129,2.805754384208094,ITGB3;EREG
GO_Biological_Process_2021,circulatory system development (GO:0072359),3/126,0.2607905178139491,0.3493130003918951,0,0,1.7192489910510615,2.31073564476418,BMP2;HEG1;PDGFB
GO_Biological_Process_2021,synapse organization (GO:0050808),3/126,0.2607905178139491,0.3493130003918951,0,0,1.7192489910510615,2.31073564476418,NEDD4;NRCAM;CX3CL1
GO_Biological_Process_2021,Fc-gamma receptor signaling pathway involved in phagocytosis (GO:0038096),2/71,0.2633153393436206,0.3522915346278286,0,0,2.041452392083528,2.724120106795724,FYN;VAV1
GO_Biological_Process_2021,cellular response to BMP stimulus (GO:0071773),2/71,0.2633153393436206,0.3522915346278286,0,0,2.041452392083528,2.724120106795724,BMP2;RUNX2
GO_Biological_Process_2021,membrane lipid metabolic process (GO:0006643),1/22,0.2676201906010945,0.354203193442625,0,0,3.35,4.415924784706917,CYP1B1
GO_Biological_Process_2021,negative regulation of biomineral tissue development (GO:0070168),1/22,0.2676201906010945,0.354203193442625,0,0,3.35,4.415924784706917,GREM1
GO_Biological_Process_2021,natural killer cell mediated cytotoxicity (GO:0042267),1/22,0.2676201906010945,0.354203193442625,0,0,3.35,4.415924784706917,ULBP1
GO_Biological_Process_2021,ubiquitin-dependent protein catabolic process via the multivesicular body sorting pathway (GO:0043162),1/22,0.2676201906010945,0.354203193442625,0,0,3.35,4.415924784706917,NEDD4
GO_Biological_Process_2021,negative regulation of cyclin-dependent protein kinase activity (GO:1904030),1/22,0.2676201906010945,0.354203193442625,0,0,3.35,4.415924784706917,MYOCD
GO_Biological_Process_2021,negative regulation of lipid biosynthetic process (GO:0051055),1/22,0.2676201906010945,0.354203193442625,0,0,3.35,4.415924784706917,BMP2
GO_Biological_Process_2021,regulation of macrophage chemotaxis (GO:0010758),1/22,0.2676201906010945,0.354203193442625,0,0,3.35,4.415924784706917,CCL5
GO_Biological_Process_2021,regulation of execution phase of apoptosis (GO:1900117),1/22,0.2676201906010945,0.354203193442625,0,0,3.35,4.415924784706917,FAP
GO_Biological_Process_2021,regulation of cardiac muscle cell membrane repolarization (GO:0099623),1/22,0.2676201906010945,0.354203193442625,0,0,3.35,4.415924784706917,ANK2
GO_Biological_Process_2021,positive regulation of calcium ion transmembrane transporter activity (GO:1901021),1/22,0.2676201906010945,0.354203193442625,0,0,3.35,4.415924784706917,ANK2
GO_Biological_Process_2021,negative regulation of phosphate metabolic process (GO:0045936),1/22,0.2676201906010945,0.354203193442625,0,0,3.35,4.415924784706917,INHBA
GO_Biological_Process_2021,positive regulation of amyloid precursor protein catabolic process (GO:1902993),1/22,0.2676201906010945,0.354203193442625,0,0,3.35,4.415924784706917,TNF
GO_Biological_Process_2021,lipid droplet organization (GO:0034389),1/22,0.2676201906010945,0.354203193442625,0,0,3.35,4.415924784706917,PLA2G4C
GO_Biological_Process_2021,homologous chromosome segregation (GO:0045143),1/22,0.2676201906010945,0.354203193442625,0,0,3.35,4.415924784706917,ANKRD31
GO_Biological_Process_2021,positive regulation of translational initiation (GO:0045948),1/22,0.2676201906010945,0.354203193442625,0,0,3.35,4.415924784706917,CCL5
GO_Biological_Process_2021,positive regulation of signal transduction by p53 class mediator (GO:1901798),1/22,0.2676201906010945,0.354203193442625,0,0,3.35,4.415924784706917,ANKRD1
GO_Biological_Process_2021,positive regulation of lipid catabolic process (GO:0050996),1/22,0.2676201906010945,0.354203193442625,0,0,3.35,4.415924784706917,IL1B
GO_Biological_Process_2021,protein localization to cell junction (GO:1902414),1/22,0.2676201906010945,0.354203193442625,0,0,3.35,4.415924784706917,HEG1
GO_Biological_Process_2021,positive regulation of dendritic spine development (GO:0060999),1/22,0.2676201906010945,0.354203193442625,0,0,3.35,4.415924784706917,CUX2
GO_Biological_Process_2021,response to ionizing radiation (GO:0010212),2/72,0.2685299595898027,0.3548052543422576,0,0,2.0121863799283157,2.6456081443007595,IFI16;GADD45A
GO_Biological_Process_2021,plasma membrane bounded cell projection organization (GO:0120036),3/128,0.2683737066697526,0.3548052543422576,0,0,1.691568345323741,2.225046444811478,IL6;MAP2;NEDD4
GO_Biological_Process_2021,Fc-gamma receptor signaling pathway (GO:0038094),2/72,0.2685299595898027,0.3548052543422576,0,0,2.0121863799283157,2.6456081443007595,FYN;VAV1
KEGG_2021_Human,cAMP signaling pathway,5/216,0.1885394906724703,0.359353046324452,0,0,1.6749089910021293,2.7944982119375283,NFKBIA;HCAR3;ADRB2;VAV1;CREB5
GO_Biological_Process_2021,regulation of Rho protein signal transduction (GO:0035023),2/73,0.2737439901485556,0.3612864844600226,0,0,1.9837447624817,2.570064236527685,ABCA1;HEG1
GO_Biological_Process_2021,positive regulation of synaptic transmission (GO:0050806),2/73,0.2737439901485556,0.3612864844600226,0,0,1.9837447624817,2.570064236527685,CCL2;TNF
GO_Biological_Process_2021,regulation of toll-like receptor 4 signaling pathway (GO:0034143),1/23,0.2779214429021633,0.3637226937310192,0,0,3.197564935064935,4.094215813067605,TNFAIP3
GO_Biological_Process_2021,positive regulation of JUN kinase activity (GO:0043507),1/23,0.2779214429021633,0.3637226937310192,0,0,3.197564935064935,4.094215813067605,TNF
GO_Biological_Process_2021,regulation of supramolecular fiber organization (GO:1902903),1/23,0.2779214429021633,0.3637226937310192,0,0,3.197564935064935,4.094215813067605,MAP2
GO_Biological_Process_2021,cilium-dependent cell motility (GO:0060285),1/23,0.2779214429021633,0.3637226937310192,0,0,3.197564935064935,4.094215813067605,DNAH17
GO_Biological_Process_2021,regulation of interleukin-4 production (GO:0032673),1/23,0.2779214429021633,0.3637226937310192,0,0,3.197564935064935,4.094215813067605,NLRP3
GO_Biological_Process_2021,regulation of necroptotic process (GO:0060544),1/23,0.2779214429021633,0.3637226937310192,0,0,3.197564935064935,4.094215813067605,BIRC3
GO_Biological_Process_2021,positive regulation of natural killer cell mediated immunity (GO:0002717),1/23,0.2779214429021633,0.3637226937310192,0,0,3.197564935064935,4.094215813067605,RASGRP1
GO_Biological_Process_2021,positive regulation of cholesterol efflux (GO:0010875),1/23,0.2779214429021633,0.3637226937310192,0,0,3.197564935064935,4.094215813067605,NFKBIA
GO_Biological_Process_2021,nucleotide metabolic process (GO:0009117),1/23,0.2779214429021633,0.3637226937310192,0,0,3.197564935064935,4.094215813067605,CMPK2
GO_Biological_Process_2021,regulation of release of sequestered calcium ion into cytosol by sarcoplasmic reticulum (GO:0010880),1/23,0.2779214429021633,0.3637226937310192,0,0,3.197564935064935,4.094215813067605,ANK2
GO_Biological_Process_2021,regulation of protein export from nucleus (GO:0046825),1/23,0.2779214429021633,0.3637226937310192,0,0,3.197564935064935,4.094215813067605,IL1B
GO_Biological_Process_2021,negative regulation of G protein-coupled receptor signaling pathway (GO:0045744),1/23,0.2779214429021633,0.3637226937310192,0,0,3.197564935064935,4.094215813067605,CCL5
GO_Biological_Process_2021,glucose 6-phosphate metabolic process (GO:0051156),1/23,0.2779214429021633,0.3637226937310192,0,0,3.197564935064935,4.094215813067605,HK2
GO_Biological_Process_2021,positive regulation of transcription by RNA polymerase I (GO:0045943),1/23,0.2779214429021633,0.3637226937310192,0,0,3.197564935064935,4.094215813067605,BNC1
GO_Biological_Process_2021,artery development (GO:0060840),1/23,0.2779214429021633,0.3637226937310192,0,0,3.197564935064935,4.094215813067605,VEGFA
GO_Biological_Process_2021,proteolysis involved in cellular protein catabolic process (GO:0051603),2/74,0.2789564217598259,0.3644656766711293,0,0,1.9560931899641576,2.497343596173001,FAP;TNFAIP3
GO_Biological_Process_2021,Fc receptor mediated stimulatory signaling pathway (GO:0002431),2/74,0.2789564217598259,0.3644656766711293,0,0,1.9560931899641576,2.497343596173001,FYN;VAV1
GO_Biological_Process_2021,"DNA damage response, signal transduction by p53 class mediator (GO:0030330)",2/74,0.2789564217598259,0.3644656766711293,0,0,1.9560931899641576,2.497343596173001,GADD45A;NDRG1
GO_Biological_Process_2021,cellular response to hypoxia (GO:0071456),3/131,0.2797946392721976,0.3653568392282045,0,0,1.6516692895683454,2.103730143606816,NDRG1;NKX3-1;VEGFA
KEGG_2021_Human,Regulation of actin cytoskeleton,5/218,0.1933696707404172,0.3654359031789242,0,0,1.6590120432741375,2.7260081766384885,FGF19;ITGB3;ITGA2;PDGFB;VAV1
GO_Biological_Process_2021,transmembrane receptor protein serine/threonine kinase signaling pathway (GO:0007178),3/133,0.2874340456627084,0.3699798294037444,0,0,1.626092971776425,2.0273506841266573,BMP2;INHBA;RUNX2
GO_Biological_Process_2021,regulation of canonical Wnt signaling pathway (GO:0060828),5/253,0.2837424396538955,0.3699798294037444,0,0,1.4223205937353904,1.7916806889099333,GREM1;ZEB2;BMP2;SNAI2;RBMS3
GO_Biological_Process_2021,positive regulation of cell-substrate junction organization (GO:0150117),1/24,0.2880783116126591,0.3699798294037444,0,0,3.058385093167702,3.806230348122145,VEGFA
GO_Biological_Process_2021,positive regulation of cellular response to transforming growth factor beta stimulus (GO:1903846),1/24,0.2880783116126591,0.3699798294037444,0,0,3.058385093167702,3.806230348122145,ZEB2
GO_Biological_Process_2021,positive regulation of neuron apoptotic process (GO:0043525),1/24,0.2880783116126591,0.3699798294037444,0,0,3.058385093167702,3.806230348122145,TNF
GO_Biological_Process_2021,positive regulation of phospholipase activity (GO:0010518),1/24,0.2880783116126591,0.3699798294037444,0,0,3.058385093167702,3.806230348122145,CCL5
GO_Biological_Process_2021,histone monoubiquitination (GO:0010390),1/24,0.2880783116126591,0.3699798294037444,0,0,3.058385093167702,3.806230348122145,DTX3L
GO_Biological_Process_2021,negative regulation of synaptic transmission (GO:0050805),1/24,0.2880783116126591,0.3699798294037444,0,0,3.058385093167702,3.806230348122145,IL1B
GO_Biological_Process_2021,cardiac muscle cell development (GO:0055013),1/24,0.2880783116126591,0.3699798294037444,0,0,3.058385093167702,3.806230348122145,VEGFA
GO_Biological_Process_2021,C21-steroid hormone metabolic process (GO:0008207),1/24,0.2880783116126591,0.3699798294037444,0,0,3.058385093167702,3.806230348122145,DHRS2
GO_Biological_Process_2021,regulation of cell size (GO:0008361),1/24,0.2880783116126591,0.3699798294037444,0,0,3.058385093167702,3.806230348122145,VAV1
GO_Biological_Process_2021,canonical glycolysis (GO:0061621),1/24,0.2880783116126591,0.3699798294037444,0,0,3.058385093167702,3.806230348122145,HK2
GO_Biological_Process_2021,dorsal/ventral pattern formation (GO:0009953),1/24,0.2880783116126591,0.3699798294037444,0,0,3.058385093167702,3.806230348122145,GREM1
GO_Biological_Process_2021,cholesterol efflux (GO:0033344),1/24,0.2880783116126591,0.3699798294037444,0,0,3.058385093167702,3.806230348122145,ABCA1
GO_Biological_Process_2021,glucose catabolic process to pyruvate (GO:0061718),1/24,0.2880783116126591,0.3699798294037444,0,0,3.058385093167702,3.806230348122145,HK2
GO_Biological_Process_2021,positive regulation of protein targeting to membrane (GO:0090314),1/24,0.2880783116126591,0.3699798294037444,0,0,3.058385093167702,3.806230348122145,FYN
GO_Biological_Process_2021,neuromuscular junction development (GO:0007528),1/24,0.2880783116126591,0.3699798294037444,0,0,3.058385093167702,3.806230348122145,NEDD4
GO_Biological_Process_2021,lipid translocation (GO:0034204),1/24,0.2880783116126591,0.3699798294037444,0,0,3.058385093167702,3.806230348122145,ABCA1
GO_Biological_Process_2021,sulfur amino acid metabolic process (GO:0000096),1/24,0.2880783116126591,0.3699798294037444,0,0,3.058385093167702,3.806230348122145,CBS
GO_Biological_Process_2021,mammary gland development (GO:0030879),1/24,0.2880783116126591,0.3699798294037444,0,0,3.058385093167702,3.806230348122145,VEGFA
GO_Biological_Process_2021,"wound healing, spreading of cells (GO:0044319)",1/24,0.2880783116126591,0.3699798294037444,0,0,3.058385093167702,3.806230348122145,COL5A1
GO_Biological_Process_2021,negative regulation of NIK/NF-kappaB signaling (GO:1901223),1/24,0.2880783116126591,0.3699798294037444,0,0,3.058385093167702,3.806230348122145,NLRP3
GO_Biological_Process_2021,negative regulation of ossification (GO:0030279),1/24,0.2880783116126591,0.3699798294037444,0,0,3.058385093167702,3.806230348122145,GREM1
GO_Biological_Process_2021,negative regulation of stress fiber assembly (GO:0051497),1/24,0.2880783116126591,0.3699798294037444,0,0,3.058385093167702,3.806230348122145,PHLDB2
GO_Biological_Process_2021,positive regulation of transforming growth factor beta receptor signaling pathway (GO:0030511),1/24,0.2880783116126591,0.3699798294037444,0,0,3.058385093167702,3.806230348122145,ZEB2
GO_Biological_Process_2021,phospholipid catabolic process (GO:0009395),1/24,0.2880783116126591,0.3699798294037444,0,0,3.058385093167702,3.806230348122145,PLA2G4C
GO_Biological_Process_2021,positive regulation of carbohydrate metabolic process (GO:0045913),1/24,0.2880783116126591,0.3699798294037444,0,0,3.058385093167702,3.806230348122145,PDGFB
GO_Biological_Process_2021,positive regulation of transcription from RNA polymerase II promoter in response to stress (GO:0036003),1/24,0.2880783116126591,0.3699798294037444,0,0,3.058385093167702,3.806230348122145,VEGFA
GO_Biological_Process_2021,protein K48-linked deubiquitination (GO:0071108),1/24,0.2880783116126591,0.3699798294037444,0,0,3.058385093167702,3.806230348122145,TNFAIP3
GO_Biological_Process_2021,purine nucleotide metabolic process (GO:0006163),1/24,0.2880783116126591,0.3699798294037444,0,0,3.058385093167702,3.806230348122145,XDH
GO_Biological_Process_2021,establishment of protein localization to organelle (GO:0072594),2/76,0.2893725915328676,0.3712345746638762,0,0,1.9030320643223868,2.3598362182079367,LAMP3;HK2
GO_Biological_Process_2021,regulation of cell division (GO:0051302),2/76,0.2893725915328676,0.3712345746638762,0,0,1.9030320643223868,2.3598362182079367,TXNIP;NKX3-1
GO_Biological_Process_2021,nervous system development (GO:0007399),8/447,0.2934920531731799,0.3763130983152006,0,0,1.2869742254708083,1.5777077725700706,ZEB2;FGF19;NRCAM;CHAC1;VLDLR;INHBA;PCDH1;VEGFA
KEGG_2021_Human,VEGF signaling pathway,2/59,0.2011026210440613,0.3768561722086191,0,0,2.47274099226561,3.9661280604129736,PLA2G4C;VEGFA
GO_Biological_Process_2021,acylglycerol homeostasis (GO:0055090),1/25,0.2980928133824836,0.3793024379091962,0,0,2.930803571428572,3.547299235917498,ANGPTL4
GO_Biological_Process_2021,negative regulation of antigen receptor-mediated signaling pathway (GO:0050858),1/25,0.2980928133824836,0.3793024379091962,0,0,2.930803571428572,3.547299235917498,GBP1
GO_Biological_Process_2021,regulation of AMPA receptor activity (GO:2000311),1/25,0.2980928133824836,0.3793024379091962,0,0,2.930803571428572,3.547299235917498,ADRB2
GO_Biological_Process_2021,positive regulation of release of cytochrome c from mitochondria (GO:0090200),1/25,0.2980928133824836,0.3793024379091962,0,0,2.930803571428572,3.547299235917498,MMP9
GO_Biological_Process_2021,peptide catabolic process (GO:0043171),1/25,0.2980928133824836,0.3793024379091962,0,0,2.930803571428572,3.547299235917498,CHAC1
GO_Biological_Process_2021,positive regulation of ERBB signaling pathway (GO:1901186),1/25,0.2980928133824836,0.3793024379091962,0,0,2.930803571428572,3.547299235917498,MMP9
GO_Biological_Process_2021,positive regulation of lipid metabolic process (GO:0045834),1/25,0.2980928133824836,0.3793024379091962,0,0,2.930803571428572,3.547299235917498,IL1B
GO_Biological_Process_2021,regulation of cardiac muscle cell action potential (GO:0098901),1/25,0.2980928133824836,0.3793024379091962,0,0,2.930803571428572,3.547299235917498,ANK2
GO_Biological_Process_2021,fat-soluble vitamin metabolic process (GO:0006775),1/25,0.2980928133824836,0.3793024379091962,0,0,2.930803571428572,3.547299235917498,CYP1A1
GO_Biological_Process_2021,sodium ion homeostasis (GO:0055078),1/25,0.2980928133824836,0.3793024379091962,0,0,2.930803571428572,3.547299235917498,TMPRSS3
GO_Biological_Process_2021,glycolytic process through glucose-6-phosphate (GO:0061620),1/25,0.2980928133824836,0.3793024379091962,0,0,2.930803571428572,3.547299235917498,HK2
GO_Biological_Process_2021,response to dsRNA (GO:0043331),1/25,0.2980928133824836,0.3793024379091962,0,0,2.930803571428572,3.547299235917498,DDX58
GO_Biological_Process_2021,cellular polysaccharide biosynthetic process (GO:0033692),1/25,0.2980928133824836,0.3793024379091962,0,0,2.930803571428572,3.547299235917498,HAS2
GO_Biological_Process_2021,regulation of epidermal cell differentiation (GO:0045604),1/25,0.2980928133824836,0.3793024379091962,0,0,2.930803571428572,3.547299235917498,MAFF
KEGG_2021_Human,Viral myocarditis,2/60,0.2062344397556637,0.383252333879275,0,0,2.4299839327648005,3.83631696552588,FYN;ICAM1
GO_Biological_Process_2021,axon development (GO:0061564),2/79,0.304961215360407,0.3876204475520654,0,0,1.8286086673183448,2.171602026091027,ACTBL2;NRCAM
GO_Biological_Process_2021,regulation of neuron differentiation (GO:0045664),2/79,0.304961215360407,0.3876204475520654,0,0,1.8286086673183448,2.171602026091027,BMP2;NRCAM
GO_Biological_Process_2021,regulation of regulatory T cell differentiation (GO:0045589),1/26,0.3079669366316516,0.3876506894664147,0,0,2.813428571428572,3.3135516535963374,IRF1
GO_Biological_Process_2021,negative regulation of intrinsic apoptotic signaling pathway in response to DNA damage (GO:1902230),1/26,0.3079669366316516,0.3876506894664147,0,0,2.813428571428572,3.3135516535963374,SNAI2
GO_Biological_Process_2021,regulation of mitotic metaphase/anaphase transition (GO:0030071),1/26,0.3079669366316516,0.3876506894664147,0,0,2.813428571428572,3.3135516535963374,DUSP1
GO_Biological_Process_2021,phosphatidylethanolamine acyl-chain remodeling (GO:0036152),1/26,0.3079669366316516,0.3876506894664147,0,0,2.813428571428572,3.3135516535963374,PLA2G4C
GO_Biological_Process_2021,regulation of biomineral tissue development (GO:0070167),1/26,0.3079669366316516,0.3876506894664147,0,0,2.813428571428572,3.3135516535963374,AMTN
GO_Biological_Process_2021,positive regulation of ion transmembrane transporter activity (GO:0032414),1/26,0.3079669366316516,0.3876506894664147,0,0,2.813428571428572,3.3135516535963374,ANK2
GO_Biological_Process_2021,regulation of myelination (GO:0031641),1/26,0.3079669366316516,0.3876506894664147,0,0,2.813428571428572,3.3135516535963374,TNFRSF1B
GO_Biological_Process_2021,purine-containing compound biosynthetic process (GO:0072522),1/26,0.3079669366316516,0.3876506894664147,0,0,2.813428571428572,3.3135516535963374,AMPD3
GO_Biological_Process_2021,glial cell development (GO:0021782),1/26,0.3079669366316516,0.3876506894664147,0,0,2.813428571428572,3.3135516535963374,TLR2
GO_Biological_Process_2021,positive regulation of glucose import (GO:0046326),1/26,0.3079669366316516,0.3876506894664147,0,0,2.813428571428572,3.3135516535963374,FGF19
GO_Biological_Process_2021,regulation of actin filament bundle assembly (GO:0032231),1/26,0.3079669366316516,0.3876506894664147,0,0,2.813428571428572,3.3135516535963374,CX3CL1
GO_Biological_Process_2021,negative regulation of proteolysis involved in cellular protein catabolic process (GO:1903051),1/26,0.3079669366316516,0.3876506894664147,0,0,2.813428571428572,3.3135516535963374,LAMP3
GO_Biological_Process_2021,negative regulation of transposition (GO:0010529),1/26,0.3079669366316516,0.3876506894664147,0,0,2.813428571428572,3.3135516535963374,APOBEC3G
GO_Biological_Process_2021,negative regulation of signaling receptor activity (GO:2000272),1/26,0.3079669366316516,0.3876506894664147,0,0,2.813428571428572,3.3135516535963374,TNF
GO_Biological_Process_2021,negative regulation of receptor-mediated endocytosis (GO:0048261),1/26,0.3079669366316516,0.3876506894664147,0,0,2.813428571428572,3.3135516535963374,ITGB3
GO_Biological_Process_2021,positive regulation of T cell mediated cytotoxicity (GO:0001916),1/26,0.3079669366316516,0.3876506894664147,0,0,2.813428571428572,3.3135516535963374,IL23A
GO_Biological_Process_2021,lamellipodium assembly (GO:0030032),1/26,0.3079669366316516,0.3876506894664147,0,0,2.813428571428572,3.3135516535963374,ABLIM3
GO_Biological_Process_2021,negative regulation of protein localization to membrane (GO:1905476),1/26,0.3079669366316516,0.3876506894664147,0,0,2.813428571428572,3.3135516535963374,GBP1
GO_Biological_Process_2021,regulation of protein localization to plasma membrane (GO:1903076),2/80,0.3101444000857999,0.3901816646240708,0,0,1.8050730631375795,2.1132302325059773,TNF;GBP1
KEGG_2021_Human,Cholinergic synapse,3/113,0.212380788040397,0.3914125267190788,0,0,1.9237083060824067,2.9805444900258817,KCNQ3;FYN;CREB5
KEGG_2021_Human,Leukocyte transendothelial migration,3/114,0.2160363800772231,0.3948861701411537,0,0,1.906280381100525,2.92100955356094,MMP9;VAV1;ICAM1
GO_Biological_Process_2021,neuron projection morphogenesis (GO:0048812),3/140,0.3142772061953286,0.3949563171305418,0,0,1.5424565457123351,1.7853623869792223,ACTBL2;MAP2;NRCAM
GO_Biological_Process_2021,enzyme linked receptor protein signaling pathway (GO:0007167),3/140,0.3142772061953286,0.3949563171305418,0,0,1.5424565457123351,1.7853623869792223,LIF;NEDD9;FYN
GO_Biological_Process_2021,negative regulation of protein modification process (GO:0031400),2/81,0.3153196800193924,0.3960537043721837,0,0,1.7821332970373396,2.0568817534870862,PPP1R15A;XDH
GO_Biological_Process_2021,positive regulation of muscle cell differentiation (GO:0051149),1/27,0.3177026422091728,0.3962815473184778,0,0,2.705082417582417,3.1017541372202078,MYOCD
GO_Biological_Process_2021,cellular response to cadmium ion (GO:0071276),1/27,0.3177026422091728,0.3962815473184778,0,0,2.705082417582417,3.1017541372202078,MMP9
GO_Biological_Process_2021,positive regulation of toll-like receptor signaling pathway (GO:0034123),1/27,0.3177026422091728,0.3962815473184778,0,0,2.705082417582417,3.1017541372202078,TLR2
GO_Biological_Process_2021,negative regulation of cation channel activity (GO:2001258),1/27,0.3177026422091728,0.3962815473184778,0,0,2.705082417582417,3.1017541372202078,MMP9
GO_Biological_Process_2021,positive regulation of gene silencing by miRNA (GO:2000637),1/27,0.3177026422091728,0.3962815473184778,0,0,2.705082417582417,3.1017541372202078,IL6
GO_Biological_Process_2021,peptide hormone secretion (GO:0030072),1/27,0.3177026422091728,0.3962815473184778,0,0,2.705082417582417,3.1017541372202078,IL6
GO_Biological_Process_2021,modulation of excitatory postsynaptic potential (GO:0098815),1/27,0.3177026422091728,0.3962815473184778,0,0,2.705082417582417,3.1017541372202078,CUX2
GO_Biological_Process_2021,regulation of cell junction assembly (GO:1901888),1/27,0.3177026422091728,0.3962815473184778,0,0,2.705082417582417,3.1017541372202078,SNAI2
GO_Biological_Process_2021,cellular lipid catabolic process (GO:0044242),1/27,0.3177026422091728,0.3962815473184778,0,0,2.705082417582417,3.1017541372202078,CYP1B1
GO_Biological_Process_2021,dendritic spine organization (GO:0097061),1/27,0.3177026422091728,0.3962815473184778,0,0,2.705082417582417,3.1017541372202078,FYN
GO_Biological_Process_2021,negative regulation of protein polymerization (GO:0032272),1/27,0.3177026422091728,0.3962815473184778,0,0,2.705082417582417,3.1017541372202078,MAP2
GO_Biological_Process_2021,generation of neurons (GO:0048699),4/202,0.316085701797922,0.3962815473184778,0,0,1.4236954381358713,1.639729680318403,IL1B;NRCAM;RUNX2;CX3CL1
GO_Biological_Process_2021,negative regulation of actin filament bundle assembly (GO:0032232),1/27,0.3177026422091728,0.3962815473184778,0,0,2.705082417582417,3.1017541372202078,PHLDB2
GO_Biological_Process_2021,protein ubiquitination (GO:0016567),9/525,0.3193311704748758,0.3981006600485932,0,0,1.2313825239398084,1.4056558599778997,HERC5;ARRDC4;DTX3L;NEDD4;RNF182;TRIM14;TRIM36;UBE2L6;HERC6
GO_Biological_Process_2021,regulation of G protein-coupled receptor signaling pathway (GO:0008277),2/82,0.3204862560819084,0.3991154014005671,0,0,1.7597670250896058,2.002466854002317,C3;CCL5
GO_Biological_Process_2021,ephrin receptor signaling pathway (GO:0048013),2/82,0.3204862560819084,0.3991154014005671,0,0,1.7597670250896058,2.002466854002317,FYN;MMP9
GO_Biological_Process_2021,Ras protein signal transduction (GO:0007265),3/142,0.3219629271391763,0.4007410901625918,0,0,1.5201076548832877,1.7227666945358062,RAB42;RASGRP1;RASGRP3
KEGG_2021_Human,Basal cell carcinoma,2/63,0.2217080887758029,0.4019585674553174,0,0,2.3101239790822024,3.4799561570098274,BMP2;GADD45A
GO_Biological_Process_2021,regulation of immunoglobulin production (GO:0002637),1/28,0.3273018636435786,0.4020400844755769,0,0,2.604761904761905,2.9091866891146405,IL6
GO_Biological_Process_2021,protein localization to cell surface (GO:0034394),1/28,0.3273018636435786,0.4020400844755769,0,0,2.604761904761905,2.9091866891146405,ANK2
GO_Biological_Process_2021,neutral amino acid transport (GO:0015804),1/28,0.3273018636435786,0.4020400844755769,0,0,2.604761904761905,2.9091866891146405,SLC6A15
GO_Biological_Process_2021,glycerophospholipid catabolic process (GO:0046475),1/28,0.3273018636435786,0.4020400844755769,0,0,2.604761904761905,2.9091866891146405,PLA2G4C
GO_Biological_Process_2021,regulation of protein transport (GO:0051223),1/28,0.3273018636435786,0.4020400844755769,0,0,2.604761904761905,2.9091866891146405,TNF
GO_Biological_Process_2021,cellular response to epidermal growth factor stimulus (GO:0071364),1/28,0.3273018636435786,0.4020400844755769,0,0,2.604761904761905,2.9091866891146405,SNAI2
GO_Biological_Process_2021,regulation of calcineurin-NFAT signaling cascade (GO:0070884),1/28,0.3273018636435786,0.4020400844755769,0,0,2.604761904761905,2.9091866891146405,TNF
GO_Biological_Process_2021,regulation of calcium-mediated signaling (GO:0050848),1/28,0.3273018636435786,0.4020400844755769,0,0,2.604761904761905,2.9091866891146405,GBP1
GO_Biological_Process_2021,cellular response to acid chemical (GO:0071229),1/28,0.3273018636435786,0.4020400844755769,0,0,2.604761904761905,2.9091866891146405,VEGFA
GO_Biological_Process_2021,regulation of microtubule polymerization or depolymerization (GO:0031110),1/28,0.3273018636435786,0.4020400844755769,0,0,2.604761904761905,2.9091866891146405,MAP2
GO_Biological_Process_2021,protein localization to Golgi apparatus (GO:0034067),1/28,0.3273018636435786,0.4020400844755769,0,0,2.604761904761905,2.9091866891146405,GBP5
GO_Biological_Process_2021,protein localization to lysosome (GO:0061462),1/28,0.3273018636435786,0.4020400844755769,0,0,2.604761904761905,2.9091866891146405,NEDD4
GO_Biological_Process_2021,response to ketone (GO:1901654),1/28,0.3273018636435786,0.4020400844755769,0,0,2.604761904761905,2.9091866891146405,NKX3-1
GO_Biological_Process_2021,neuron development (GO:0048666),3/143,0.3258064813200502,0.4020400844755769,0,0,1.5091726618705037,1.6924642313378764,IL6;MAP2;NEDD4
GO_Biological_Process_2021,epidermis development (GO:0008544),2/83,0.3256433531714759,0.4020400844755769,0,0,1.7379530067702111,1.9499007297895723,BNC1;LAMC2
GO_Biological_Process_2021,regulation of phosphatase activity (GO:0010921),1/28,0.3273018636435786,0.4020400844755769,0,0,2.604761904761905,2.9091866891146405,BMP2
GO_Biological_Process_2021,RNA phosphodiester bond hydrolysis (GO:0090501),1/28,0.3273018636435786,0.4020400844755769,0,0,2.604761904761905,2.9091866891146405,ZC3H12C
GO_Biological_Process_2021,macromolecule catabolic process (GO:0009057),1/28,0.3273018636435786,0.4020400844755769,0,0,2.604761904761905,2.9091866891146405,NEDD4
GO_Biological_Process_2021,T cell activation involved in immune response (GO:0002286),1/28,0.3273018636435786,0.4020400844755769,0,0,2.604761904761905,2.9091866891146405,ICAM1
GO_Biological_Process_2021,negative regulation of axonogenesis (GO:0050771),1/28,0.3273018636435786,0.4020400844755769,0,0,2.604761904761905,2.9091866891146405,MAP2
GO_Biological_Process_2021,positive regulation of cell communication (GO:0010647),1/28,0.3273018636435786,0.4020400844755769,0,0,2.604761904761905,2.9091866891146405,TNF
GO_Biological_Process_2021,positive regulation of synapse assembly (GO:0051965),1/28,0.3273018636435786,0.4020400844755769,0,0,2.604761904761905,2.9091866891146405,CUX2
GO_Biological_Process_2021,positive regulation of phosphatidylinositol 3-kinase activity (GO:0043552),1/28,0.3273018636435786,0.4020400844755769,0,0,2.604761904761905,2.9091866891146405,PDGFB
GO_Biological_Process_2021,regulation of neuron migration (GO:2001222),1/28,0.3273018636435786,0.4020400844755769,0,0,2.604761904761905,2.9091866891146405,CX3CL1
GO_Biological_Process_2021,monocarboxylic acid metabolic process (GO:0032787),3/143,0.3258064813200502,0.4020400844755769,0,0,1.5091726618705037,1.6924642313378764,VNN1;VNN3;CYP1A1
GO_Biological_Process_2021,regulation of calcium ion transmembrane transporter activity (GO:1901019),1/29,0.3367665075503374,0.4102205245537686,0,0,2.5116071428571427,2.7335464249451267,ANK2
GO_Biological_Process_2021,B cell activation (GO:0042113),2/85,0.3359261257398491,0.4102205245537686,0,0,1.695901887118366,1.849998328166005,IL11;RASGRP1
GO_Biological_Process_2021,regulation of T cell mediated cytotoxicity (GO:0001914),1/29,0.3367665075503374,0.4102205245537686,0,0,2.5116071428571427,2.7335464249451267,IL23A
GO_Biological_Process_2021,establishment of endothelial barrier (GO:0061028),1/29,0.3367665075503374,0.4102205245537686,0,0,2.5116071428571427,2.7335464249451267,ICAM1
GO_Biological_Process_2021,negative regulation of transferase activity (GO:0051348),1/29,0.3367665075503374,0.4102205245537686,0,0,2.5116071428571427,2.7335464249451267,DTX3L
GO_Biological_Process_2021,positive regulation of dephosphorylation (GO:0035306),1/29,0.3367665075503374,0.4102205245537686,0,0,2.5116071428571427,2.7335464249451267,BMP2
GO_Biological_Process_2021,lipid catabolic process (GO:0016042),1/29,0.3367665075503374,0.4102205245537686,0,0,2.5116071428571427,2.7335464249451267,HSD11B1
GO_Biological_Process_2021,negative regulation of myeloid leukocyte differentiation (GO:0002762),1/29,0.3367665075503374,0.4102205245537686,0,0,2.5116071428571427,2.7335464249451267,INHBA
GO_Biological_Process_2021,limb development (GO:0060173),1/29,0.3367665075503374,0.4102205245537686,0,0,2.5116071428571427,2.7335464249451267,GREM1
GO_Biological_Process_2021,lamellipodium organization (GO:0097581),1/29,0.3367665075503374,0.4102205245537686,0,0,2.5116071428571427,2.7335464249451267,ABLIM3
GO_Biological_Process_2021,glycolytic process (GO:0006096),1/29,0.3367665075503374,0.4102205245537686,0,0,2.5116071428571427,2.7335464249451267,HK2
GO_Biological_Process_2021,response to cadmium ion (GO:0046686),1/29,0.3367665075503374,0.4102205245537686,0,0,2.5116071428571427,2.7335464249451267,MMP9
GO_Biological_Process_2021,dicarboxylic acid transport (GO:0006835),1/29,0.3367665075503374,0.4102205245537686,0,0,2.5116071428571427,2.7335464249451267,SLC13A5
GO_Biological_Process_2021,regulation of protein targeting to membrane (GO:0090313),1/29,0.3367665075503374,0.4102205245537686,0,0,2.5116071428571427,2.7335464249451267,FYN
GO_Biological_Process_2021,homologous chromosome pairing at meiosis (GO:0007129),1/29,0.3367665075503374,0.4102205245537686,0,0,2.5116071428571427,2.7335464249451267,ANKRD31
GO_Biological_Process_2021,G1/S transition of mitotic cell cycle (GO:0000082),2/85,0.3359261257398491,0.4102205245537686,0,0,1.695901887118366,1.849998328166005,INHBA;BCAT1
GO_Biological_Process_2021,regulation of Ras protein signal transduction (GO:0046578),2/86,0.3410503656103651,0.415006685142098,0,0,1.6756272401433692,1.8025143020279404,RASGRP1;VAV1
GO_Biological_Process_2021,negative regulation of phosphorylation (GO:0042326),2/86,0.3410503656103651,0.415006685142098,0,0,1.6756272401433692,1.8025143020279404,INHBA;XDH
GO_Biological_Process_2021,cardiac muscle cell action potential (GO:0086001),1/30,0.3460984540113038,0.4174589599930159,0,0,2.424876847290641,2.572871919480503,ANK2
GO_Biological_Process_2021,positive regulation of lipid kinase activity (GO:0090218),1/30,0.3460984540113038,0.4174589599930159,0,0,2.424876847290641,2.572871919480503,PDGFB
GO_Biological_Process_2021,artery morphogenesis (GO:0048844),1/30,0.3460984540113038,0.4174589599930159,0,0,2.424876847290641,2.572871919480503,VEGFA
GO_Biological_Process_2021,protein N-linked glycosylation via asparagine (GO:0018279),1/30,0.3460984540113038,0.4174589599930159,0,0,2.424876847290641,2.572871919480503,B4GALNT2
GO_Biological_Process_2021,positive regulation of endopeptidase activity (GO:0010950),1/30,0.3460984540113038,0.4174589599930159,0,0,2.424876847290641,2.572871919480503,FYN
GO_Biological_Process_2021,regulation of macrophage activation (GO:0043030),1/30,0.3460984540113038,0.4174589599930159,0,0,2.424876847290641,2.572871919480503,IL6
GO_Biological_Process_2021,regulation of natural killer cell mediated cytotoxicity (GO:0042269),1/30,0.3460984540113038,0.4174589599930159,0,0,2.424876847290641,2.572871919480503,RASGRP1
GO_Biological_Process_2021,regulation of striated muscle contraction (GO:0006942),1/30,0.3460984540113038,0.4174589599930159,0,0,2.424876847290641,2.572871919480503,ANK2
GO_Biological_Process_2021,extrinsic apoptotic signaling pathway via death domain receptors (GO:0008625),1/30,0.3460984540113038,0.4174589599930159,0,0,2.424876847290641,2.572871919480503,TNF
GO_Biological_Process_2021,positive regulation of intracellular protein transport (GO:0090316),3/148,0.3450158834823657,0.4174589599930159,0,0,1.456760109154056,1.5502328650679542,ABLIM3;IL1B;FYN
GO_Biological_Process_2021,respiratory tube development (GO:0030323),1/30,0.3460984540113038,0.4174589599930159,0,0,2.424876847290641,2.572871919480503,VEGFA
GO_Biological_Process_2021,heterotypic cell-cell adhesion (GO:0034113),1/30,0.3460984540113038,0.4174589599930159,0,0,2.424876847290641,2.572871919480503,ITGB3
GO_Biological_Process_2021,long-chain fatty acid biosynthetic process (GO:0042759),1/30,0.3460984540113038,0.4174589599930159,0,0,2.424876847290641,2.572871919480503,CYP1A1
GO_Biological_Process_2021,maintenance of blood-brain barrier (GO:0035633),1/30,0.3460984540113038,0.4174589599930159,0,0,2.424876847290641,2.572871919480503,IL6
GO_Biological_Process_2021,negative regulation of Notch signaling pathway (GO:0045746),1/30,0.3460984540113038,0.4174589599930159,0,0,2.424876847290641,2.572871919480503,CHAC1
GO_Biological_Process_2021,phosphatidylcholine acyl-chain remodeling (GO:0036151),1/30,0.3460984540113038,0.4174589599930159,0,0,2.424876847290641,2.572871919480503,PLA2G4C
GO_Biological_Process_2021,plasma membrane invagination (GO:0099024),1/30,0.3460984540113038,0.4174589599930159,0,0,2.424876847290641,2.572871919480503,MARCO
KEGG_2021_Human,"Growth hormone synthesis, secretion and action",3/119,0.2345028077775541,0.4183530090751565,0,0,1.8236479781691888,2.6448142641516528,STAT5A;STAT1;CREB5
KEGG_2021_Human,Neurotrophin signaling pathway,3/119,0.2345028077775541,0.4183530090751565,0,0,1.8236479781691888,2.6448142641516528,NFKBIA;IRAK2;RPS6KA2
GO_Biological_Process_2021,protein modification by small protein conjugation (GO:0032446),7/409,0.3523011258265341,0.4247216045513086,0,0,1.2276119402985075,1.2807294788791943,HERC5;ARRDC4;IFIH1;DTX3L;NEDD4;RNF182;TRIM14
GO_Biological_Process_2021,cellular response to cAMP (GO:0071320),1/31,0.3552995569486687,0.4257045382795109,0,0,2.343928571428572,2.4254832758986744,SLC5A5
GO_Biological_Process_2021,cellular nitrogen compound biosynthetic process (GO:0044271),1/31,0.3552995569486687,0.4257045382795109,0,0,2.343928571428572,2.4254832758986744,CYP1B1
GO_Biological_Process_2021,triglyceride homeostasis (GO:0070328),1/31,0.3552995569486687,0.4257045382795109,0,0,2.343928571428572,2.4254832758986744,ANGPTL4
GO_Biological_Process_2021,negative regulation of response to DNA damage stimulus (GO:2001021),1/31,0.3552995569486687,0.4257045382795109,0,0,2.343928571428572,2.4254832758986744,SNAI2
GO_Biological_Process_2021,peptidyl-asparagine modification (GO:0018196),1/31,0.3552995569486687,0.4257045382795109,0,0,2.343928571428572,2.4254832758986744,B4GALNT2
GO_Biological_Process_2021,phospholipid translocation (GO:0045332),1/31,0.3552995569486687,0.4257045382795109,0,0,2.343928571428572,2.4254832758986744,ABCA1
GO_Biological_Process_2021,negative regulation of osteoblast differentiation (GO:0045668),1/31,0.3552995569486687,0.4257045382795109,0,0,2.343928571428572,2.4254832758986744,GREM1
GO_Biological_Process_2021,regulation of potassium ion transport (GO:0043266),1/31,0.3552995569486687,0.4257045382795109,0,0,2.343928571428572,2.4254832758986744,ANK2
GO_Biological_Process_2021,activation of protein kinase B activity (GO:0032148),1/31,0.3552995569486687,0.4257045382795109,0,0,2.343928571428572,2.4254832758986744,PDGFB
GO_Biological_Process_2021,cardiac muscle cell action potential involved in contraction (GO:0086002),1/31,0.3552995569486687,0.4257045382795109,0,0,2.343928571428572,2.4254832758986744,ANK2
GO_Biological_Process_2021,positive regulation of protein targeting to mitochondrion (GO:1903955),1/31,0.3552995569486687,0.4257045382795109,0,0,2.343928571428572,2.4254832758986744,ABLIM3
GO_Biological_Process_2021,negative regulation of peptidyl-tyrosine phosphorylation (GO:0050732),1/31,0.3552995569486687,0.4257045382795109,0,0,2.343928571428572,2.4254832758986744,PARP14
GO_Biological_Process_2021,regulation of cation channel activity (GO:2001257),2/89,0.3563463449859106,0.4267402493690024,0,0,1.617599802249413,1.6691238206822925,ANK2;MMP9
GO_Biological_Process_2021,aortic valve morphogenesis (GO:0003180),1/32,0.3643716444176957,0.4325873404045703,0,0,2.2682027649769587,2.289934259309748,SNAI2
GO_Biological_Process_2021,regulation of dendritic spine morphogenesis (GO:0061001),1/32,0.3643716444176957,0.4325873404045703,0,0,2.2682027649769587,2.289934259309748,CUX2
GO_Biological_Process_2021,modulation by host of symbiont process (GO:0051851),1/32,0.3643716444176957,0.4325873404045703,0,0,2.2682027649769587,2.289934259309748,CCL5
GO_Biological_Process_2021,hematopoietic progenitor cell differentiation (GO:0002244),1/32,0.3643716444176957,0.4325873404045703,0,0,2.2682027649769587,2.289934259309748,INHBA
GO_Biological_Process_2021,protein K63-linked deubiquitination (GO:0070536),1/32,0.3643716444176957,0.4325873404045703,0,0,2.2682027649769587,2.289934259309748,TNFAIP3
GO_Biological_Process_2021,negative regulation of developmental growth (GO:0048640),1/32,0.3643716444176957,0.4325873404045703,0,0,2.2682027649769587,2.289934259309748,MAP2
GO_Biological_Process_2021,negative regulation of DNA biosynthetic process (GO:2000279),1/32,0.3643716444176957,0.4325873404045703,0,0,2.2682027649769587,2.289934259309748,ANKRD1
GO_Biological_Process_2021,negative regulation of microtubule polymerization or depolymerization (GO:0031111),1/32,0.3643716444176957,0.4325873404045703,0,0,2.2682027649769587,2.289934259309748,MAP2
GO_Biological_Process_2021,regulation of cell migration involved in sprouting angiogenesis (GO:0090049),1/32,0.3643716444176957,0.4325873404045703,0,0,2.2682027649769587,2.289934259309748,VEGFA
GO_Biological_Process_2021,negative regulation of chemotaxis (GO:0050922),1/32,0.3643716444176957,0.4325873404045703,0,0,2.2682027649769587,2.289934259309748,SEMA7A
GO_Biological_Process_2021,regulation of chemotaxis (GO:0050920),1/32,0.3643716444176957,0.4325873404045703,0,0,2.2682027649769587,2.289934259309748,PDGFB
GO_Biological_Process_2021,B cell proliferation (GO:0042100),1/32,0.3643716444176957,0.4325873404045703,0,0,2.2682027649769587,2.289934259309748,RASGRP1
GO_Biological_Process_2021,liver development (GO:0001889),1/32,0.3643716444176957,0.4325873404045703,0,0,2.2682027649769587,2.289934259309748,IL6
GO_Biological_Process_2021,regulation of NMDA receptor activity (GO:2000310),1/32,0.3643716444176957,0.4325873404045703,0,0,2.2682027649769587,2.289934259309748,CCL2
GO_Biological_Process_2021,axonemal dynein complex assembly (GO:0070286),1/32,0.3643716444176957,0.4325873404045703,0,0,2.2682027649769587,2.289934259309748,DNAH17
GO_Biological_Process_2021,sodium ion transport (GO:0006814),2/90,0.361417282797254,0.4325873404045703,0,0,1.5991365265558817,1.6274765522837793,SLC6A15;SLC5A5
GO_Biological_Process_2021,dephosphorylation (GO:0016311),3/153,0.3641778647106943,0.4325873404045703,0,0,1.407841726618705,1.42207907707406,PDP1;PTPRE;DUSP1
GO_Biological_Process_2021,positive regulation of transport (GO:0051050),2/91,0.3664733396734783,0.4348618736490564,0,0,1.5810881559341146,1.587142938320397,IL1B;TNF
GO_Biological_Process_2021,retinoid metabolic process (GO:0001523),2/92,0.3715139332960183,0.4403964558828181,0,0,1.5634408602150538,1.548070532440161,CYP1A1;CYP1B1
GO_Biological_Process_2021,T cell activation (GO:0042110),2/92,0.3715139332960183,0.4403964558828181,0,0,1.5634408602150538,1.548070532440161,TNFSF14;RASGRP1
GO_Biological_Process_2021,positive regulation of cholesterol transport (GO:0032376),1/33,0.3733165190665908,0.4405247880059619,0,0,2.197209821428572,2.164973770833292,NFKBIA
GO_Biological_Process_2021,positive regulation of histone modification (GO:0031058),1/33,0.3733165190665908,0.4405247880059619,0,0,2.197209821428572,2.164973770833292,IL1B
GO_Biological_Process_2021,lytic vacuole organization (GO:0080171),1/33,0.3733165190665908,0.4405247880059619,0,0,2.197209821428572,2.164973770833292,ABCA1
GO_Biological_Process_2021,positive regulation of organelle organization (GO:0010638),1/33,0.3733165190665908,0.4405247880059619,0,0,2.197209821428572,2.164973770833292,ADRB2
GO_Biological_Process_2021,regulation of protein localization to cell surface (GO:2000008),1/33,0.3733165190665908,0.4405247880059619,0,0,2.197209821428572,2.164973770833292,TNF
GO_Biological_Process_2021,regulation of cholesterol efflux (GO:0010874),1/33,0.3733165190665908,0.4405247880059619,0,0,2.197209821428572,2.164973770833292,NFKBIA
GO_Biological_Process_2021,actin filament bundle assembly (GO:0051017),1/33,0.3733165190665908,0.4405247880059619,0,0,2.197209821428572,2.164973770833292,NEDD9
GO_Biological_Process_2021,actin filament bundle organization (GO:0061572),1/33,0.3733165190665908,0.4405247880059619,0,0,2.197209821428572,2.164973770833292,NEDD9
GO_Biological_Process_2021,apoptotic cell clearance (GO:0043277),1/33,0.3733165190665908,0.4405247880059619,0,0,2.197209821428572,2.164973770833292,ITGB3
KEGG_2021_Human,Calcium signaling pathway,5/240,0.2490748829413296,0.4408230071104485,0,0,1.502004316990441,2.087788543547438,FGF19;PTAFR;PDGFB;ADRB2;VEGFA
GO_Biological_Process_2021,"transcription, DNA-templated (GO:0006351)",4/221,0.3765636802329978,0.4441325664038382,0,0,1.2977757074647722,1.2674961456476048,ETV7;MAF;IRF9;EREG
KEGG_2021_Human,Axon guidance,4/182,0.253555724941515,0.445219894976046,0,0,1.5852837382874294,2.17528141533449,SEMA7A;ABLIM3;UNC5B;FYN
GO_Biological_Process_2021,cell-substrate junction assembly (GO:0007044),1/34,0.3821359584874143,0.4473227327966731,0,0,2.1305194805194807,2.0495146188965245,LAMC2
GO_Biological_Process_2021,cellular response to vascular endothelial growth factor stimulus (GO:0035924),1/34,0.3821359584874143,0.4473227327966731,0,0,2.1305194805194807,2.0495146188965245,VEGFA
GO_Biological_Process_2021,positive regulation of release of sequestered calcium ion into cytosol (GO:0051281),1/34,0.3821359584874143,0.4473227327966731,0,0,2.1305194805194807,2.0495146188965245,CX3CL1
GO_Biological_Process_2021,positive regulation of protein dephosphorylation (GO:0035307),1/34,0.3821359584874143,0.4473227327966731,0,0,2.1305194805194807,2.0495146188965245,PPP1R15A
GO_Biological_Process_2021,regulation of transmembrane transport (GO:0034762),1/34,0.3821359584874143,0.4473227327966731,0,0,2.1305194805194807,2.0495146188965245,NEDD4
GO_Biological_Process_2021,response to steroid hormone (GO:0048545),1/34,0.3821359584874143,0.4473227327966731,0,0,2.1305194805194807,2.0495146188965245,NKX3-1
GO_Biological_Process_2021,positive regulation of telomerase activity (GO:0051973),1/34,0.3821359584874143,0.4473227327966731,0,0,2.1305194805194807,2.0495146188965245,GREM1
GO_Biological_Process_2021,cellular response to amino acid stimulus (GO:0071230),1/34,0.3821359584874143,0.4473227327966731,0,0,2.1305194805194807,2.0495146188965245,FYN
GO_Biological_Process_2021,negative regulation of cell death (GO:0060548),2/94,0.3815464971087022,0.4473227327966731,0,0,1.5292971793673056,1.4735123271110129,FYN;TNFRSF1B
GO_Biological_Process_2021,negative regulation of cellular protein metabolic process (GO:0032269),2/94,0.3815464971087022,0.4473227327966731,0,0,1.5292971793673056,1.4735123271110129,SAMD4A;PLAT
GO_Biological_Process_2021,regulation of amyloid-beta formation (GO:1902003),1/34,0.3821359584874143,0.4473227327966731,0,0,2.1305194805194807,2.0495146188965245,TNF
GO_Biological_Process_2021,central nervous system neuron differentiation (GO:0021953),1/34,0.3821359584874143,0.4473227327966731,0,0,2.1305194805194807,2.0495146188965245,MAP2
GO_Biological_Process_2021,protein insertion into membrane (GO:0051205),1/34,0.3821359584874143,0.4473227327966731,0,0,2.1305194805194807,2.0495146188965245,RTP4
GO_Biological_Process_2021,positive regulation of DNA binding (GO:0043388),1/34,0.3821359584874143,0.4473227327966731,0,0,2.1305194805194807,2.0495146188965245,MMP9
GO_Biological_Process_2021,positive regulation of calcium ion transport into cytosol (GO:0010524),1/34,0.3821359584874143,0.4473227327966731,0,0,2.1305194805194807,2.0495146188965245,CX3CL1
GO_Biological_Process_2021,T cell receptor signaling pathway (GO:0050852),3/158,0.3832494570242876,0.4481777758305013,0,0,1.362079368763054,1.3063283405670585,THEMIS2;NFKBIZ;FYN
GO_Biological_Process_2021,skeletal system development (GO:0001501),3/158,0.3832494570242876,0.4481777758305013,0,0,1.362079368763054,1.3063283405670585,BMP2;CDH11;STC1
GO_Biological_Process_2021,muscle cell differentiation (GO:0042692),1/35,0.3908317154041418,0.4531943578026223,0,0,2.067752100840336,1.9426080362784972,MYOCD
GO_Biological_Process_2021,regulation of ion transmembrane transport (GO:0034765),1/35,0.3908317154041418,0.4531943578026223,0,0,2.067752100840336,1.9426080362784972,NEDD4
GO_Biological_Process_2021,regulation of muscle cell differentiation (GO:0051147),1/35,0.3908317154041418,0.4531943578026223,0,0,2.067752100840336,1.9426080362784972,MYOCD
GO_Biological_Process_2021,regulation of JUN kinase activity (GO:0043506),1/35,0.3908317154041418,0.4531943578026223,0,0,2.067752100840336,1.9426080362784972,TNF
GO_Biological_Process_2021,positive regulation of immunoglobulin production (GO:0002639),1/35,0.3908317154041418,0.4531943578026223,0,0,2.067752100840336,1.9426080362784972,IL6
GO_Biological_Process_2021,peptidyl-tyrosine dephosphorylation (GO:0035335),1/35,0.3908317154041418,0.4531943578026223,0,0,2.067752100840336,1.9426080362784972,DUSP1
GO_Biological_Process_2021,oxoacid metabolic process (GO:0043436),1/35,0.3908317154041418,0.4531943578026223,0,0,2.067752100840336,1.9426080362784972,DDO
GO_Biological_Process_2021,negative regulation of Ras protein signal transduction (GO:0046580),1/35,0.3908317154041418,0.4531943578026223,0,0,2.067752100840336,1.9426080362784972,HEG1
GO_Biological_Process_2021,negative regulation of epithelial cell migration (GO:0010633),1/35,0.3908317154041418,0.4531943578026223,0,0,2.067752100840336,1.9426080362784972,STC1
GO_Biological_Process_2021,negative regulation of cell cycle G1/S phase transition (GO:1902807),1/35,0.3908317154041418,0.4531943578026223,0,0,2.067752100840336,1.9426080362784972,CCL2
GO_Biological_Process_2021,lung development (GO:0030324),1/35,0.3908317154041418,0.4531943578026223,0,0,2.067752100840336,1.9426080362784972,VEGFA
GO_Biological_Process_2021,semaphorin-plexin signaling pathway (GO:0071526),1/35,0.3908317154041418,0.4531943578026223,0,0,2.067752100840336,1.9426080362784972,SEMA7A
GO_Biological_Process_2021,respiratory system development (GO:0060541),1/35,0.3908317154041418,0.4531943578026223,0,0,2.067752100840336,1.9426080362784972,VEGFA
GO_Biological_Process_2021,regulation of T cell receptor signaling pathway (GO:0050856),1/35,0.3908317154041418,0.4531943578026223,0,0,2.067752100840336,1.9426080362784972,GBP1
GO_Biological_Process_2021,regulation of protein polymerization (GO:0032271),1/35,0.3908317154041418,0.4531943578026223,0,0,2.067752100840336,1.9426080362784972,MAP2
GO_Biological_Process_2021,regulation of phosphatidylinositol 3-kinase activity (GO:0043551),1/35,0.3908317154041418,0.4531943578026223,0,0,2.067752100840336,1.9426080362784972,PDGFB
GO_Biological_Process_2021,regulation of lipid biosynthetic process (GO:0046890),1/35,0.3908317154041418,0.4531943578026223,0,0,2.067752100840336,1.9426080362784972,C3
KEGG_2021_Human,Adherens junction,2/71,0.2633153393436206,0.458744692762714,0,0,2.041452392083528,2.724120106795724,SNAI2;FYN
GO_Biological_Process_2021,glycosaminoglycan biosynthetic process (GO:0006024),2/97,0.3964658911709112,0.4594998441505361,0,0,1.4807772118468214,1.3699636436731824,IL1B;HAS2
GO_Biological_Process_2021,negative regulation of DNA metabolic process (GO:0051053),1/36,0.3994055182807742,0.459945331091049,0,0,2.0085714285714285,1.843422752267179,ANKRD1
GO_Biological_Process_2021,cellular response to heat (GO:0034605),1/36,0.3994055182807742,0.459945331091049,0,0,2.0085714285714285,1.843422752267179,IL1A
GO_Biological_Process_2021,positive regulation of bone mineralization (GO:0030501),1/36,0.3994055182807742,0.459945331091049,0,0,2.0085714285714285,1.843422752267179,BMP2
GO_Biological_Process_2021,negative regulation of toll-like receptor signaling pathway (GO:0034122),1/36,0.3994055182807742,0.459945331091049,0,0,2.0085714285714285,1.843422752267179,TNFAIP3
GO_Biological_Process_2021,positive regulation of substrate adhesion-dependent cell spreading (GO:1900026),1/36,0.3994055182807742,0.459945331091049,0,0,2.0085714285714285,1.843422752267179,NEDD9
GO_Biological_Process_2021,intrinsic apoptotic signaling pathway by p53 class mediator (GO:0072332),1/36,0.3994055182807742,0.459945331091049,0,0,2.0085714285714285,1.843422752267179,IFI16
GO_Biological_Process_2021,dendrite morphogenesis (GO:0048813),1/36,0.3994055182807742,0.459945331091049,0,0,2.0085714285714285,1.843422752267179,MAP2
GO_Biological_Process_2021,regulation of ossification (GO:0030278),1/36,0.3994055182807742,0.459945331091049,0,0,2.0085714285714285,1.843422752267179,BMP2
GO_Biological_Process_2021,regulation of sodium ion transport (GO:0002028),1/36,0.3994055182807742,0.459945331091049,0,0,2.0085714285714285,1.843422752267179,NEDD4
GO_Biological_Process_2021,regulation of embryonic development (GO:0045995),1/36,0.3994055182807742,0.459945331091049,0,0,2.0085714285714285,1.843422752267179,PHLDB2
GO_Biological_Process_2021,calcium-dependent cell-cell adhesion via plasma membrane cell adhesion molecules (GO:0016339),1/36,0.3994055182807742,0.459945331091049,0,0,2.0085714285714285,1.843422752267179,CDH11
GO_Biological_Process_2021,activation of adenylate cyclase activity (GO:0007190),1/36,0.3994055182807742,0.459945331091049,0,0,2.0085714285714285,1.843422752267179,ADRB2
GO_Biological_Process_2021,platelet aggregation (GO:0070527),1/36,0.3994055182807742,0.459945331091049,0,0,2.0085714285714285,1.843422752267179,ITGB3
KEGG_2021_Human,Non-small cell lung cancer,2/72,0.2685299595898027,0.4642029533994263,0,0,2.0121863799283157,2.6456081443007595,STAT5A;GADD45A
GO_Biological_Process_2021,double-strand break repair (GO:0006302),3/164,0.4059604460674448,0.467263868075662,0,0,1.3109164842039411,1.18179061745855,DTX3L;PARP9;SAMHD1
GO_Biological_Process_2021,negative regulation of G1/S transition of mitotic cell cycle (GO:2000134),1/37,0.4078590714536247,0.4685273574872272,0,0,1.9526785714285717,1.7512277086303072,CCL2
GO_Biological_Process_2021,neural crest cell migration (GO:0001755),1/37,0.4078590714536247,0.4685273574872272,0,0,1.9526785714285717,1.7512277086303072,SEMA7A
GO_Biological_Process_2021,"phagocytosis, engulfment (GO:0006911)",1/37,0.4078590714536247,0.4685273574872272,0,0,1.9526785714285717,1.7512277086303072,MARCO
GO_Biological_Process_2021,negative regulation of stress-activated MAPK cascade (GO:0032873),1/37,0.4078590714536247,0.4685273574872272,0,0,1.9526785714285717,1.7512277086303072,DUSP1
KEGG_2021_Human,p53 signaling pathway,2/73,0.2737439901485556,0.4695762292548299,0,0,1.9837447624817,2.570064236527685,GADD45A;SERPINE1
GO_Biological_Process_2021,cell-matrix adhesion (GO:0007160),2/100,0.4112182664137235,0.4719228756292854,0,0,1.4352278545826933,1.2753881697665768,ITGB3;ITGA2
GO_Biological_Process_2021,organic acid transport (GO:0015849),2/100,0.4112182664137235,0.4719228756292854,0,0,1.4352278545826933,1.2753881697665768,SLC6A15;SLC13A5
GO_Biological_Process_2021,positive regulation of signaling (GO:0023056),1/38,0.4161940554030214,0.4757665313351589,0,0,1.8998069498069496,1.665377702989757,TNF
GO_Biological_Process_2021,epithelial cell differentiation (GO:0030855),2/101,0.4160965159330905,0.4757665313351589,0,0,1.4206581948517432,1.2456871416516555,MAF;VEGFA
GO_Biological_Process_2021,positive regulation of potassium ion transport (GO:0043268),1/38,0.4161940554030214,0.4757665313351589,0,0,1.8998069498069496,1.665377702989757,ANK2
GO_Biological_Process_2021,negative regulation of proteasomal protein catabolic process (GO:1901799),1/38,0.4161940554030214,0.4757665313351589,0,0,1.8998069498069496,1.665377702989757,LAMP3
GO_Biological_Process_2021,positive regulation of production of molecular mediator of immune response (GO:0002702),1/38,0.4161940554030214,0.4757665313351589,0,0,1.8998069498069496,1.665377702989757,IL6
GO_Biological_Process_2021,lysosome organization (GO:0007040),1/38,0.4161940554030214,0.4757665313351589,0,0,1.8998069498069496,1.665377702989757,ABCA1
GO_Biological_Process_2021,positive regulation of protein localization to membrane (GO:1905477),2/101,0.4160965159330905,0.4757665313351589,0,0,1.4206581948517432,1.2456871416516555,FYN;TNF
GO_Biological_Process_2021,cellular response to chemical stress (GO:0062197),2/101,0.4160965159330905,0.4757665313351589,0,0,1.4206581948517432,1.2456871416516555,SOD2;DHRS2
GO_Biological_Process_2021,protein transport (GO:0015031),6/369,0.4168691962860884,0.4763056246628158,0,0,1.163395942900075,1.017951421433664,ARRDC4;ABCA1;ARRDC3;SCG5;TXNIP;VLDLR
GO_Biological_Process_2021,calcium-mediated signaling (GO:0019722),2/102,0.4209544670051268,0.4805041233131691,0,0,1.406379928315412,1.216842956982966,CCL20;ANK2
GO_Biological_Process_2021,cell junction assembly (GO:0034329),2/102,0.4209544670051268,0.4805041233131691,0,0,1.406379928315412,1.216842956982966,CDH11;NRCAM
GO_Biological_Process_2021,protein monoubiquitination (GO:0006513),1/39,0.4244121274168489,0.4825677250512276,0,0,1.849718045112782,1.585301400319189,DTX3L
GO_Biological_Process_2021,replication fork processing (GO:0031297),1/39,0.4244121274168489,0.4825677250512276,0,0,1.849718045112782,1.585301400319189,SAMHD1
GO_Biological_Process_2021,negative regulation of protein secretion (GO:0050709),1/39,0.4244121274168489,0.4825677250512276,0,0,1.849718045112782,1.585301400319189,IL1B
GO_Biological_Process_2021,positive regulation of intracellular transport (GO:0032388),1/39,0.4244121274168489,0.4825677250512276,0,0,1.849718045112782,1.585301400319189,NEDD4
GO_Biological_Process_2021,regulation of T cell differentiation (GO:0045580),1/39,0.4244121274168489,0.4825677250512276,0,0,1.849718045112782,1.585301400319189,PRDM1
GO_Biological_Process_2021,regulation of heart rate by cardiac conduction (GO:0086091),1/39,0.4244121274168489,0.4825677250512276,0,0,1.849718045112782,1.585301400319189,ANK2
GO_Biological_Process_2021,regulation of protein targeting to mitochondrion (GO:1903214),1/39,0.4244121274168489,0.4825677250512276,0,0,1.849718045112782,1.585301400319189,ABLIM3
GO_Biological_Process_2021,cellular response to ketone (GO:1901655),1/39,0.4244121274168489,0.4825677250512276,0,0,1.849718045112782,1.585301400319189,KLF9
KEGG_2021_Human,Glioma,2/75,0.2841662733470508,0.4837334271480331,0,0,1.9291991947758629,2.4273102135126328,GADD45A;PDGFB
GO_Biological_Process_2021,cell-cell adhesion via plasma-membrane adhesion molecules (GO:0098742),3/170,0.4284219683177107,0.4868904350963783,0,0,1.2634299745832076,1.0709422003777522,CDH11;MYPN;ICAM1
GO_Biological_Process_2021,neuron projection development (GO:0031175),3/171,0.432137286982188,0.4889299113660824,0,0,1.2558453237410072,1.0536692305589144,IL6;MAP2;NEDD4
GO_Biological_Process_2021,negative regulation of protein kinase B signaling (GO:0051898),1/40,0.4325149215930729,0.4889299113660824,0,0,1.8021978021978025,1.510491276874571,XDH
GO_Biological_Process_2021,detection of chemical stimulus involved in sensory perception of bitter taste (GO:0001580),1/40,0.4325149215930729,0.4889299113660824,0,0,1.8021978021978025,1.510491276874571,RTP4
GO_Biological_Process_2021,response to organonitrogen compound (GO:0010243),1/40,0.4325149215930729,0.4889299113660824,0,0,1.8021978021978025,1.510491276874571,IL6
GO_Biological_Process_2021,carboxylic acid metabolic process (GO:0019752),1/40,0.4325149215930729,0.4889299113660824,0,0,1.8021978021978025,1.510491276874571,DDO
GO_Biological_Process_2021,regulation of microtubule polymerization (GO:0031113),1/40,0.4325149215930729,0.4889299113660824,0,0,1.8021978021978025,1.510491276874571,MAP2
GO_Biological_Process_2021,regulation of sodium ion transmembrane transporter activity (GO:2000649),1/40,0.4325149215930729,0.4889299113660824,0,0,1.8021978021978025,1.510491276874571,NEDD4
GO_Biological_Process_2021,positive regulation of ossification (GO:0045778),1/40,0.4325149215930729,0.4889299113660824,0,0,1.8021978021978025,1.510491276874571,BMP2
GO_Biological_Process_2021,positive regulation of intrinsic apoptotic signaling pathway (GO:2001244),1/40,0.4325149215930729,0.4889299113660824,0,0,1.8021978021978025,1.510491276874571,NKX3-1
GO_Biological_Process_2021,sulfur compound catabolic process (GO:0044273),1/40,0.4325149215930729,0.4889299113660824,0,0,1.8021978021978025,1.510491276874571,CHAC1
GO_Biological_Process_2021,digestive tract development (GO:0048565),1/40,0.4325149215930729,0.4889299113660824,0,0,1.8021978021978025,1.510491276874571,TNF
GO_Biological_Process_2021,regulation of release of cytochrome c from mitochondria (GO:0090199),1/41,0.4405040492322897,0.49532891648417,0,0,1.757053571428571,1.4404951415189169,MMP9
GO_Biological_Process_2021,regulation of protein dephosphorylation (GO:0035304),1/41,0.4405040492322897,0.49532891648417,0,0,1.757053571428571,1.4404951415189169,PPP1R15A
GO_Biological_Process_2021,carbohydrate catabolic process (GO:0016052),1/41,0.4405040492322897,0.49532891648417,0,0,1.757053571428571,1.4404951415189169,HK2
GO_Biological_Process_2021,regulation of response to DNA damage stimulus (GO:2001020),1/41,0.4405040492322897,0.49532891648417,0,0,1.757053571428571,1.4404951415189169,NKX3-1
GO_Biological_Process_2021,regulation of viral transcription (GO:0046782),1/41,0.4405040492322897,0.49532891648417,0,0,1.757053571428571,1.4404951415189169,TRIM14
GO_Biological_Process_2021,visual system development (GO:0150063),1/41,0.4405040492322897,0.49532891648417,0,0,1.757053571428571,1.4404951415189169,C3
GO_Biological_Process_2021,hexose metabolic process (GO:0019318),1/41,0.4405040492322897,0.49532891648417,0,0,1.757053571428571,1.4404951415189169,OAS1
GO_Biological_Process_2021,sensory perception of bitter taste (GO:0050913),1/41,0.4405040492322897,0.49532891648417,0,0,1.757053571428571,1.4404951415189169,RTP4
GO_Biological_Process_2021,JNK cascade (GO:0007254),1/41,0.4405040492322897,0.49532891648417,0,0,1.757053571428571,1.4404951415189169,IRAK2
GO_Biological_Process_2021,response to growth factor (GO:0070848),1/41,0.4405040492322897,0.49532891648417,0,0,1.757053571428571,1.4404951415189169,PDGFB
GO_Biological_Process_2021,positive regulation of cation transmembrane transport (GO:1904064),1/41,0.4405040492322897,0.49532891648417,0,0,1.757053571428571,1.4404951415189169,ANK2
KEGG_2021_Human,Arrhythmogenic right ventricular cardiomyopathy,2/77,0.2945744500915354,0.4976522906849424,0,0,1.8775627240143369,2.294801295599655,ITGB3;ITGA2
GO_Biological_Process_2021,neuron differentiation (GO:0030182),3/174,0.4432298828429508,0.4981546233681579,0,0,1.2336236274138583,1.0037584914155335,INHBA;RUNX2;VEGFA
KEGG_2021_Human,alpha-Linolenic acid metabolism,1/25,0.2980928133824836,0.4998097547691267,0,0,2.930803571428572,3.547299235917498,PLA2G4C
GO_Biological_Process_2021,mitochondrion organization (GO:0007005),3/175,0.4469088555641137,0.5020483543063016,0,0,1.226388656516647,0.9877341692356916,MX2;MX1;HK2
GO_Biological_Process_2021,translesion synthesis (GO:0019985),1/42,0.4483810992520087,0.5024960595065615,0,0,1.7141114982578398,1.3749089567761803,UBE2L6
GO_Biological_Process_2021,ceramide biosynthetic process (GO:0046513),1/42,0.4483810992520087,0.5024960595065615,0,0,1.7141114982578398,1.3749089567761803,ST6GALNAC3
GO_Biological_Process_2021,heterophilic cell-cell adhesion via plasma membrane cell adhesion molecules (GO:0007157),1/42,0.4483810992520087,0.5024960595065615,0,0,1.7141114982578398,1.3749089567761803,ICAM1
GO_Biological_Process_2021,regulation of DNA recombination (GO:0000018),1/42,0.4483810992520087,0.5024960595065615,0,0,1.7141114982578398,1.3749089567761803,IL7R
GO_Biological_Process_2021,skeletal system morphogenesis (GO:0048705),1/42,0.4483810992520087,0.5024960595065615,0,0,1.7141114982578398,1.3749089567761803,MMP13
KEGG_2021_Human,Estrogen signaling pathway,3/137,0.3027580551018902,0.5038436290128472,0,0,1.577230752711264,1.8845088833008543,MMP9;CREB5;HBEGF
GO_Biological_Process_2021,modulation of chemical synaptic transmission (GO:0050804),2/109,0.4543605784723913,0.5084666444884723,0,0,1.313904800187586,1.0364924202647283,IL1B;TNF
GO_Biological_Process_2021,regulation of protein ubiquitination (GO:0031396),2/109,0.4543605784723913,0.5084666444884723,0,0,1.313904800187586,1.0364924202647283,TNFAIP3;BIRC3
GO_Biological_Process_2021,lipid transport (GO:0006869),2/109,0.4543605784723913,0.5084666444884723,0,0,1.313904800187586,1.0364924202647283,ABCA1;ABCA10
GO_Biological_Process_2021,anion transport (GO:0006820),1/43,0.4561476384100313,0.5085209499187582,0,0,1.6732142857142858,1.313370735643802,SLC13A5
GO_Biological_Process_2021,lipid modification (GO:0030258),1/43,0.4561476384100313,0.5085209499187582,0,0,1.6732142857142858,1.313370735643802,CYP1A1
GO_Biological_Process_2021,positive regulation of axonogenesis (GO:0050772),1/43,0.4561476384100313,0.5085209499187582,0,0,1.6732142857142858,1.313370735643802,SEMA7A
GO_Biological_Process_2021,male gonad development (GO:0008584),1/43,0.4561476384100313,0.5085209499187582,0,0,1.6732142857142858,1.313370735643802,INHBA
GO_Biological_Process_2021,cellular glucose homeostasis (GO:0001678),1/43,0.4561476384100313,0.5085209499187582,0,0,1.6732142857142858,1.313370735643802,HK2
GO_Biological_Process_2021,development of primary male sexual characteristics (GO:0046546),1/43,0.4561476384100313,0.5085209499187582,0,0,1.6732142857142858,1.313370735643802,INHBA
GO_Biological_Process_2021,DNA synthesis involved in DNA repair (GO:0000731),1/43,0.4561476384100313,0.5085209499187582,0,0,1.6732142857142858,1.313370735643802,UBE2L6
GO_Biological_Process_2021,glutathione metabolic process (GO:0006749),1/43,0.4561476384100313,0.5085209499187582,0,0,1.6732142857142858,1.313370735643802,CHAC1
GO_Biological_Process_2021,regulation of protein kinase activity (GO:0045859),2/110,0.459043200284317,0.5115052803168104,0,0,1.3016726403823178,1.013496577734726,TNF;EREG
GO_Biological_Process_2021,positive regulation of cell division (GO:0051781),1/44,0.4638052117561393,0.5153391241734882,0,0,1.63421926910299,1.2555553308130067,NKX3-1
GO_Biological_Process_2021,positive regulation of potassium ion transmembrane transport (GO:1901381),1/44,0.4638052117561393,0.5153391241734882,0,0,1.63421926910299,1.2555553308130067,ANK2
GO_Biological_Process_2021,homotypic cell-cell adhesion (GO:0034109),1/44,0.4638052117561393,0.5153391241734882,0,0,1.63421926910299,1.2555553308130067,ITGB3
GO_Biological_Process_2021,detection of chemical stimulus involved in sensory perception of taste (GO:0050912),1/44,0.4638052117561393,0.5153391241734882,0,0,1.63421926910299,1.2555553308130067,RTP4
GO_Biological_Process_2021,positive regulation of biosynthetic process (GO:0009891),1/44,0.4638052117561393,0.5153391241734882,0,0,1.63421926910299,1.2555553308130067,CCL5
GO_Biological_Process_2021,neurogenesis (GO:0022008),1/44,0.4638052117561393,0.5153391241734882,0,0,1.63421926910299,1.2555553308130067,CHAC1
KEGG_2021_Human,Ubiquitin mediated proteolysis,3/140,0.3142772061953286,0.5191393850485799,0,0,1.5424565457123351,1.7853623869792223,NEDD4;UBE2L6;BIRC3
GO_Biological_Process_2021,positive regulation of nervous system development (GO:0051962),1/45,0.4713553425558007,0.5234795925868884,0,0,1.5969967532467533,1.2011699714909132,CUX2
GO_Biological_Process_2021,sulfur compound biosynthetic process (GO:0044272),2/113,0.4729500368656579,0.5250014640728841,0,0,1.266298556621137,0.9481607052958736,CBS;CHAC1
GO_Biological_Process_2021,interleukin-12-mediated signaling pathway (GO:0035722),1/46,0.478799533124074,0.5289853198821214,0,0,1.5614285714285714,1.149950422102031,SOD2
GO_Biological_Process_2021,response to lipid (GO:0033993),2/114,0.4775377787859803,0.5289853198821214,0,0,1.2549283154121864,0.9275325824754552,IL1B;NKX3-1
GO_Biological_Process_2021,regulation of telomerase activity (GO:0051972),1/46,0.478799533124074,0.5289853198821214,0,0,1.5614285714285714,1.149950422102031,GREM1
GO_Biological_Process_2021,establishment of protein localization to extracellular region (GO:0035592),1/46,0.478799533124074,0.5289853198821214,0,0,1.5614285714285714,1.149950422102031,ABCA1
GO_Biological_Process_2021,regulation of B cell proliferation (GO:0030888),1/46,0.478799533124074,0.5289853198821214,0,0,1.5614285714285714,1.149950422102031,IKZF3
GO_Biological_Process_2021,positive regulation of kinase activity (GO:0033674),2/114,0.4775377787859803,0.5289853198821214,0,0,1.2549283154121864,0.9275325824754552,TNF;EREG
GO_Biological_Process_2021,regulation of cellular protein localization (GO:1903827),1/46,0.478799533124074,0.5289853198821214,0,0,1.5614285714285714,1.149950422102031,MAP2
GO_Biological_Process_2021,regulation of DNA metabolic process (GO:0051052),1/46,0.478799533124074,0.5289853198821214,0,0,1.5614285714285714,1.149950422102031,IL7R
GO_Biological_Process_2021,postreplication repair (GO:0006301),1/46,0.478799533124074,0.5289853198821214,0,0,1.5614285714285714,1.149950422102031,UBE2L6
GO_Biological_Process_2021,posttranscriptional regulation of gene expression (GO:0010608),1/46,0.478799533124074,0.5289853198821214,0,0,1.5614285714285714,1.149950422102031,PARP9
GO_Biological_Process_2021,antigen receptor-mediated signaling pathway (GO:0050851),3/185,0.483133200458933,0.5335213256601714,0,0,1.1584117321527394,0.842701541849782,THEMIS2;NFKBIZ;FYN
KEGG_2021_Human,Signaling pathways regulating pluripotency of stem cells,3/143,0.3258064813200502,0.5342268039292,0,0,1.5091726618705037,1.6924642313378764,LIF;INHBA;INHBE
GO_Biological_Process_2021,glycosphingolipid metabolic process (GO:0006687),1/47,0.4861392646648413,0.5360819412420964,0,0,1.527406832298137,1.1016576707739625,ST6GALNAC3
GO_Biological_Process_2021,negative regulation of cold-induced thermogenesis (GO:0120163),1/47,0.4861392646648413,0.5360819412420964,0,0,1.527406832298137,1.1016576707739625,ARRDC3
GO_Biological_Process_2021,regulation of cellular metabolic process (GO:0031323),1/47,0.4861392646648413,0.5360819412420964,0,0,1.527406832298137,1.1016576707739625,CYP1B1
GO_Biological_Process_2021,ion transport (GO:0006811),2/116,0.4866400310755425,0.5363813814021523,0,0,1.232786266742124,0.8878903742141319,SLC15A3;SLC5A5
GO_Biological_Process_2021,positive regulation of cell projection organization (GO:0031346),2/117,0.4911541056547612,0.5411019808060928,0,0,1.222004051737572,0.8688416297995872,CUX2;CX3CL1
GO_Biological_Process_2021,cellular response to interleukin-12 (GO:0071349),1/48,0.4933759978554721,0.5420187018693919,0,0,1.4948328267477204,1.0560750599439388,SOD2
GO_Biological_Process_2021,establishment of protein localization to mitochondrion (GO:0072655),1/48,0.4933759978554721,0.5420187018693919,0,0,1.4948328267477204,1.0560750599439388,HK2
GO_Biological_Process_2021,substrate adhesion-dependent cell spreading (GO:0034446),1/48,0.4933759978554721,0.5420187018693919,0,0,1.4948328267477204,1.0560750599439388,ITGB3
GO_Biological_Process_2021,negative regulation of mitotic cell cycle (GO:0045930),1/48,0.4933759978554721,0.5420187018693919,0,0,1.4948328267477204,1.0560750599439388,NKX3-1
GO_Biological_Process_2021,cellular response to alcohol (GO:0097306),1/48,0.4933759978554721,0.5420187018693919,0,0,1.4948328267477204,1.0560750599439388,KLF9
GO_Biological_Process_2021,purine ribonucleotide biosynthetic process (GO:0009152),1/48,0.4933759978554721,0.5420187018693919,0,0,1.4948328267477204,1.0560750599439388,AMPD3
GO_Biological_Process_2021,adenylate cyclase-activating G protein-coupled receptor signaling pathway (GO:0007189),2/118,0.4956432066444553,0.5442539200131513,0,0,1.211407736991719,0.8502858217054988,ABCA1;ADRB2
KEGG_2021_Human,Linoleic acid metabolism,1/29,0.3367665075503374,0.5481673809031039,0,0,2.5116071428571427,2.7335464249451267,PLA2G4C
GO_Biological_Process_2021,adherens junction organization (GO:0034332),1/49,0.500511173010821,0.548312801893877,0,0,1.4636160714285715,1.0130057956236431,CDH11
GO_Biological_Process_2021,regulation of cellular localization (GO:0060341),1/49,0.500511173010821,0.548312801893877,0,0,1.4636160714285715,1.0130057956236431,MAP2
GO_Biological_Process_2021,negative regulation of cell projection organization (GO:0031345),1/49,0.500511173010821,0.548312801893877,0,0,1.4636160714285715,1.0130057956236431,FYN
GO_Biological_Process_2021,mitotic cytokinesis (GO:0000281),1/49,0.500511173010821,0.548312801893877,0,0,1.4636160714285715,1.0130057956236431,TRIM36
GO_Biological_Process_2021,secondary alcohol metabolic process (GO:1902652),1/49,0.500511173010821,0.548312801893877,0,0,1.4636160714285715,1.0130057956236431,ABCA1
KEGG_2021_Human,Colorectal cancer,2/86,0.3410503656103651,0.5511176197906625,0,0,1.6756272401433692,1.8025143020279404,GADD45A;EREG
KEGG_2021_Human,Phospholipase D signaling pathway,3/148,0.3450158834823657,0.553514690766673,0,0,1.456760109154056,1.5502328650679542,PLA2G4C;PDGFB;FYN
GO_Biological_Process_2021,amino acid transport (GO:0006865),1/50,0.50754621023197,0.555499593986347,0,0,1.433673469387755,0.9722707777365648,SLC6A15
GO_Biological_Process_2021,negative regulation of ERK1 and ERK2 cascade (GO:0070373),1/50,0.50754621023197,0.555499593986347,0,0,1.433673469387755,0.9722707777365648,GBP1
KEGG_2021_Human,Galactose metabolism,1/31,0.3552995569486687,0.5579704309827684,0,0,2.343928571428572,2.4254832758986744,HK2
KEGG_2021_Human,Asthma,1/31,0.3552995569486687,0.5579704309827684,0,0,2.343928571428572,2.4254832758986744,TNF
KEGG_2021_Human,Pathways of neurodegeneration,8/475,0.351833922853842,0.5579704309827684,0,0,1.2080539018440517,1.2619283036052875,IL1A;IL6;DNAH17;IL1B;NDUFA4L2;UBE2L6;TNFRSF1B;TNF
GO_Biological_Process_2021,positive regulation of fat cell differentiation (GO:0045600),1/51,0.5144825101056646,0.5612536473879977,0,0,1.4049285714285715,0.9337067031607618,BMP2
GO_Biological_Process_2021,positive regulation of actin filament bundle assembly (GO:0032233),1/51,0.5144825101056646,0.5612536473879977,0,0,1.4049285714285715,0.9337067031607618,CX3CL1
GO_Biological_Process_2021,sensory perception (GO:0007600),1/51,0.5144825101056646,0.5612536473879977,0,0,1.4049285714285715,0.9337067031607618,CCL2
GO_Biological_Process_2021,cholesterol transport (GO:0030301),1/51,0.5144825101056646,0.5612536473879977,0,0,1.4049285714285715,0.9337067031607618,ABCA1
GO_Biological_Process_2021,gonad development (GO:0008406),1/51,0.5144825101056646,0.5612536473879977,0,0,1.4049285714285715,0.9337067031607618,INHBA
GO_Biological_Process_2021,inositol lipid-mediated signaling (GO:0048017),1/51,0.5144825101056646,0.5612536473879977,0,0,1.4049285714285715,0.9337067031607618,PTAFR
GO_Biological_Process_2021,regulation of epithelial cell migration (GO:0010632),1/51,0.5144825101056646,0.5612536473879977,0,0,1.4049285714285715,0.9337067031607618,BMPER
GO_Biological_Process_2021,glycolipid metabolic process (GO:0006664),1/52,0.5213214533524204,0.5671279408854782,0,0,1.377310924369748,0.8971644068336733,ST6GALNAC3
GO_Biological_Process_2021,ameboidal-type cell migration (GO:0001667),1/52,0.5213214533524204,0.5671279408854782,0,0,1.377310924369748,0.8971644068336733,SEMA7A
GO_Biological_Process_2021,positive regulation of protein localization to plasma membrane (GO:1903078),1/52,0.5213214533524204,0.5671279408854782,0,0,1.377310924369748,0.8971644068336733,TNF
GO_Biological_Process_2021,positive regulation of developmental growth (GO:0048639),1/52,0.5213214533524204,0.5671279408854782,0,0,1.377310924369748,0.8971644068336733,SEMA7A
GO_Biological_Process_2021,cilium movement (GO:0003341),1/52,0.5213214533524204,0.5671279408854782,0,0,1.377310924369748,0.8971644068336733,DNAH17
GO_Biological_Process_2021,positive regulation of protein localization to cell periphery (GO:1904377),1/52,0.5213214533524204,0.5671279408854782,0,0,1.377310924369748,0.8971644068336733,TNF
GO_Biological_Process_2021,positive regulation of macroautophagy (GO:0016239),1/53,0.528064401762944,0.5736632776811926,0,0,1.3507554945054945,0.8625074012829151,ADRB2
GO_Biological_Process_2021,positive regulation of B cell activation (GO:0050871),1/53,0.528064401762944,0.5736632776811926,0,0,1.3507554945054945,0.8625074012829151,IL6
GO_Biological_Process_2021,regulation of DNA replication (GO:0006275),1/53,0.528064401762944,0.5736632776811926,0,0,1.3507554945054945,0.8625074012829151,EREG
GO_Biological_Process_2021,regulation of signal transduction (GO:0009966),3/198,0.5284675144289048,0.5738347952499477,0,0,1.080464858882125,0.6890923333827248,IRAK2;FYN;CX3CL1
KEGG_2021_Human,mTOR signaling pathway,3/154,0.3680007306590587,0.5738752652934972,0,0,1.3984468054695316,1.3979858149318785,RPS6KA2;GRB10;TNF
GO_Biological_Process_2021,negative regulation of cell growth (GO:0030308),2/126,0.5306361193413314,0.5759223187656379,0,0,1.1327899179095848,0.7178249184034817,MAP2;INHBA
KEGG_2021_Human,Fructose and mannose metabolism,1/33,0.3733165190665908,0.5781221093878456,0,0,2.197209821428572,2.164973770833292,HK2
KEGG_2021_Human,GnRH signaling pathway,2/93,0.3765385005686494,0.5790902457021299,0,0,1.546181417149159,1.5102094721907855,PLA2G4C;HBEGF
GO_Biological_Process_2021,regulation of proteolysis (GO:0030162),1/54,0.5347126979809235,0.5795403952178605,0,0,1.3252021563342318,0.8296105935785553,PLAT
GO_Biological_Process_2021,regulation of potassium ion transmembrane transport (GO:1901379),1/54,0.5347126979809235,0.5795403952178605,0,0,1.3252021563342318,0.8296105935785553,NEDD4
GO_Biological_Process_2021,regulation of proteasomal protein catabolic process (GO:0061136),1/54,0.5347126979809235,0.5795403952178605,0,0,1.3252021563342318,0.8296105935785553,LAMP3
GO_Biological_Process_2021,regulation of macromolecule metabolic process (GO:0060255),3/200,0.5352460606873314,0.5798498990779423,0,0,1.0693861154731037,0.6683970256379101,NFKBIZ;TRIM14;PRDM1
GO_Biological_Process_2021,modification-dependent protein catabolic process (GO:0019941),3/201,0.5386146862914148,0.5832292299499818,0,0,1.063930673642904,0.6583122446410404,DTX3L;NEDD4;UBE2L6
GO_Biological_Process_2021,glycoprotein metabolic process (GO:0009100),1/55,0.5412676659824495,0.58447915939037,0,0,1.300595238095238,0.7983591510228858,ST6GALNAC3
GO_Biological_Process_2021,protein sumoylation (GO:0016925),1/55,0.5412676659824495,0.58447915939037,0,0,1.300595238095238,0.7983591510228858,IFIH1
GO_Biological_Process_2021,regulation of cardiac conduction (GO:1903779),1/55,0.5412676659824495,0.58447915939037,0,0,1.300595238095238,0.7983591510228858,ANK2
GO_Biological_Process_2021,pyruvate metabolic process (GO:0006090),1/55,0.5412676659824495,0.58447915939037,0,0,1.300595238095238,0.7983591510228858,HK2
GO_Biological_Process_2021,negative regulation of protein modification by small protein conjugation or removal (GO:1903321),1/55,0.5412676659824495,0.58447915939037,0,0,1.300595238095238,0.7983591510228858,TNFAIP3
GO_Biological_Process_2021,ceramide metabolic process (GO:0006672),1/55,0.5412676659824495,0.58447915939037,0,0,1.300595238095238,0.7983591510228858,ST6GALNAC3
GO_Biological_Process_2021,"DNA damage response, signal transduction by p53 class mediator resulting in cell cycle arrest (GO:0006977)",1/56,0.5477306113183753,0.590368323576692,0,0,1.276883116883117,0.7686474981289786,GADD45A
GO_Biological_Process_2021,regulation of primary metabolic process (GO:0080090),2/130,0.5475046772460803,0.590368323576692,0,0,1.097166218637993,0.6609156765244351,HELZ2;SERPINA3
GO_Biological_Process_2021,positive regulation of establishment of protein localization to mitochondrion (GO:1903749),1/56,0.5477306113183753,0.590368323576692,0,0,1.276883116883117,0.7686474981289786,ABLIM3
GO_Biological_Process_2021,"nuclear-transcribed mRNA catabolic process, deadenylation-dependent decay (GO:0000288)",1/56,0.5477306113183753,0.590368323576692,0,0,1.276883116883117,0.7686474981289786,SAMD4A
GO_Biological_Process_2021,protein phosphorylation (GO:0006468),7/496,0.5484643545670141,0.5908870118263412,0,0,1.0046572029913574,0.6034302582450746,BMP2;RPS6KA2;ADM2;PDGFB;CCL2;FYN;TLR2
GO_Biological_Process_2021,cellular response to metal ion (GO:0071248),2/131,0.5516552180436259,0.5940511781970017,0,0,1.0886054847045097,0.6475374134334745,SLC13A5;MMP9
GO_Biological_Process_2021,monocarboxylic acid transport (GO:0015718),1/57,0.5541028212192901,0.5964124202636333,0,0,1.254017857142857,0.7403784274770497,SLC16A6
KEGG_2021_Human,Fc gamma R-mediated phagocytosis,2/97,0.3964658911709112,0.5967517491013502,0,0,1.4807772118468214,1.3699636436731824,PLA2G4C;VAV1
KEGG_2021_Human,Mucin type O-glycan biosynthesis,1/36,0.3994055182807742,0.5967517491013502,0,0,2.0085714285714285,1.843422752267179,ST6GALNAC3
KEGG_2021_Human,Starch and sucrose metabolism,1/36,0.3994055182807742,0.5967517491013502,0,0,2.0085714285714285,1.843422752267179,HK2
KEGG_2021_Human,Inflammatory mediator regulation of TRP channels,2/98,0.4014025218170517,0.5967517491013502,0,0,1.4652777777777777,1.3374917234592636,IL1B;PLA2G4C
KEGG_2021_Human,Choline metabolism in cancer,2/98,0.4014025218170517,0.5967517491013502,0,0,1.4652777777777777,1.3374917234592636,PLA2G4C;PDGFB
GO_Biological_Process_2021,muscle organ development (GO:0007517),1/58,0.5603855651798838,0.6017908318131842,0,0,1.231954887218045,0.7134623084581564,HBEGF
GO_Biological_Process_2021,RNA modification (GO:0009451),1/58,0.5603855651798838,0.6017908318131842,0,0,1.231954887218045,0.7134623084581564,APOBEC3G
GO_Biological_Process_2021,fat cell differentiation (GO:0045444),1/58,0.5603855651798838,0.6017908318131842,0,0,1.231954887218045,0.7134623084581564,IL11
GO_Biological_Process_2021,eye development (GO:0001654),1/58,0.5603855651798838,0.6017908318131842,0,0,1.231954887218045,0.7134623084581564,COL5A1
GO_Biological_Process_2021,positive regulation of mitochondrion organization (GO:0010822),1/58,0.5603855651798838,0.6017908318131842,0,0,1.231954887218045,0.7134623084581564,MMP9
KEGG_2021_Human,Thyroid cancer,1/37,0.4078590714536247,0.6023349200937637,0,0,1.9526785714285717,1.7512277086303072,GADD45A
KEGG_2021_Human,Primary immunodeficiency,1/38,0.4161940554030214,0.6066096363063646,0,0,1.8998069498069496,1.665377702989757,IL7R
KEGG_2021_Human,Allograft rejection,1/38,0.4161940554030214,0.6066096363063646,0,0,1.8998069498069496,1.665377702989757,TNF
GO_Biological_Process_2021,phospholipid transport (GO:0015914),1/59,0.5665800947742112,0.6078851085610519,0,0,1.210652709359606,0.6878163843000045,ABCA1
GO_Biological_Process_2021,regulation of secretion by cell (GO:1903530),1/59,0.5665800947742112,0.6078851085610519,0,0,1.210652709359606,0.6878163843000045,SCG5
KEGG_2021_Human,Longevity regulating pathway,2/102,0.4209544670051268,0.6095639359879435,0,0,1.406379928315412,1.216842956982966,SOD2;CREB5
GO_Biological_Process_2021,protein localization to plasma membrane (GO:0072659),2/136,0.5720046129789544,0.6134238287675313,0,0,1.047718397261007,0.5852641120840635,ANK2;TNF
GO_Biological_Process_2021,homophilic cell adhesion via plasma membrane adhesion molecules (GO:0007156),1/60,0.5726876443395698,0.6138749829384303,0,0,1.1900726392251817,0.6633641429008004,MYPN
GO_Biological_Process_2021,B cell differentiation (GO:0030183),1/61,0.5787094308347194,0.620045818751485,0,0,1.1701785714285715,0.6400347560150211,IL11
GO_Biological_Process_2021,regulation of cellular component organization (GO:0051128),2/139,0.5838897595806681,0.6253098569422259,0,0,1.0246186850848966,0.5512889950074122,NEDD4;TNF
GO_Biological_Process_2021,glucose metabolic process (GO:0006006),1/62,0.5846466542655906,0.6255478605310846,0,0,1.150936768149883,0.6177625757248377,OAS1
GO_Biological_Process_2021,stress-activated MAPK cascade (GO:0051403),1/62,0.5846466542655906,0.6255478605310846,0,0,1.150936768149883,0.6177625757248377,IRAK2
GO_Biological_Process_2021,protein localization to cell periphery (GO:1990778),2/140,0.5877971851629716,0.6286313589037265,0,0,1.017141966651083,0.5404820973994355,ANK2;TNF
GO_Biological_Process_2021,actin cytoskeleton reorganization (GO:0031532),1/63,0.590500498022866,0.6303700571959426,0,0,1.132315668202765,0.5964866827581378,NEDD9
GO_Biological_Process_2021,anterior/posterior pattern specification (GO:0009952),1/63,0.590500498022866,0.6303700571959426,0,0,1.132315668202765,0.5964866827581378,BMP2
GO_Biological_Process_2021,amyloid fibril formation (GO:1990000),1/63,0.590500498022866,0.6303700571959426,0,0,1.132315668202765,0.5964866827581378,UBE2L6
GO_Biological_Process_2021,positive regulation of DNA metabolic process (GO:0051054),1/63,0.590500498022866,0.6303700571959426,0,0,1.132315668202765,0.5964866827581378,PDGFB
GO_Biological_Process_2021,regulation of small GTPase mediated signal transduction (GO:0051056),2/141,0.5916774340534652,0.6313384385249013,0,0,1.0097728268997703,0.5299223851767294,RASGRF2;VAV1
KEGG_2021_Human,Ferroptosis,1/41,0.4405040492322897,0.6337574385729071,0,0,1.757053571428571,1.4404951415189169,SAT1
GO_Biological_Process_2021,lipid homeostasis (GO:0055088),1/64,0.5962721288721429,0.6356614039001433,0,0,1.1142857142857143,0.5761504810908298,ABCA1
GO_Biological_Process_2021,protein secretion (GO:0009306),1/64,0.5962721288721429,0.6356614039001433,0,0,1.1142857142857143,0.5761504810908298,ABCA1
GO_Biological_Process_2021,"G protein-coupled receptor signaling pathway, coupled to cyclic nucleotide second messenger (GO:0007187)",1/65,0.6019626974632147,0.6402694145745103,0,0,1.0968191964285714,0.5567013319096427,CCL2
GO_Biological_Process_2021,mitotic G1 DNA damage checkpoint signaling (GO:0031571),1/65,0.6019626974632147,0.6402694145745103,0,0,1.0968191964285714,0.5567013319096427,GADD45A
GO_Biological_Process_2021,steroid biosynthetic process (GO:0006694),1/65,0.6019626974632147,0.6402694145745103,0,0,1.0968191964285714,0.5567013319096427,HSD11B1
GO_Biological_Process_2021,inorganic anion transmembrane transport (GO:0098661),1/65,0.6019626974632147,0.6402694145745103,0,0,1.0968191964285714,0.5567013319096427,SLC5A5
GO_Biological_Process_2021,protein autoubiquitination (GO:0051865),1/65,0.6019626974632147,0.6402694145745103,0,0,1.0968191964285714,0.5567013319096427,DTX3L
GO_Biological_Process_2021,cell-cell junction assembly (GO:0007043),1/66,0.6075733382317752,0.6456501414452106,0,0,1.07989010989011,0.5380902245526952,CDH11
GO_Biological_Process_2021,embryonic organ development (GO:0048568),1/66,0.6075733382317752,0.6456501414452106,0,0,1.07989010989011,0.5380902245526952,TNF
GO_Biological_Process_2021,anion transmembrane transport (GO:0098656),1/67,0.6131051698065925,0.6509374307383968,0,0,1.063474025974026,0.5202714783195788,SLC13A5
GO_Biological_Process_2021,protein N-linked glycosylation (GO:0006487),1/67,0.6131051698065925,0.6509374307383968,0,0,1.063474025974026,0.5202714783195788,B4GALNT2
KEGG_2021_Human,Fat digestion and absorption,1/43,0.4561476384100313,0.6520572010604936,0,0,1.6732142857142858,1.313370735643802,ABCA1
GO_Biological_Process_2021,regulation of myeloid cell differentiation (GO:0045637),1/68,0.6185592953964946,0.6561327068122381,0,0,1.047547974413646,0.5032024727098091,CSF2
GO_Biological_Process_2021,regulation of translational initiation (GO:0006446),1/68,0.6185592953964946,0.6561327068122381,0,0,1.047547974413646,0.5032024727098091,CCL5
KEGG_2021_Human,Vasopressin-regulated water reabsorption,1/44,0.4638052117561393,0.658780651093115,0,0,1.63421926910299,1.2555553308130067,CREB5
GO_Biological_Process_2021,synapse assembly (GO:0007416),1/69,0.6239368026339417,0.6615369814967936,0,0,1.0320903361344538,0.486843403880302,NRCAM
GO_Biological_Process_2021,regulation of plasma membrane bounded cell projection assembly (GO:0120032),1/70,0.6292387640294633,0.6662528089723729,0,0,1.0170807453416149,0.4711570626141805,PODXL
GO_Biological_Process_2021,cellular response to light stimulus (GO:0071482),1/70,0.6292387640294633,0.6662528089723729,0,0,1.0170807453416149,0.4711570626141805,NEDD4
GO_Biological_Process_2021,establishment of protein localization to membrane (GO:0090150),1/70,0.6292387640294633,0.6662528089723729,0,0,1.0170807453416149,0.4711570626141805,RTP4
KEGG_2021_Human,Serotonergic synapse,2/113,0.4729500368656579,0.6675180900065931,0,0,1.266298556621137,0.9481607052958736,DUSP1;PLA2G4C
GO_Biological_Process_2021,actin filament organization (GO:0007015),2/152,0.6325673786224775,0.6691716392299264,0,0,0.9351971326164874,0.428290862245425,NEDD9;RND3
GO_Biological_Process_2021,negative regulation of protein phosphorylation (GO:0001933),2/152,0.6325673786224775,0.6691716392299264,0,0,0.9351971326164874,0.428290862245425,GREM1;XDH
GO_Biological_Process_2021,phosphatidylinositol-mediated signaling (GO:0048015),1/71,0.6344662371556931,0.6696666643862524,0,0,1.0025,0.4561086329884855,PTAFR
GO_Biological_Process_2021,fatty acid biosynthetic process (GO:0006633),1/71,0.6344662371556931,0.6696666643862524,0,0,1.0025,0.4561086329884855,CYP1A1
GO_Biological_Process_2021,gland development (GO:0048732),1/71,0.6344662371556931,0.6696666643862524,0,0,1.0025,0.4561086329884855,NKX3-1
GO_Biological_Process_2021,cholesterol homeostasis (GO:0042632),1/71,0.6344662371556931,0.6696666643862524,0,0,1.0025,0.4561086329884855,ABCA1
GO_Biological_Process_2021,regulation of G1/S transition of mitotic cell cycle (GO:2000045),1/71,0.6344662371556931,0.6696666643862524,0,0,1.0025,0.4561086329884855,CCL2
KEGG_2021_Human,Amino sugar and nucleotide sugar metabolism,1/48,0.4933759978554721,0.6723734432615247,0,0,1.4948328267477204,1.0560750599439388,HK2
KEGG_2021_Human,Neutrophil extracellular trap formation,3/189,0.4973079440473854,0.6723734432615247,0,0,1.1332675794847993,0.7916393521598094,C3;ITGB3;TLR2
KEGG_2021_Human,"Valine, leucine and isoleucine degradation",1/48,0.4933759978554721,0.6723734432615247,0,0,1.4948328267477204,1.0560750599439388,BCAT1
KEGG_2021_Human,Carbohydrate digestion and absorption,1/47,0.4861392646648413,0.6723734432615247,0,0,1.527406832298137,1.1016576707739625,HK2
KEGG_2021_Human,Sphingolipid signaling pathway,2/119,0.5001071429827888,0.6723734432615247,0,0,1.2009925558312655,0.8322072756683814,FYN;TNF
KEGG_2021_Human,Ether lipid metabolism,1/49,0.500511173010821,0.6723734432615247,0,0,1.4636160714285715,1.0130057956236431,PLA2G4C
KEGG_2021_Human,Intestinal immune network for IgA production,1/48,0.4933759978554721,0.6723734432615247,0,0,1.4948328267477204,1.0560750599439388,IL6
KEGG_2021_Human,Cocaine addiction,1/49,0.500511173010821,0.6723734432615247,0,0,1.4636160714285715,1.0130057956236431,CREB5
GO_Biological_Process_2021,sterol homeostasis (GO:0055092),1/72,0.6396202648861615,0.6738907788534975,0,0,0.9883299798792756,0.4416655090706103,ABCA1
GO_Biological_Process_2021,cell morphogenesis involved in differentiation (GO:0000904),1/72,0.6396202648861615,0.6738907788534975,0,0,0.9883299798792756,0.4416655090706103,ITGB3
GO_Biological_Process_2021,cytoskeleton-dependent cytokinesis (GO:0061640),1/72,0.6396202648861615,0.6738907788534975,0,0,0.9883299798792756,0.4416655090706103,TRIM36
GO_Biological_Process_2021,negative regulation of supramolecular fiber organization (GO:1902904),1/72,0.6396202648861615,0.6738907788534975,0,0,0.9883299798792756,0.4416655090706103,MAP2
KEGG_2021_Human,Thyroid hormone signaling pathway,2/121,0.508958807946707,0.6755822272149742,0,0,1.1806873286949189,0.7974222815664254,STAT1;ITGB3
KEGG_2021_Human,Arginine and proline metabolism,1/50,0.50754621023197,0.6755822272149742,0,0,1.433673469387755,0.9722707777365648,SAT1
GO_Biological_Process_2021,regulation of actin filament-based process (GO:0032970),1/73,0.6447018753846561,0.6780235453483574,0,0,0.9745535714285716,0.427797128265395,RND3
GO_Biological_Process_2021,insulin receptor signaling pathway (GO:0008286),1/73,0.6447018753846561,0.6780235453483574,0,0,0.9745535714285716,0.427797128265395,GRB10
GO_Biological_Process_2021,regulation of hydrolase activity (GO:0051336),1/73,0.6447018753846561,0.6780235453483574,0,0,0.9745535714285716,0.427797128265395,VAV1
GO_Biological_Process_2021,neurotransmitter transport (GO:0006836),1/73,0.6447018753846561,0.6780235453483574,0,0,0.9745535714285716,0.427797128265395,SLC6A15
GO_Biological_Process_2021,peptidyl-serine phosphorylation (GO:0018105),2/156,0.6466254062142918,0.6797409930554549,0,0,0.9107201042684914,0.3970631483390792,RPS6KA2;PDGFB
GO_Biological_Process_2021,NIK/NF-kappaB signaling (GO:0038061),1/74,0.6497120826535532,0.6823726541334445,0,0,0.9611545988258317,0.4144748184196346,BIRC3
GO_Biological_Process_2021,regulation of stress fiber assembly (GO:0051492),1/74,0.6497120826535532,0.6823726541334445,0,0,0.9611545988258317,0.4144748184196346,PHLDB2
GO_Biological_Process_2021,cellular response to starvation (GO:0009267),2/158,0.6534937115214541,0.6857288273364136,0,0,0.8989523021781086,0.3824344177693685,IFI16;ASNS
GO_Biological_Process_2021,organonitrogen compound biosynthetic process (GO:1901566),2/158,0.6534937115214541,0.6857288273364136,0,0,0.8989523021781086,0.3824344177693685,PLA2G4C;INHBA
GO_Biological_Process_2021,fibroblast growth factor receptor signaling pathway (GO:0008543),1/75,0.654651886434679,0.6863285906170021,0,0,0.9481177606177608,0.4016716591030625,FGF19
GO_Biological_Process_2021,regulation of transcription from RNA polymerase II promoter in response to hypoxia (GO:0061418),1/75,0.654651886434679,0.6863285906170021,0,0,0.9481177606177608,0.4016716591030625,VEGFA
GO_Biological_Process_2021,chloride transport (GO:0006821),1/76,0.6595222725855837,0.6908156301925988,0,0,0.9354285714285714,0.389362354035335,BEST1
GO_Biological_Process_2021,phospholipid metabolic process (GO:0006644),1/76,0.6595222725855837,0.6908156301925988,0,0,0.9354285714285714,0.389362354035335,PLA2G4C
GO_Biological_Process_2021,phosphatidylcholine metabolic process (GO:0046470),1/77,0.6643242131193735,0.6946017241730715,0,0,0.9230733082706768,0.3775231147387906,PLA2G4C
GO_Biological_Process_2021,purine ribonucleotide metabolic process (GO:0009150),1/77,0.6643242131193735,0.6946017241730715,0,0,0.9230733082706768,0.3775231147387906,AMPD3
GO_Biological_Process_2021,positive regulation of protein modification by small protein conjugation or removal (GO:1903322),1/77,0.6643242131193735,0.6946017241730715,0,0,0.9230733082706768,0.3775231147387906,BIRC3
GO_Biological_Process_2021,cholesterol metabolic process (GO:0008203),1/77,0.6643242131193735,0.6946017241730715,0,0,0.9230733082706768,0.3775231147387906,ABCA1
GO_Biological_Process_2021,phosphorylation (GO:0016310),5/400,0.6650578932810391,0.6950582716737971,0,0,0.8862594019445973,0.3614885346838259,BMP2;ADM2;PDGFB;CCL2;FYN
GO_Biological_Process_2021,negative regulation of blood vessel morphogenesis (GO:2000181),1/78,0.6690586665776297,0.6989273570498453,0,0,0.9110389610389612,0.3661315534089972,STAT1
GO_Biological_Process_2021,recombinational repair (GO:0000725),1/79,0.6737265780379313,0.7034895995576794,0,0,0.8993131868131868,0.3551665850845519,SAMHD1
GO_Biological_Process_2021,regulation of organelle organization (GO:0033043),1/80,0.6783288795312233,0.7076636549723863,0,0,0.8878842676311031,0.3446083372115744,ZEB2
GO_Biological_Process_2021,glycerophospholipid metabolic process (GO:0006650),1/80,0.6783288795312233,0.7076636549723863,0,0,0.8878842676311031,0.3446083372115744,PLA2G4C
GO_Biological_Process_2021,cellular protein localization (GO:0034613),4/329,0.6819666940339657,0.7111417397680391,0,0,0.8617161899472369,0.3298429476072898,RTP4;DUOXA2;SCG5;ANK2
KEGG_2021_Human,Purine metabolism,2/129,0.5433274095222296,0.7127177195497482,0,0,1.10586176727909,0.6746234254231606,AMPD3;XDH
KEGG_2021_Human,Regulation of lipolysis in adipocytes,1/55,0.5412676659824495,0.7127177195497482,0,0,1.300595238095238,0.7983591510228858,ADRB2
KEGG_2021_Human,Pyrimidine metabolism,1/56,0.5477306113183753,0.714291966807004,0,0,1.276883116883117,0.7686474981289786,CMPK2
GO_Biological_Process_2021,cell-cell junction organization (GO:0045216),1/82,0.6873403153754812,0.7157883124070432,0,0,0.8658730158730159,0.3246380855210058,CDH11
GO_Biological_Process_2021,positive regulation of cytoskeleton organization (GO:0051495),1/82,0.6873403153754812,0.7157883124070432,0,0,0.8658730158730159,0.3246380855210058,CX3CL1
GO_Biological_Process_2021,"regulation of gene expression, epigenetic (GO:0040029)",1/82,0.6873403153754812,0.7157883124070432,0,0,0.8658730158730159,0.3246380855210058,IFI16
GO_Biological_Process_2021,peptidyl-serine modification (GO:0018209),2/169,0.6893827318715868,0.7175959041723813,0,0,0.8392677011568261,0.3121729006381875,RPS6KA2;PDGFB
KEGG_2021_Human,Glutathione metabolism,1/57,0.5541028212192901,0.7184007507668704,0,0,1.254017857142857,0.7403784274770497,CHAC1
GO_Biological_Process_2021,glycoprotein biosynthetic process (GO:0009101),1/83,0.6917512492988301,0.7194212992707834,0,0,0.8552700348432056,0.3151916860742631,FUT1
GO_Biological_Process_2021,regulation of Notch signaling pathway (GO:0008593),1/83,0.6917512492988301,0.7194212992707834,0,0,0.8552700348432056,0.3151916860742631,CHAC1
KEGG_2021_Human,Endometrial cancer,1/58,0.5603855651798838,0.7223467111856305,0,0,1.231954887218045,0.7134623084581564,GADD45A
GO_Biological_Process_2021,nuclear-transcribed mRNA catabolic process (GO:0000956),2/171,0.6955704914930292,0.7229802060354508,0,0,0.8292507051812262,0.3010370116292999,HELZ2;SAMD4A
GO_Biological_Process_2021,vascular transport (GO:0010232),1/84,0.6961001727341327,0.7229802060354508,0,0,0.8449225473321859,0.3060830806140508,SLC5A5
GO_Biological_Process_2021,lymphocyte differentiation (GO:0030098),1/84,0.6961001727341327,0.7229802060354508,0,0,0.8449225473321859,0.3060830806140508,IL11
KEGG_2021_Human,Notch signaling pathway,1/59,0.5665800947742112,0.726134259394535,0,0,1.210652709359606,0.6878163843000045,DTX3L
KEGG_2021_Human,Apelin signaling pathway,2/137,0.5759934482805308,0.7291084919556069,0,0,1.0399044205495818,0.5736726253151034,SERPINE1;PLAT
KEGG_2021_Human,Long-term depression,1/60,0.5726876443395698,0.7291084919556069,0,0,1.1900726392251817,0.6633641429008004,PLA2G4C
KEGG_2021_Human,Arachidonic acid metabolism,1/61,0.5787094308347194,0.7291084919556069,0,0,1.1701785714285715,0.6400347560150211,PLA2G4C
GO_Biological_Process_2021,transport across blood-brain barrier (GO:0150104),1/86,0.704615450695179,0.7311752348677244,0,0,0.8249579831932773,0.2888203349065059,SLC5A5
GO_Biological_Process_2021,negative regulation of cellular amide metabolic process (GO:0034249),1/86,0.704615450695179,0.7311752348677244,0,0,0.8249579831932773,0.2888203349065059,SAMD4A
GO_Biological_Process_2021,protein targeting to membrane (GO:0006612),1/87,0.7087835064621573,0.7345232086454597,0,0,0.8153239202657807,0.2806386919687464,RTP4
GO_Biological_Process_2021,regulation of transcription from RNA polymerase II promoter in response to stress (GO:0043618),1/87,0.7087835064621573,0.7345232086454597,0,0,0.8153239202657807,0.2806386919687464,VEGFA
GO_Biological_Process_2021,sodium ion transmembrane transport (GO:0035725),1/87,0.7087835064621573,0.7345232086454597,0,0,0.8153239202657807,0.2806386919687464,SLC6A15
GO_Biological_Process_2021,cellular component assembly (GO:0022607),3/261,0.7128458068938492,0.7381281031631631,0,0,0.8139953153756065,0.275529389539818,NEDD9;HAS2;TRAF1
GO_Biological_Process_2021,sensory perception of mechanical stimulus (GO:0050954),1/88,0.712892954337072,0.7381281031631631,0,0,0.8059113300492611,0.2727397391912545,SNAI2
KEGG_2021_Human,Alzheimer disease,5/369,0.5945193533314601,0.7385276019924755,0,0,0.9632803790412486,0.5009077327338053,IL1A;IL6;IL1B;NDUFA4L2;TNF
KEGG_2021_Human,Lysine degradation,1/63,0.590500498022866,0.7385276019924755,0,0,1.132315668202765,0.5964866827581378,PIPOX
KEGG_2021_Human,Retinol metabolism,1/68,0.6185592953964946,0.7385276019924755,0,0,1.047547974413646,0.5032024727098091,CYP1A1
KEGG_2021_Human,Central carbon metabolism in cancer,1/70,0.6292387640294633,0.7385276019924755,0,0,1.0170807453416149,0.4711570626141805,HK2
KEGG_2021_Human,Breast cancer,2/147,0.6143880207450924,0.7385276019924755,0,0,0.967692497837103,0.4713906866930704,GADD45A;FGF19
KEGG_2021_Human,Long-term potentiation,1/67,0.6131051698065925,0.7385276019924755,0,0,1.063474025974026,0.5202714783195788,RPS6KA2
KEGG_2021_Human,Glycolysis / Gluconeogenesis,1/67,0.6131051698065925,0.7385276019924755,0,0,1.063474025974026,0.5202714783195788,HK2
KEGG_2021_Human,Cortisol synthesis and secretion,1/65,0.6019626974632147,0.7385276019924755,0,0,1.0968191964285714,0.5567013319096427,CREB5
KEGG_2021_Human,Adrenergic signaling in cardiomyocytes,2/150,0.6253767999793283,0.7385276019924755,0,0,0.9479318027705124,0.4449600706861477,ADRB2;CREB5
KEGG_2021_Human,Huntington disease,4/306,0.6261671050111304,0.7385276019924755,0,0,0.9284433499892414,0.434639615383859,DNAH17;NDUFA4L2;SOD2;CREB5
KEGG_2021_Human,Renin secretion,1/69,0.6239368026339417,0.7385276019924755,0,0,1.0320903361344538,0.486843403880302,ADRB2
KEGG_2021_Human,Amphetamine addiction,1/69,0.6239368026339417,0.7385276019924755,0,0,1.0320903361344538,0.486843403880302,CREB5
KEGG_2021_Human,Gastric cancer,2/149,0.6217409634284043,0.7385276019924755,0,0,0.9544290834613416,0.4535749849691156,GADD45A;FGF19
GO_Biological_Process_2021,regulation of translation (GO:0006417),2/178,0.7164305994438052,0.741135102872902,0,0,0.7959840338872597,0.2654398976635256,IL6;SAMD4A
GO_Biological_Process_2021,regulation of mitotic cell cycle (GO:0007346),2/178,0.7164305994438052,0.741135102872902,0,0,0.7959840338872597,0.2654398976635256,ASNS;NKX3-1
GO_Biological_Process_2021,post-translational protein modification (GO:0043687),4/345,0.7172066116411643,0.7416100182237403,0,0,0.8206062017637655,0.2727623774623718,C3;IL6;STC2;AMTN
KEGG_2021_Human,Thermogenesis,3/232,0.635704914525706,0.7422104499436253,0,0,0.9184442838742106,0.4160743588920029,RPS6KA2;NDUFA4L2;CREB5
GO_Biological_Process_2021,positive regulation of autophagy (GO:0010508),1/90,0.720939300032337,0.7444827723193594,0,0,0.7877207062600321,0.2577424780478101,TRIM14
GO_Biological_Process_2021,negative regulation of translation (GO:0017148),1/90,0.720939300032337,0.7444827723193594,0,0,0.7877207062600321,0.2577424780478101,SAMD4A
GO_Biological_Process_2021,negative regulation of protein kinase activity (GO:0006469),1/90,0.720939300032337,0.7444827723193594,0,0,0.7877207062600321,0.2577424780478101,GADD45A
GO_Biological_Process_2021,regulation of actin cytoskeleton organization (GO:0032956),1/91,0.7248778059099598,0.7475601876726777,0,0,0.7789285714285714,0.2506219674052841,RND3
GO_Biological_Process_2021,sensory perception of sound (GO:0007605),1/91,0.7248778059099598,0.7475601876726777,0,0,0.7789285714285714,0.2506219674052841,SNAI2
GO_Biological_Process_2021,positive regulation of supramolecular fiber organization (GO:1902905),1/91,0.7248778059099598,0.7475601876726777,0,0,0.7789285714285714,0.2506219674052841,CX3CL1
GO_Biological_Process_2021,regulation of nucleic acid-templated transcription (GO:1903506),5/430,0.7252858686333357,0.7476515121594738,0,0,0.8224211423699914,0.264152953495964,BMP2;BNC2;BNC1;SNAI2;NKX3-1
GO_Biological_Process_2021,protein-containing complex assembly (GO:0065003),3/267,0.727136463753067,0.7492291172092368,0,0,0.7952501635055592,0.25339939563235,TRAF1;TNF;CX3CL1
GO_Biological_Process_2021,negative regulation of mitotic cell cycle phase transition (GO:1901991),1/92,0.7287609206036718,0.7505724270301902,0,0,0.7703296703296704,0.243739668992481,CCL2
GO_Biological_Process_2021,central nervous system development (GO:0007417),3/268,0.7294635368639069,0.7509655416900757,0,0,0.792208497353061,0.2498989192706746,C3;COL4A1;NRCAM
GO_Biological_Process_2021,regulation of heart contraction (GO:0008016),1/93,0.7325894203633977,0.7535205466594947,0,0,0.7619177018633541,0.2370858322091195,ANK2
GO_Biological_Process_2021,visual perception (GO:0007601),1/93,0.7325894203633977,0.7535205466594947,0,0,0.7619177018633541,0.2370858322091195,BEST1
GO_Biological_Process_2021,ubiquitin-dependent protein catabolic process (GO:0006511),4/354,0.7357325842601292,0.7564210224818552,0,0,0.7991335740072202,0.2452449540755007,DTX3L;NEDD4;TNFAIP3;UBE2L6
GO_Biological_Process_2021,sensory perception of light stimulus (GO:0050953),1/95,0.7400856262070692,0.760228430783381,0,0,0.7456306990881459,0.2244269280813355,BEST1
GO_Biological_Process_2021,mRNA metabolic process (GO:0016071),1/95,0.7400856262070692,0.760228430783381,0,0,0.7456306990881459,0.2244269280813355,EREG
GO_Biological_Process_2021,double-strand break repair via homologous recombination (GO:0000724),1/97,0.7473724194549879,0.7670401147038034,0,0,0.7300223214285714,0.2125764149708853,SAMHD1
GO_Biological_Process_2021,protein maturation (GO:0051604),1/97,0.7473724194549879,0.7670401147038034,0,0,0.7300223214285714,0.2125764149708853,DUOXA2
GO_Biological_Process_2021,DNA metabolic process (GO:0006259),3/277,0.7497128724108737,0.7691048318463151,0,0,0.7658325894029302,0.2206095514933815,GADD45A;CBS;SAMHD1
GO_Biological_Process_2021,response to UV (GO:0009411),1/99,0.7544556300331724,0.7736311017868639,0,0,0.7150510204081633,0.2014719243252899,NEDD4
GO_Biological_Process_2021,regulation of transforming growth factor beta receptor signaling pathway (GO:0017015),1/100,0.7579226692154171,0.7768458370407691,0,0,0.7077922077922078,0.196181539398202,ZEB2
KEGG_2021_Human,Antigen processing and presentation,1/78,0.6690586665776297,0.7770837637854761,0,0,0.9110389610389612,0.3661315534089972,TNF
GO_Biological_Process_2021,protein localization to membrane (GO:0072657),2/195,0.7621355899467227,0.780821926652947,0,0,0.7252400319423552,0.1969975297510383,ANK2;TNF
GO_Biological_Process_2021,positive regulation of cell growth (GO:0030307),1/102,0.7647110839640491,0.783117696488348,0,0,0.6937057991513437,0.1860915645592789,SEMA7A
KEGG_2021_Human,Parkinson disease,3/249,0.6825567430243991,0.7852039551292519,0,0,0.8542288120722934,0.3262381970961958,DUSP1;NDUFA4L2;UBE2L6
KEGG_2021_Human,cGMP-PKG signaling pathway,2/167,0.6830922300227573,0.7852039551292519,0,0,0.8495275333985012,0.3237765140890654,ADRB2;CREB5
GO_Biological_Process_2021,cellular response to organonitrogen compound (GO:0071417),1/103,0.7680338178032144,0.7861763489324242,0,0,0.6868697478991597,0.1812797032409561,SLC5A5
GO_Biological_Process_2021,activation of GTPase activity (GO:0090630),1/105,0.7745396637515252,0.792489205587481,0,0,0.673592032967033,0.1720936092041623,RASGRP1
GO_Biological_Process_2021,protein processing (GO:0016485),1/106,0.7777240780378124,0.7953996252659445,0,0,0.6671428571428571,0.1677086885406457,C1R
GO_Biological_Process_2021,response to calcium ion (GO:0051592),1/107,0.7808636729804264,0.7982616840428998,0,0,0.6608153638814016,0.1634557853093895,NEDD4
KEGG_2021_Human,Insulin secretion,1/86,0.704615450695179,0.8057910025898712,0,0,0.8249579831932773,0.2888203349065059,CREB5
GO_Biological_Process_2021,regulation of cellular macromolecule biosynthetic process (GO:2000112),5/468,0.7899083413724344,0.8071552483892998,0,0,0.7534353773437256,0.1776889666455303,BMP2;BNC2;BNC1;SNAI2;NKX3-1
GO_Biological_Process_2021,DNA repair (GO:0006281),3/298,0.792252682636488,0.8091974148273164,0,0,0.7105474942080234,0.1654686726218982,DTX3L;GADD45A;PARP9
GO_Biological_Process_2021,Fc-epsilon receptor signaling pathway (GO:0038095),1/111,0.7929862988551827,0.8095933417631447,0,0,0.6366558441558442,0.1476718997437166,VAV1
GO_Biological_Process_2021,Fc receptor signaling pathway (GO:0038093),1/112,0.7959110516095681,0.8108105619357376,0,0,0.6308880308880309,0.1440114503579865,VAV1
GO_Biological_Process_2021,protein-containing complex subunit organization (GO:0043933),1/112,0.7959110516095681,0.8108105619357376,0,0,0.6308880308880309,0.1440114503579865,TRAF1
GO_Biological_Process_2021,regulation of macroautophagy (GO:0016241),1/112,0.7959110516095681,0.8108105619357376,0,0,0.6308880308880309,0.1440114503579865,NEDD4
GO_Biological_Process_2021,phosphatidylinositol metabolic process (GO:0046488),1/112,0.7959110516095681,0.8108105619357376,0,0,0.6308880308880309,0.1440114503579865,PLA2G4C
GO_Biological_Process_2021,mitotic cell cycle phase transition (GO:0044772),2/209,0.7948595540851545,0.8108105619357376,0,0,0.6757051581736013,0.155135040140402,INHBA;BCAT1
KEGG_2021_Human,Gap junction,1/88,0.712892954337072,0.8110975960059543,0,0,0.8059113300492611,0.2727397391912545,PDGFB
GO_Biological_Process_2021,"nuclear-transcribed mRNA catabolic process, nonsense-mediated decay (GO:0000184)",1/113,0.7987946271085025,0.8133940067162296,0,0,0.6252232142857143,0.1404572726943387,HELZ2
GO_Biological_Process_2021,cellular response to transforming growth factor beta stimulus (GO:0071560),1/114,0.801637603041323,0.8155791265724764,0,0,0.6196586599241467,0.1370056868309825,ANKRD1
GO_Biological_Process_2021,phosphate-containing compound metabolic process (GO:0006796),2/212,0.801333939939055,0.8155791265724764,0,0,0.6659498207885305,0.1474929114229005,PLA2G4C;HK2
GO_Biological_Process_2021,cellular response to lectin (GO:1990858),1/115,0.8044405490888231,0.8177197588478914,0,0,0.6141917293233082,0.1336531648068071,FYN
GO_Biological_Process_2021,stimulatory C-type lectin receptor signaling pathway (GO:0002223),1/115,0.8044405490888231,0.8177197588478914,0,0,0.6141917293233082,0.1336531648068071,FYN
GO_Biological_Process_2021,sphingolipid metabolic process (GO:0006665),1/116,0.807204026810403,0.8201725674061412,0,0,0.6088198757763975,0.1303963234019813,ST6GALNAC3
GO_Biological_Process_2021,innate immune response activating cell surface receptor signaling pathway (GO:0002220),1/119,0.8152631497944478,0.828001636509986,0,0,0.5932506053268766,0.1211680751796153,FYN
KEGG_2021_Human,Salivary secretion,1/93,0.7325894203633977,0.8292763489392776,0,0,0.7619177018633541,0.2370858322091195,ADRB2
GO_Biological_Process_2021,regulation of mRNA catabolic process (GO:0061013),1/122,0.8229865359906687,0.8351207693920923,0,0,0.5784533648170012,0.112691645693032,SAMD4A
GO_Biological_Process_2021,potassium ion transport (GO:0006813),1/122,0.8229865359906687,0.8351207693920923,0,0,0.5784533648170012,0.112691645693032,KCNQ3
GO_Biological_Process_2021,fatty acid metabolic process (GO:0006631),1/124,0.8279558470172916,0.8397991686261216,0,0,0.5689895470383275,0.1074226380774247,CYP1A1
KEGG_2021_Human,Amyotrophic lateral sclerosis,4/364,0.755233338932867,0.840879379278796,0,0,0.7765342960288809,0.217995323104054,DNAH17;NDUFA4L2;TNFRSF1B;TNF
KEGG_2021_Human,Glycerophospholipid metabolism,1/98,0.7509391146482406,0.840879379278796,0,0,0.722459499263623,0.2069345821742887,PLA2G4C
KEGG_2021_Human,Progesterone-mediated oocyte maturation,1/100,0.7579226692154171,0.840879379278796,0,0,0.7077922077922078,0.196181539398202,RPS6KA2
KEGG_2021_Human,Aldosterone synthesis and secretion,1/98,0.7509391146482406,0.840879379278796,0,0,0.722459499263623,0.2069345821742887,CREB5
GO_Biological_Process_2021,transcription by RNA polymerase II (GO:0006366),3/320,0.8302081540244342,0.8415366871190758,0,0,0.6604861221432948,0.122902479326119,ETV7;MAF;IRF9
GO_Biological_Process_2021,protein targeting (GO:0006605),1/125,0.8303881241700624,0.8415366871190758,0,0,0.5643721198156681,0.1048953693157935,RTP4
GO_Biological_Process_2021,negative regulation of growth (GO:0045926),1/126,0.8327861351495527,0.8436015395021442,0,0,0.5598285714285715,0.1024365420380156,INHBA
GO_Biological_Process_2021,cellular response to insulin stimulus (GO:0032869),1/129,0.8397793481913922,0.850317470691414,0,0,0.5466238839285714,0.0954493320772028,GRB10
GO_Biological_Process_2021,protein glycosylation (GO:0006486),1/130,0.8420450382463031,0.8518743577589057,0,0,0.542358803986711,0.0932432891179549,FUT1
GO_Biological_Process_2021,positive regulation of canonical Wnt signaling pathway (GO:0090263),1/130,0.8420450382463031,0.8518743577589057,0,0,0.542358803986711,0.0932432891179549,ZEB2
KEGG_2021_Human,Diabetic cardiomyopathy,2/203,0.7813513680172846,0.8569748733476992,0,0,0.6960894452468839,0.1717463822150478,NDUFA4L2;MMP9
KEGG_2021_Human,Glucagon signaling pathway,1/107,0.7808636729804264,0.8569748733476992,0,0,0.6608153638814016,0.1634557853093895,CREB5
KEGG_2021_Human,Drug metabolism,1/108,0.7839590769638146,0.8569748733476992,0,0,0.6546061415220293,0.1593301252764191,XDH
GO_Biological_Process_2021,anterograde trans-synaptic signaling (GO:0098916),2/244,0.8598704870215174,0.8695319531678266,0,0,0.5769424449776356,0.0871030188102343,RPS6KA2;KCNQ3
GO_Biological_Process_2021,potassium ion transmembrane transport (GO:0071805),1/139,0.8610520244153447,0.8703506423895924,0,0,0.5067546583850931,0.0758106758462997,KCNQ3
KEGG_2021_Human,Glutamatergic synapse,1/114,0.801637603041323,0.8720252950156832,0,0,0.6196586599241467,0.1370056868309825,PLA2G4C
GO_Biological_Process_2021,chromatin organization (GO:0006325),1/142,0.8668668367147421,0.8758499127428742,0,0,0.4958966565349544,0.0708487081440027,LOXL2
GO_Biological_Process_2021,regulation of mRNA stability (GO:0043488),1/146,0.8742444250991432,0.8829227253914523,0,0,0.4821182266009852,0.0647944139800332,SAMD4A
GO_Biological_Process_2021,positive regulation of cytosolic calcium ion concentration (GO:0007204),1/147,0.8760242584333879,0.88433855251688,0,0,0.4787915851272015,0.0633735705531961,C1QTNF1
KEGG_2021_Human,AMPK signaling pathway,1/120,0.8178742154497517,0.8853686895402652,0,0,0.5882352941176471,0.1182627794395074,CREB5
GO_Biological_Process_2021,regulation of cytosolic calcium ion concentration (GO:0051480),1/148,0.8777789894724821,0.8857278289631773,0,0,0.4755102040816326,0.0619877182172129,C1QTNF1
GO_Biological_Process_2021,brain development (GO:0007420),1/150,0.881214551048365,0.888811228212575,0,0,0.4690795781399808,0.0593170600047025,COL4A1
KEGG_2021_Human,Cell cycle,1/124,0.8279558470172916,0.8919524342263576,0,0,0.5689895470383275,0.1074226380774247,GADD45A
KEGG_2021_Human,Oxidative phosphorylation,1/133,0.8486523317231877,0.892686179123919,0,0,0.5299512987012988,0.0869680181400127,NDUFA4L2
KEGG_2021_Human,Oocyte meiosis,1/129,0.8397793481913922,0.892686179123919,0,0,0.5466238839285714,0.0954493320772028,RPS6KA2
KEGG_2021_Human,Dopaminergic synapse,1/132,0.8464810848136262,0.892686179123919,0,0,0.5340239912758997,0.0890044023545794,CREB5
KEGG_2021_Human,Vascular smooth muscle contraction,1/133,0.8486523317231877,0.892686179123919,0,0,0.5299512987012988,0.0869680181400127,PLA2G4C
KEGG_2021_Human,Lysosome,1/128,0.8374812761590936,0.892686179123919,0,0,0.5509561304836895,0.0977155806308756,LAMP3
KEGG_2021_Human,Insulin signaling pathway,1/137,0.857035576641416,0.89694935373956,0,0,0.5142594537815126,0.0793378134504168,HK2
KEGG_2021_Human,Neuroactive ligand-receptor interaction,3/341,0.8607496040370665,0.89694935373956,0,0,0.6187795325869482,0.0927870037201264,C3;PTAFR;ADRB2
GO_Biological_Process_2021,regulation of signal transduction by p53 class mediator (GO:1901796),1/156,0.8909544709778738,0.8982479371340907,0,0,0.4507834101382488,0.0520483322867022,PRDM1
KEGG_2021_Human,Spinocerebellar ataxia,1/143,0.868750708230186,0.901076315978286,0,0,0.4923792756539235,0.0692773046328376,VLDLR
KEGG_2021_Human,Retrograde endocannabinoid signaling,1/148,0.8777789894724821,0.9062255307979792,0,0,0.4755102040816326,0.0619877182172129,NDUFA4L2
GO_Biological_Process_2021,inorganic cation transmembrane transport (GO:0098662),2/274,0.9000012847820394,0.9069780389276366,0,0,0.5125184482395109,0.0539984763528558,SLC6A15;KCNQ3
KEGG_2021_Human,Cushing syndrome,1/155,0.8893882640428904,0.9097870774383696,0,0,0.4537337662337662,0.0531873056522491,CREB5
KEGG_2021_Human,Oxytocin signaling pathway,1/154,0.8877996426607451,0.9097870774383696,0,0,0.4567226890756302,0.0543541968622444,PLA2G4C
GO_Biological_Process_2021,regulation of neuron projection development (GO:0010975),1/165,0.9040922504274403,0.910708508824886,0,0,0.4258493031358885,0.0429357777017313,CX3CL1
GO_Biological_Process_2021,cellular protein-containing complex assembly (GO:0034622),1/168,0.9081110359965976,0.9143630913218754,0,0,0.4181351582549187,0.0403034715121278,ADRB2
KEGG_2021_Human,Hepatocellular carcinoma,1/168,0.9081110359965976,0.920215043922303,0,0,0.4181351582549187,0.0403034715121278,GADD45A
KEGG_2021_Human,Protein processing in endoplasmic reticulum,1/171,0.9119619942010267,0.920215043922303,0,0,0.4106932773109243,0.0378482450799033,PPP1R15A
KEGG_2021_Human,Tight junction,1/169,0.9094129852355172,0.920215043922303,0,0,0.415625,0.0394660703716482,NEDD4
GO_Biological_Process_2021,cation transport (GO:0006812),1/174,0.9156521093712816,0.9215595423349672,0,0,0.4035094962840627,0.035556764414161,SLC5A5
GO_Biological_Process_2021,glycerophospholipid biosynthetic process (GO:0046474),1/177,0.919188076601704,0.9247205929699,0,0,0.3965706168831169,0.0334168342746789,PLA2G4C
GO_Biological_Process_2021,protein stabilization (GO:0050821),1/179,0.9214629302626954,0.9266107678619284,0,0,0.3920746388443017,0.0320688551868348,ANK2
GO_Biological_Process_2021,endoplasmic reticulum to Golgi vesicle-mediated transport (GO:0006888),1/185,0.9279116732715392,0.9326947231337638,0,0,0.3791731366459627,0.0283692526818819,ANK2
KEGG_2021_Human,Alcoholism,1/186,0.9289339418382132,0.9331183289636106,0,0,0.3771042471042471,0.0277992386891797,CREB5
GO_Biological_Process_2021,chemical synaptic transmission (GO:0007268),2/306,0.9308574899406068,0.9352539830231944,0,0,0.4578145632899453,0.0328019947659707,RPS6KA2;KCNQ3
GO_Biological_Process_2021,organelle organization (GO:0006996),3/420,0.9367027025634675,0.9407228858362722,0,0,0.499508307023446,0.032662515311347,NEDD9;TNFAIP3;CCL2
GO_Biological_Process_2021,proteasomal protein catabolic process (GO:0010498),1/205,0.9458309432894798,0.9494828002133774,0,0,0.3416491596638655,0.0190269312105812,NEDD4
GO_Biological_Process_2021,regulation of cell growth (GO:0001558),1/217,0.9543728666631984,0.957646873066846,0,0,0.3224702380952381,0.01505963045719,INHBA
GO_Biological_Process_2021,cilium organization (GO:0044782),1/228,0.9610177971410694,0.963901262456109,0,0,0.3066708621774701,0.0121939543976694,ABLIM3
KEGG_2021_Human,Endocytosis,1/252,0.972356448008036,0.972356448008036,0,0,0.2770062606715993,0.0077652682198769,NEDD4
GO_Biological_Process_2021,plasma membrane bounded cell projection assembly (GO:0120031),1/278,0.9809593731382544,0.9834811195987642,0,0,0.2506704486848891,0.0048189473616057,ABLIM3
GO_Biological_Process_2021,organelle assembly (GO:0070925),2/425,0.9835257396162924,0.9856317904505884,0,0,0.3270037367497903,0.0054320127793725,ABLIM3;PLA2G4C
GO_Biological_Process_2021,cellular macromolecule biosynthetic process (GO:0034645),1/314,0.9886458534576398,0.9899149752207432,0,0,0.2214285714285714,0.0025285143290737,INHBA
GO_Biological_Process_2021,cilium assembly (GO:0060271),1/314,0.9886458534576398,0.9899149752207432,0,0,0.2214285714285714,0.0025285143290737,ABLIM3
GO_Biological_Process_2021,proteasome-mediated ubiquitin-dependent protein catabolic process (GO:0043161),1/321,0.9897328149156518,0.9905794640302076,0,0,0.2165066964285714,0.0022344045766576,NEDD4
GO_Biological_Process_2021,intracellular protein transport (GO:0006886),1/336,0.9917252787194524,0.9921492741357496,0,0,0.2066524520255863,0.00171710556585,SCG5
GO_Biological_Process_2021,gene expression (GO:0010467),1/356,0.9937952850802269,0.9937952850802269,0,0,0.1948088531187122,0.0012124989045346,DUOXA2
